Order_ID,Customer_ID,Customer_Name,Customer_Age,Customer_Gender,State,City,Area,Pincode,Order_Date,Delivery_Date,Product_ID,Product_Name,Category,Sub_Category,Brand,Item_Weight,Item_MRP,Selling_Price,Discount_Percentage,Quantity,Total_Amount,Payment_Method,Delivery_Status,Delivery_Time_Minutes,Customer_Rating,Feedback,Stock_Availability,Order_Status
ORD103700,CUST5921,Anthony Varma,22,Male,Delhi,New Delhi,Dwarka,234262,14-11-2025,16-11-2025,P917,Namkeen,Snacks,Snacks,Haldiram,0.19,628,563,10,3,1688,GPAY,Pending,23,3,Good,Out of Stock,Cancelled
ORD101762,CUST1304,Wriddhish Goda,56,Other,Delhi,New Delhi,Rohini,773629,09-01-2024,09-04-2024,P481,Frozen Peas,Frozen Food,Frozen Food,Safal,2.72,786,767,2,3,2301,GPAY,Returned,22,3,Damaged item,Out of Stock,Delivered
ORD100812,CUST8560,Varenya Wagle,79,Male,Karnataka,Mysore,VV Mohalla,203725,21-04-2025,24-04-2025,P770,Paneer,Dairy,Dairy,Mother Dairy,2.31,43,28,36,6,166,UPI,Delivered,5,2,Average,Out of Stock,Delivered
ORD104135,CUST6632,David Anand,24,Other,West Bengal,Kolkata,Park Street,385470,16-02-2024,19-02-2024,P126,Sugar,Grocery,Grocery,Madhur,4.64,515,394,24,7,2757,CASH,Pending,67,1,Excellent,In Stock,Pending
ORD103762,CUST2568,Upkaar Mall,21,Other,Maharashtra,Hyderbad,Sitabuldi,593348,22-05-2024,23-05-2024,P439,Soap,Personal Care,Personal Care,Dove,4.79,249,150,40,7,1047,GOOGLE PAY,Cancelled,84,3,Average,Limited,Delivered
ORD101059,CUST1548,Adweta Garde,63,Female,Telangana,Hyderabad, Madhapur ,574377,20-11-2024,23-11-2024,P465,Banana,Fruits & Vegetables,Fruits & Vegetables,FreshFarm,3.66,528,361,32,4,1444,UPI,Pending,43,3,Average,Out of Stock,Cancelled
ORD100738,CUST6837,Chandran Buch,25,Male,Karnataka,Bangalore,Indiranagar,814157,04-11-2025,07-11-2025,P181,Frozen Peas,Frozen Food,Frozen Food,Safal,1.9,101,98,4,4,520,CASH,Returned,75,5,Excellent,Out of Stock,Pending
ORD100564,CUST7172,Darika Sane,33,Male,Karnataka,Mysore,Gokulam,906377,24-10-2024,28-10-2024,P328,Chips,Snacks,Snacks,Lay's,1.77,353,309,13,6,1852,CASH ON DELIVERY,Returned,4,3,Damaged item,Limited,Delivered
ORD103432,CUST3287, Radhika Nigam ,21,Female,Maharashtra,Mumbai,Powai,745988,29-12-2025,31-12-2025,P625,Banana,Fruits & Vegetables,Fruits & Vegetables,FreshFarm,2.23,400,377,6,4,1506,CASH,Delivered,46,3,Excellent,In Stock,Returned
ORD100796,CUST2821,Chakrika Murty,51,Other,Delhi,New Delhi,Saket,85797,23-06-2024,27-06-2024,P246,Soap,Personal Care,Personal Care,Dove,0.45,663,633,4,6,3801,CASH ON DELIVERY,Returned,74,5,Average,Limited,Delivered
ORD100057,null,Madhavi Sahni,46,Male,West Bengal,Unknown,Howrah,766128,07-05-2025,09-05-2025,P457,Curd,Dairy,Dairy,Britannia,4.66,406,323,19,2,1488,Unknown,Pending,26,5,Average,In Stock,Pending
ORD103639,CUST4027,Chavvi Ramanathan,44,Female,Delhi,New Delhi,Dwarka,306209,02-02-2025,05-02-2025,P796,Cleaner,Household Items,Household Items,Lizol,1.03,584,391,33,7,2739,UPI,Returned,70,3,Excellent,In Stock,Delivered
ORD104751,CUST7297,Zaitra Hari,68,Female,Tamil Nadu,Chennai,Velachery,265562,13-06-2024,15-06-2024,P756,Soap,Personal Care,Personal Care,Dove,0.91,77,70,10,4,279,CASH,Returned,33,1,Excellent,Limited,Delivered
ORD104610,CUST9734,Frederick Gara,62,Other,Telangana,Hyderabad,Madhapur,356477,15-07-2025,15-07-2025,P205,Cake,Bakery,Bakery,Monginis,4.05,385,354,8,2,708,UPI,Delivered,36,4,Average,In Stock,Delivered
ORD101583,CUST8117,Frado Kumar,64,Other,Tamil Nadu,Chennai,Anna Nagar,710156,20-02-2025,23-02-2025,P912,Rice,Grocery,Grocery,India Gate,2.59,372,260,30,3,779,UPI,Cancelled,45,5,Damaged item,Limited,Returned
ORD104073,null,Omkaar Kata,58,Female,Gujarat,Unknown,Navrangpura,460904,29-05-2024,30-05-2024,P515,Paneer,Dairy,Dairy,Mother Dairy,4.2,406,323,34,4,1488,Unknown,Pending,61,5,Average,Limited,Pending
ORD100997,CUST6972,Raghav Nayak,78,Male,Delhi,New Delhi,Saket,382181,21-10-2024,23-10-2024,P305,Rice,Grocery,Grocery,India Gate,4.79,34,30,11,1,30,UPI,Pending,56,5,Good,Out of Stock,Pending
ORD104158,CUST7927,Vedhika Sami,75,Male,Delhi,New Delhi,Rohini,144141,18-02-2024,22-02-2024,P926,Rice,Grocery,Grocery,India Gate,4.06,525,412,21,1,412,GOOGLE PAY,Delivered,60,4,Average,Out of Stock,Returned
ORD102133,CUST9225,Ridhi Ahluwalia,36,Other,maharashtra,New Delhi,Rohini,330829,08-10-2025,08-12-2025,P666,Frozen Peas,Frozen Food,Frozen Food,Safal,2.55,429,425,1,8,3396,GOOGLE PAY,Cancelled,50,4,Late delivery,In Stock,Pending
ORD100929,CUST9847,Kamya Soni,27,Other,Karnataka,Mysore,VV Mohalla,446348,10-08-2025,12-10-2025,P967,Chips,Snacks,Snacks, Lay's ,3.31,513,376,27,1,376,Debit Card,Delivered,90,2,Average,In Stock,Returned
ORD101267,CUST5490,Liam Ghosh,18,Male,Delhi,New Delhi,Saket,688009,01-02-2025,01-02-2025,P887,Paneer,Dairy,Dairy,Mother Dairy,0.17,147,92,37,6,554,GOOGLE PAY,Returned,59,5,Average,In Stock,Returned
ORD101069,CUST6333,Daksh Seshadri,33,Female,Gujarat,Ahmedabad,Navrangpura,262837,20-09-2025,24-09-2025,P859,Ice Cream,Frozen Food,Frozen Food, Amul ,4.87,538,390,27,5,1949,CASH,Delivered,47,4,Average,Limited,Cancelled
ORD102284,CUST6680,Jagdish Pillai,67,Other,Karnataka,Mysore,VV Mohalla,901767,29-10-2024,31-10-2024,P437,Rice,Grocery,Grocery,India Gate,2.72,608,433,29,4,1733,UPI,Pending,891,2,Damaged item,Limited,Returned
ORD103511,CUST8300, Jalsa Chaudhari ,29,Male,Tamil Nadu,Coimbatore,Peelamedu,569333,27-05-2024,30-05-2024,P978,Ice Cream,Frozen Food,Frozen Food,Amul,2.3,180,117,35,2,235,GOOGLE PAY,Delivered,39,4,Excellent,In Stock,Pending
ORD101656,CUST1753,Fitan Ahluwalia,38,Other,West Bengal,Kolkata,Howrah,50134,03-01-2025,04-01-2025,P729,Milk,Dairy,Dairy,Amul,1.41,420,284,32,7,1987,CASH,Returned,54,4,Average,In Stock,Returned
ORD100832,CUST1810,Ikbal Pandya,56,Male,Maharashtra,Pune,Wakad,613458,31-12-2025,04-01-2026,P133,Chips,Snacks,Snacks,Lay's,4.7,61,38,38,7,267,UPI,Cancelled,83,1,Late delivery,In Stock,Returned
ORD101091,CUST9014,Nandini Khatri,63,Other,Karnataka,Bangalore,Whitefield,268749,01-02-2024,04-01-2024,P397,Soft Drink,Beverages,Beverages,Coca-Cola,0.71,383,268,30,1,268,GOOGLE PAY,Cancelled,71,3,Good,Limited,Pending
ORD102462,CUST2148,Qasim Varughese,54,Other,Delhi,PUNE,Dwarka,639591,28-05-2024,28-05-2024,P213,Rice,Grocery,Grocery,India Gate,2.22,283,235,17,6,1407,GOOGLE PAY,Cancelled,42,4,Average,In Stock,Delivered
ORD101735,CUST6200,Sachi Sama,59,Other,West Bengal,Kolkata,Howrah,911398,22-03-2025,26-03-2025,P607,Juice,Beverages,Beverages,Real,2.18,714,499,30,2,998,GOOGLE PAY,Returned,22,2,Average,Out of Stock,Pending
ORD100093,CUST8353, Ishanvi Bala ,26,Other,maharashtra,Mumbai,Bandra,676090,02-02-2025,02-04-2025,P517,Frozen Peas,Frozen Food,Frozen Food,Safal,0.61,103,62,40,6,372,UPI,Cancelled,63,1,Average,Limited,Cancelled
ORD103401,CUST3084,Balhaar Naik,26,Female,maharashtra,Ahmedabad,Navrangpura,979768,30-09-2024,10-03-2024,P122,Namkeen,Snacks,Snacks,Haldiram,0.9,793,632,20,6,3789,CASH,Returned,20,1,Damaged item,Out of Stock,Cancelled
ORD104044,CUST3301,Tara Borde,41,Other,Karnataka,Bangalore,Koramangala,239844,26-01-2025,30-01-2025,P541,Detergent,Household Items,Household Items,Surf Excel,0.73,96,82,14,7,576,UPI,Returned,64,4,Average,In Stock,Returned
ORD102082,CUST8098,Dayamai Dhingra,73,Male,Telangana,Hyderabad,Gachibowli,172673,11-07-2024,11-07-2024,P758,Juice,Beverages,Beverages,Real,4.85,463,420,9,5,2099,UPI,Delivered,78,1,Average,Out of Stock,Delivered
ORD101185,null, Sanya Varkey ,68,Female,Maharashtra,PUNE, Wakad ,638500,06-12-2024,09-12-2024,P690,Sugar,Grocery,Grocery,Madhur,3.64,406,323,21,1,1488,Unknown,Pending,90,4,Average,In Stock,Pending
ORD103879,CUST9305,Baghyawati Kant,36,Female,Gujarat,Surat,Vesu,605495,12-05-2025,12-09-2025,P546,Tea,Beverages,Beverages,Tata Tea,3.02,65,64,2,8,514,CASH,Pending,42,4,Average,In Stock,Returned
ORD101056,CUST4214,Yashvi Mahajan,24,Male,Karnataka,pune, Gokulam ,489925,05-10-2025,09-10-2025,P795,Juice,Beverages,Beverages,Real,2.17,334,305,9,5,1525,GPAY,Delivered,27,2,Average,In Stock,Returned
ORD101269,CUST9743,Hema Chatterjee,45,Female,Karnataka,Mysore,VV Mohalla,604597,12-11-2025,16-11-2025,P870,Juice,Beverages,Beverages,Real,2.01,246,183,26,1,183,UPI,Cancelled,32,1,Good,Out of Stock,Cancelled
ORD102000,null,Arin Nagy,88,Female,Maharashtra,Unknown,Andheri,135942,10-09-2025,14-09-2025,P396,Curd,Dairy,Dairy,Britannia,0.82,406,323,14,2,1488,Unknown,Pending,9,2,Average,In Stock,Pending
ORD100869,CUST7491,Jackson Kapoor,35,Other,Delhi,New Delhi,Rohini,717376,08-11-2024,11-11-2024,P655,Frozen Peas,Frozen Food,Frozen Food,Safal,3.79,595,427,28,7,2988,Debit Card,Cancelled,14,3,Damaged item,Out of Stock,Pending
ORD103260,CUST7213,Robert Ramachandran,70,Male,Gujarat,Surat, Vesu ,877043,03-11-2024,06-11-2024,P276,Juice,Beverages,Beverages,Real,0.4,309,222,28,8,1774,GPAY,Delivered,84,2,Good,Out of Stock,Delivered
ORD101206,CUST2270,Ira Malhotra,21,Female,Karnataka,Bangalore,Whitefield,677703,19-03-2024,20-03-2024,P455,Namkeen,Snacks,Snacks,Haldiram,3.15,403,379,6,1,379,CASH,Cancelled,61,4,Damaged item,In Stock,Cancelled
ORD101777,CUST4858,Wahab Khurana,67,Other,Gujarat,Surat,Vesu,125599,06-05-2025,05-09-2025,P595,Cleaner,Household Items,Household Items,Lizol,0.5,499,308,38,4,1230,CASH,Delivered,69,1,Late delivery,In Stock,Pending
ORD100023,CUST8532,Reyansh Lanka,24,Other,Maharashtra,pune,Sitabuldi,642644,12-02-2024,14-02-2024,P280,Apple,Fruits & Vegetables,Fruits & Vegetables,Kashmir Fresh,3.7,536,336,37,7,2370,CASH ON DELIVERY,Cancelled,54,5,Average,Out of Stock,Returned
ORD102993,CUST1774,Chandani Deep,75,Male,Tamil Nadu,Chennai, Velachery ,971667,26-01-2024,27-01-2024,P494,Tea,Beverages,Beverages,Tata Tea,0.11,159,147,7,5,735,Debit Card,Pending,21,5,Good,Limited,Pending
ORD100885,CUST5120,Baljiwan Parikh,51,Other,Karnataka,Mysore,Gokulam,927010,28-12-2025,31-12-2025,P435,Ice Cream,Frozen Food,Frozen Food,Amul,1.08,497,372,25,8,2837,CASH,Pending,74,1,Late delivery,In Stock,Returned
ORD102441,CUST2103,Bhanumati Sarkar,61,Female,Karnataka,Bangalore,Whitefield,691089,23-01-2024,27-01-2024,P583,Cleaner,Household Items,Household Items,Lizol,0.34,425,268,37,8,2144,CASH,Returned,70,4,Average,Limited,Cancelled
ORD103885,CUST8348,Raksha Zachariah,73,Male,Telangana,Hyderabad,Banjara Hills,350848,23-10-2025,26-10-2025,P799,Paneer,Dairy,Dairy,Mother Dairy,1.92,104,77,26,8,615,GOOGLE PAY,Delivered,62,3,Damaged item,Out of Stock,Returned
ORD100021,CUST9837,Ronith Vasa,71,Male,Karnataka,Bangalore,Indiranagar,826545,04-08-2024,07-08-2024,P765,Ice Cream,Frozen Food,Frozen Food,Amul,0.44,283,270,5,6,1618,CASH ON DELIVERY,Delivered,10,2,Late delivery,In Stock,Pending
ORD104900,CUST4247,Harinakshi Naidu,33,Other,Gujarat,Surat,Adajan,492847,11-10-2025,15-10-2025,P373,Namkeen,Snacks,Snacks,Haldiram,3.04,432,273,37,3,819,Debit Card,Delivered,61,2,Damaged item,In Stock,Returned
ORD104616,CUST1058,Chameli Sood,25,Male,West Bengal,Kolkata, Howrah ,837798,30-08-2025,30-08-2025,P605,Rice,Grocery,Grocery,India Gate,0.7,334,262,22,3,785,GOOGLE PAY,Returned,47,5,Late delivery,Out of Stock,Returned
ORD100439,CUST9844,Lavanya Vasa,19,Other,Tamil Nadu,Chennai,T Nagar,352037,12-09-2025,12-09-2025,P600,Soft Drink,Beverages,Beverages,Coca-Cola,4.18,540,354,34,4,1417,UPI,Cancelled,13,3,Average,Out of Stock,Returned
ORD104618,CUST7846,Harshil Brahmbhatt,57,Male,Delhi,New Delhi,Rohini,497409,26-06-2024,29-06-2024,P455,Milk,Dairy,Dairy,Amul,0.42,614,378,39,5,1889,UPI,Pending,54,2,Damaged item,Out of Stock,Pending
ORD100111,CUST2195,Luke Jain,61,Male,Tamil Nadu,Chennai,T Nagar,704791,24-06-2025,24-06-2025,P114,Bread,Bakery,Bakery,Britannia,1.38,748,489,35,6,2932,UPI,Delivered,68,5,Excellent,Limited,Returned
ORD100500,CUST6373,Damyanti Padmanabhan,35,Female,Telangana,Hyderabad,Gachibowli,946465,08-07-2024,07-10-2024,P248,Atta,Grocery,Grocery,Aashirvaad,2.94,574,451,22,6,2704,Debit Card,Delivered,24,4,Average,In Stock,Pending
ORD100981,CUST3284,Wridesh Sridhar,75,Male,Tamil Nadu,Chennai,T Nagar,699146,15-04-2024,18-04-2024,P897,Cake,Bakery,Bakery,Monginis,1.45,645,515,20,4,2061,Debit Card,Delivered,75,3,Late delivery,Limited,Returned
ORD101182,CUST6402,Yochana Sur,49,Male,Telangana,Hyderabad,Gachibowli,70257,04-06-2025,07-04-2025,P827,Tea,Beverages,Beverages,Tata Tea,1.85,484,300,38,5,1502,GOOGLE PAY,Cancelled,62,4,Good,In Stock,Delivered
ORD101240,CUST3408,Laksh Guha,53,Female,Gujarat,Surat,Adajan,546533,16-11-2025,19-11-2025,P442,Atta,Grocery,Grocery,Aashirvaad,4.66,456,427,6,5,2135,UPI,Delivered,23,3,Average,Limited,Delivered
ORD101453,null,Madhav Korpal,28,Female,West Bengal,Unknown,Howrah,750851,27-10-2024,27-10-2024,P704,Toothpaste,Personal Care,Personal Care,Colgate,1.72,406,323,16,6,1488,Unknown,Pending,90,4,Average,Out of Stock,Pending
ORD101878,CUST3776,Sanya Amble,56,Male,Karnataka,Bangalore,Whitefield,721385,28-06-2024,30-06-2024,P855,Apple,Fruits & Vegetables,Fruits & Vegetables,Kashmir Fresh,1.11,225,154,32,8,1232,GPAY,Pending,77,1,Late delivery,In Stock,Pending
ORD102008,CUST8202,Sanya Pathak,46,Other,Delhi,New Delhi,Saket,743128,25-07-2025,27-07-2025,P946,Cleaner,Household Items,Household Items,Lizol,1.98,540,426,21,3,1278,CASH,Delivered,14,3,Late delivery,Limited,Cancelled
ORD101297,CUST9492,Onkar De,54,Male,maharashtra,Surat,Vesu,120140,30-06-2025,30-06-2025,P537,Paneer,Dairy,Dairy,Mother Dairy,0.53,110,79,28,6,474,GOOGLE PAY,Pending,33,4,Average,Limited,Cancelled
ORD102426,CUST1532,Rachita Vaidya,78,Other,West Bengal,Kolkata,Park Street,390274,12-11-2025,14-12-2025,P330,Bread,Bakery,Bakery,Britannia,4.5,754,606,20,7,4244,UPI,Pending,49,2,Average,Out of Stock,Delivered
ORD100808,CUST1647,Tanveer Tailor,26,Female,Karnataka,Bangalore,Koramangala,799251,25-04-2024,27-04-2024,P967,Curd,Dairy,Dairy,Britannia,0.93,420,359,15,4,1515,Debit Card,Pending,29,5,Good,Limited,Cancelled
ORD102799,CUST4187,Devika Dash,77,Female,Karnataka,Mysore,VV Mohalla,112802,20-11-2024,23-11-2024,P932,Ice Cream,Frozen Food,Frozen Food,Amul,0.18,707,600,15,6,3601,GOOGLE PAY,Returned,-13,1,Average,Limited,Cancelled
ORD100213,CUST2084,Nakul Konda,69,Male,Karnataka,Mysore,Gokulam,970994,27-02-2024,02-03-2024,P447,Cake,Bakery,Bakery,Monginis,4.92,461,401,13,5,2102,CASH ON DELIVERY,Pending,53,5,Damaged item,In Stock,Delivered
ORD104521,CUST4854, Gayathri Mitter ,29,Other,Telangana,Hyderabad,Gachibowli,24514,24-04-2024,24-04-2024,P798,Paneer,Dairy,Dairy,Mother Dairy,1.21,603,380,37,1,380,GPAY,Returned,20,2,Late delivery,In Stock,Delivered
ORD103854,CUST7301,Charles Khare,50,Female,Tamil Nadu,Chennai,Anna Nagar,393298,05-05-2024,05-05-2024,P546,Frozen Peas,Frozen Food,Frozen Food,Safal,0.46,694,532,23,6,3192,CASH,Returned,71,3,Good,Out of Stock,Pending
ORD101044,null,Lekha Tandon,19,Female,Maharashtra,Unknown,Kothrud,377136,01-10-2024,10-02-2024,P715,Soft Drink,Beverages,Beverages,Coca-Cola,1.61,406,323,18,5,1488,Unknown,Pending,43,1,Average,Limited,Pending
ORD104331,CUST7777,Tanmayi Master,45,Female,West Bengal,Kolkata,Salt Lake,296895,24-07-2025,25-07-2025,P731,Soap,Personal Care,Personal Care,Dove,0.1,648,614,5,8,4912,CASH ON DELIVERY,Cancelled,71,1,Average,Limited,Pending
ORD103356,CUST9908,Kritika Dua,69,Other,Tamil Nadu,Coimbatore,RS Puram,710852,08-05-2025,08-09-2025,P240,Ice Cream,Frozen Food,Frozen Food,Amul,2.78,421,358,15,4,1431,CASH,Returned,48,4,Average,In Stock,Returned
ORD101036,CUST9757,Bhavani Karnik,51,Other,Delhi,New Delhi,Rohini,861680,19-04-2024,22-04-2024,P543,Chips,Snacks,Snacks,Lay's,0.48,106,87,18,2,174,UPI,Cancelled,78,2,Good,Out of Stock,Pending
ORD104980,CUST8730,Pranav Choudhury,35,Other,Maharashtra,Nagpur,Dharampeth,897772,16-03-2025,16-03-2025,P868,Atta,Grocery,Grocery,Aashirvaad,1.09,437,371,15,8,2965,Debit Card,Delivered,62,1,Excellent,Limited,Delivered
ORD103736,CUST5008,Darika Varughese,53,Other,Delhi,New Delhi,Saket,660771,26-04-2024,28-04-2024,P936,Shampoo,Personal Care,Personal Care,Clinic Plus,1.38,462,335,27,8,2679,CASH ON DELIVERY,Pending,12,5,Average,Out of Stock,Cancelled
ORD102694,CUST1057,Deepa Sen,71,Other,Karnataka,Mysore,Gokulam,726697,03-11-2025,11-03-2025,P661,Frozen Peas,Frozen Food,Frozen Food,Safal,1.72,458,335,27,7,2343,GOOGLE PAY,Delivered,86,1,Average,In Stock,Pending
ORD101123,CUST1704,Zansi Shah,32,Male,West Bengal,Kolkata,Park Street,646300,17-06-2024,21-06-2024,P148,Cake,Bakery,Bakery,Monginis,3.84,302,195,36,7,1363,UPI,Cancelled,90,3,Good,Limited,Cancelled
ORD103568,CUST6047,Darsh Kale,78,Female,Karnataka,Mysore,Gokulam,710355,15-07-2025,18-07-2025,P741,Ice Cream,Frozen Food,Frozen Food,Amul,2.64,660,464,30,8,3742,UPI,Pending,66,3,Excellent,In Stock,Cancelled
ORD101300,CUST9393,Gaurika Sule,46,Male,West Bengal,Kolkata,Salt Lake,801186,30-09-2024,30-09-2024,P360,Paneer,Dairy,Dairy,Mother Dairy,2.64,48,37,22,8,300,Debit Card,Cancelled,42,2,Damaged item,Out of Stock,Cancelled
ORD102912,CUST6112,Avni Ravi,66,Female,Tamil Nadu,Coimbatore,Peelamedu,976210,16-02-2025,19-02-2025,P393,Apple,Fruits & Vegetables,Fruits & Vegetables,Kashmir Fresh,1.77,336,275,18,1,275,GOOGLE PAY,Returned,44,3,Late delivery,Limited,Returned
ORD102103,CUST7507,Ekapad Sant,74,Other,West Bengal,Hyderbad,Park Street,716481,24-03-2024,24-03-2024,P706,Toothpaste,Personal Care,Personal Care,Colgate,0.17,93,70,25,1,70,Debit Card,Cancelled,83,5,Good,In Stock,Pending
ORD103409,CUST3536, Henry Venkatesh ,26,Female,West Bengal,Kolkata,Park Street,566818,07-08-2024,11-08-2024,P137,Atta,Grocery,Grocery,Aashirvaad,3.48,559,392,30,8,3132,GOOGLE PAY,Delivered,38,2,Average,Limited,Delivered
ORD104938,CUST7504,Unnati Raman,25,Other,Karnataka,Bangalore, Koramangala ,612607,27-02-2025,03-03-2025,P826,Cleaner,Household Items,Household Items,Lizol,0.62,670,541,19,5,2707,UPI,Cancelled,52,5,Average,Limited,Cancelled
ORD100591,CUST7848,Azaan Halder,50,Male,Karnataka,Bangalore,Indiranagar,361371,17-10-2024,17-10-2024,P434,Sugar,Grocery,Grocery,Madhur,1.13,685,593,13,7,4151,GPAY,Pending,59,2,Good,In Stock,Delivered
ORD102651,CUST5563,Oliver Bhatti,33,Other,West Bengal,Kolkata,Howrah,573724,12-09-2025,12-09-2025,P374,Paneer,Dairy,Dairy,Mother Dairy,3.1,719,617,14,5,3084,CASH,Delivered,82,3,Damaged item,In Stock,Cancelled
ORD100331,CUST8354,Nilima Din,48,Female,maharashtra,Hyderabad,Banjara Hills,701640,14-12-2025,17-12-2025,P859,Toothpaste,Personal Care,Personal Care,Colgate,1.24,279,238,15,3,715,CASH,Delivered,10,1,Average,In Stock,Cancelled
ORD101470,CUST4339, Hitesh Doshi ,18,Male,Karnataka,Mysore,VV Mohalla,995207,16-05-2024,17-05-2024,P684,Ice Cream,Frozen Food,Frozen Food,Amul,4.14,754,493,35,1,493,Debit Card,Returned,57,4,Average,Limited,Delivered
ORD103334,CUST9411,Krishna Tandon,80,Male,Maharashtra,Pune,Kothrud,367863,22-03-2025,25-03-2025,P812,Chips,Snacks,Snacks,Lay's,1.94,153,118,23,4,474,CASH ON DELIVERY,Returned,44,1,Late delivery,Out of Stock,Returned
ORD102504,CUST7304,Tanveer Chowdhury,70,Other,Karnataka,Mysore,Gokulam,771952,31-12-2024,31-12-2024,P447,Tomato,Fruits & Vegetables,Fruits & Vegetables,Organic India,0.42,452,372,18,2,745,UPI,Returned,33,5,Average,Limited,Delivered
ORD100281,CUST7592,Shivansh Grover,72,Female,Telangana,Hyderabad,Banjara Hills,394629,09-08-2025,09-11-2025,P257,Apple,Fruits & Vegetables,Fruits & Vegetables,Kashmir Fresh,0.69,331,222,33,2,444,GPAY,Returned,57,3,Average,Limited,Pending
ORD103519,CUST9114,Eshana Magar,24,Other,West Bengal,Kolkata,Salt Lake,446737,11-12-2024,14-11-2024,P523,Shampoo,Personal Care,Personal Care, Clinic Plus ,4.62,458,329,28,1,329,GPAY,Returned,727,1,Good,Out of Stock,Cancelled
ORD104334,CUST1329,Amruta Ganguly,52,Other,Karnataka,Bangalore,Koramangala,509331,31-01-2024,01-02-2024,P886,Namkeen,Snacks,Snacks,Haldiram,2.89,608,495,19,2,991,Debit Card,Delivered,20,2,Late delivery,Limited,Cancelled
ORD104809,CUST4290,Radha Lata,24,Female,Gujarat,Ahmedabad,Satellite,147452,01-02-2024,01-02-2024,P440,Tea,Beverages,Beverages,Tata Tea,0.47,554,441,20,8,3527,CASH,Returned,55,3,Excellent,Out of Stock,Returned
ORD101773,CUST3419,Xiti Patel,40,Other,Tamil Nadu,Mumbai,VV Mohalla,332225,29-09-2025,30-09-2025,P609,Namkeen,Snacks,Snacks,Haldiram,1.92,131,125,4,7,877,Debit Card,Cancelled,56,4,Average,Limited,Pending
ORD103386,CUST5405,Bhavani Suri,77,Male,Maharashtra,Nagpur,Dharampeth,163201,20-11-2025,24-11-2025,P649,Banana,Fruits & Vegetables,Fruits & Vegetables,FreshFarm,2.86,302,199,34,1,199,UPI,Delivered,45,4,Late delivery,In Stock,Returned
ORD100569,CUST1654,Waida Jayaraman,75,Female,Tamil Nadu,Coimbatore,RS Puram,357798,17-06-2025,19-06-2025,P387,Sugar,Grocery,Grocery, Madhur ,2.38,623,482,23,8,3853,Debit Card,Cancelled,90,5,Average,Out of Stock,Cancelled
ORD100521,CUST1903,Champak Joshi,42,Other,Karnataka,Mysore, VV Mohalla ,233750,12-03-2025,15-03-2025,P191,Tea,Beverages,Beverages,Tata Tea,1.6,314,250,20,7,1751,CASH,Pending,44,3,Average,In Stock,Delivered
ORD100811,CUST1575,Jonathan Parsa,21,Male,Maharashtra,Pune,Baner,980679,04-11-2024,14-04-2024,P898,Ice Cream,Frozen Food,Frozen Food,Amul,3.98,59,36,40,4,143,GPAY,Returned,27,2,Good,Limited,Cancelled
ORD101073,CUST6875,Ekaja Gulati,29,Female,maharashtra,Hyderabad, Banjara Hills ,765439,12-06-2025,15-06-2025,P561,Namkeen,Snacks,Snacks,Haldiram,4.78,649,401,38,1,401,GPAY,Cancelled,61,3,Average,In Stock,Cancelled
ORD101204,CUST7710,Raghav Bala,76,Other,Karnataka,Bangalore, Whitefield ,895837,24-06-2025,26-06-2025,P822,Biscuits,Snacks,Snacks,Parle,0.75,393,274,30,5,1370,UPI,Delivered,54,1,Average,Out of Stock,Cancelled
ORD101032,CUST8488,Nathan Chad,31,Female,Gujarat,Ahmedabad,Navrangpura,387502,24-01-2025,24-01-2025,P405,Tea,Beverages,Beverages,Tata Tea,0.95,252,190,24,5,952,CASH ON DELIVERY,Delivered,1,2,Excellent,Limited,Pending
ORD104325,CUST2934,Ishwar Ganesan,80,Other,Tamil Nadu,Coimbatore,Peelamedu,266657,28-08-2025,30-08-2025,P604,Shampoo,Personal Care,Personal Care, Clinic Plus ,2.54,778,722,7,2,1445,CASH,Delivered,86,3,Damaged item,Out of Stock,Returned
ORD103010,CUST9556, Vincent Kothari ,77,Female,Karnataka,Mysore,VV Mohalla,64662,27-05-2025,29-05-2025,P636,Namkeen,Snacks,Snacks,Haldiram,2.14,677,540,20,6,3238,CASH,Pending,8,2,Damaged item,In Stock,Returned
ORD101365,CUST9139,Ekapad Tailor,66,Other,Gujarat,Ahmedabad,Navrangpura,705876,12-10-2025,13-12-2025,P602,Soap,Personal Care,Personal Care,Dove,2.18,532,424,20,3,1271,CASH ON DELIVERY,Returned,79,1,Late delivery,Limited,Returned
ORD104144,CUST9045,Lucky Hayre,38,Male,Telangana,Hyderabad,Gachibowli,277204,21-12-2025,22-12-2025,P277,Frozen Peas,Frozen Food,Frozen Food,Safal,2.95,477,373,22,1,373,Debit Card,Returned,89,2,Late delivery,Limited,Pending
ORD104755,CUST5633,Saanvi Sangha,64,Female,Gujarat,Ahmedabad,Navrangpura,202116,14-01-2024,15-01-2024,P147,Cleaner,Household Items,Household Items,Lizol,1.29,684,546,20,4,2185,Debit Card,Delivered,85,1,Average,Limited,Cancelled
ORD104406,CUST2426,Jagrati Dixit,28,Female,West Bengal,Kolkata,Salt Lake,713803,24-03-2024,24-03-2024,P793,Atta,Grocery,Grocery,Aashirvaad,4.39,375,326,13,6,1955,Debit Card,Cancelled,45,2,Average,Limited,Pending
ORD104431,CUST8987,Widisha Pradhan,66,Female,maharashtra,Hyderabad,Madhapur,818189,20-02-2024,21-02-2024,P363,Chips,Snacks,Snacks,Lay's,1.81,717,669,7,5,3177,CASH ON DELIVERY,Returned,85,3,Damaged item,Limited,Delivered
ORD102659,CUST9914, Rushil Rajagopalan ,79,Female,Maharashtra,Pune, Baner ,342690,29-01-2024,01-02-2024,P270,Soft Drink,Beverages,Beverages,Coca-Cola,4.63,581,386,34,2,772,UPI,Delivered,38,3,Late delivery,In Stock,Delivered
ORD104552,CUST4108,Chaaya Mangal,76,Male,Delhi,New Delhi, Saket ,266645,28-05-2025,01-06-2025,P510,Banana,Fruits & Vegetables,Fruits & Vegetables,FreshFarm,1.84,88,63,28,7,443,Debit Card,Pending,77,3,Damaged item,Limited,Returned
ORD101522,CUST8140,Devansh Patil,80,Other,Telangana,pune,Madhapur,561007,09-05-2024,11-05-2024,P810,Soft Drink,Beverages,Beverages,Coca-Cola,4.55,62,44,29,7,311,GOOGLE PAY,Cancelled,34,3,Average,In Stock,Returned
ORD102382,CUST8228,Jairaj Kurian,54,Other,Telangana,Hyderabad,Madhapur,634982,30-06-2025,30-06-2025,P189,Bread,Bakery,Bakery,Britannia,4.04,298,206,31,8,1647,GOOGLE PAY,Returned,87,3,Average,Out of Stock,Delivered
ORD101890,CUST7392,Sai Lad,70,Other,Gujarat,Surat,Adajan,346970,19-03-2024,19-03-2024,P291,Milk,Dairy,Dairy,Amul,1.18,573,394,31,3,1183,CASH ON DELIVERY,Pending,55,5,Excellent,In Stock,Cancelled
ORD101038,null,Falguni Halder,62,Male,maharashtra,PUNE,Kothrud,366874,12-03-2025,15-03-2025,P981,Bread,Bakery,Bakery,Britannia,2.68,406,323,13,6,1488,Unknown,Pending,23,3,Average,Limited,Pending
ORD100279,CUST4479,Yash Borra,35,Other,Gujarat,Surat,Vesu,577735,31-05-2024,31-05-2024,P885,Bread,Bakery,Bakery,Britannia,2.9,93,88,5,6,529,GPAY,Delivered,82,4,Average,In Stock,Cancelled
ORD103775,CUST5935,Veda Nagi,59,Male,Gujarat,Ahmedabad,Navrangpura,533597,23-01-2024,24-01-2024,P118,Cake,Bakery,Bakery,Monginis,4.11,755,750,1,8,5997,UPI,Pending,48,4,Excellent,Limited,Returned
ORD101567,CUST6172,Orinder Ramachandran,46,Other,Gujarat,Surat,Vesu,115039,10-03-2024,13-03-2024,P704,Bread,Bakery,Bakery,Britannia,3.95,269,224,17,8,1795,Debit Card,Returned,89,1,Average,Limited,Cancelled
ORD101400,CUST6953,Luke Muni,77,Other,Tamil Nadu,Chennai,T Nagar,469829,13-12-2025,13-12-2025,P851,Namkeen,Snacks,Snacks,Haldiram,4.76,580,568,2,5,2841,CASH ON DELIVERY,Returned,17,1,Excellent,Out of Stock,Returned
ORD104257,CUST2757,Ishwar Kota,23,Male,Tamil Nadu,Coimbatore,RS Puram,811112,02-10-2025,13-02-2025,P414,Apple,Fruits & Vegetables,Fruits & Vegetables,Kashmir Fresh,4.4,783,679,13,2,1357,UPI,Pending,43,1,Average,Out of Stock,Pending
ORD101661,CUST9070,Vasatika Nagar,19,Female,Maharashtra,Nagpur,Sitabuldi,369773,29-09-2025,29-09-2025,P381,Banana,Fruits & Vegetables,Fruits & Vegetables,FreshFarm,3.7,88,54,39,5,270,GOOGLE PAY,Delivered,8,4,Average,Limited,Pending
ORD100285,null,Radhika Kota,37,Other,Tamil Nadu,Unknown,T Nagar,989190,14-01-2024,15-01-2024,P791,Frozen Peas,Frozen Food,Frozen Food,Safal,2.04,406,323,24,8,1488,Unknown,Pending,86,2,Average,In Stock,Pending
ORD101137,CUST5182,Ishita Chadha,54,Female,Tamil Nadu,pune, Anna Nagar ,469908,15-08-2024,15-08-2024,P661,Curd,Dairy,Dairy,Britannia,1.1,491,481,2,7,3370,GPAY,Delivered,90,4,Damaged item,Out of Stock,Delivered
ORD103025,CUST5826,Falan Kale,36,Female,Delhi,New Delhi,Dwarka,726484,09-06-2024,09-08-2024,P762,Cleaner,Household Items,Household Items,Lizol,2.48,792,532,33,2,1063,GPAY,Cancelled,55,3,Excellent,In Stock,Pending
ORD100020,CUST8657,Champak Bath,69,Male,Tamil Nadu,Chennai,Velachery,564738,03-05-2025,03-09-2025,P127,Soft Drink,Beverages,Beverages,Coca-Cola,4.54,401,284,29,4,1137,CASH,Delivered,29,3,Damaged item,In Stock,Returned
ORD103684,CUST2474,Dev Parekh,31,Male,Delhi,New Delhi,Dwarka,712337,05-08-2025,08-07-2025,P112,Soft Drink,Beverages,Beverages,Coca-Cola,3.72,321,234,27,8,1876,UPI,Pending,24,4,Late delivery,Out of Stock,Delivered
ORD100979,CUST3261,Lavanya Venkataraman,40,Female,Tamil Nadu,Coimbatore, Peelamedu ,984364,10-06-2025,10-09-2025,P837,Paneer,Dairy,Dairy, Mother Dairy ,1.49,180,125,30,7,878,CASH,Cancelled,17,2,Damaged item,In Stock,Delivered
ORD104445,CUST6449,Ira Mallick,39,Male,Maharashtra,Mumbai,Powai,945893,17-04-2024,19-04-2024,P145,Detergent,Household Items,Household Items,Surf Excel,3.37,415,347,16,1,347,UPI,Delivered,670,3,Average,Out of Stock,Cancelled
ORD104793,CUST5132,Oliver Dave,64,Other,Telangana,Hyderabad,Madhapur,722809,08-03-2024,04-08-2024,P661,Detergent,Household Items,Household Items,Surf Excel,1.35,315,251,20,5,1254,GPAY,Delivered,52,2,Excellent,Limited,Pending
ORD100346,CUST9110,Nidra Tata,48,Female,Tamil Nadu,Coimbatore,RS Puram,370949,11-12-2025,12-11-2025,P160,Juice,Beverages,Beverages,Real,4.91,261,260,0,6,1560,GOOGLE PAY,Pending,35,2,Average,Limited,Pending
ORD100915,CUST9946,Laksh Nayak,31,Other,Tamil Nadu,Coimbatore,RS Puram,742631,11-02-2025,14-02-2025,P437,Biscuits,Snacks,Snacks, Parle ,3.32,70,56,19,8,452,Debit Card,Cancelled,90,4,Average,In Stock,Returned
ORD100809,CUST7082,Amrita Sami,54,Male,Tamil Nadu,Coimbatore,RS Puram,265578,13-10-2024,13-10-2024,P177,Paneer,Dairy,Dairy, Mother Dairy ,0.39,64,56,12,1,56,GPAY,Cancelled,42,3,Late delivery,In Stock,Cancelled
ORD102091,CUST1270,Gautami Randhawa,54,Other,Telangana,Hyderabad,Banjara Hills,323409,08-04-2025,10-04-2025,P489,Rice,Grocery,Grocery, India Gate ,4.75,104,70,32,1,-33,CASH ON DELIVERY,Returned,21,4,Excellent,In Stock,Returned
ORD103039,CUST3679,Gautam Bhargava,45,Other,Gujarat,Ahmedabad,Navrangpura,592483,06-02-2024,06-02-2024,P992,Shampoo,Personal Care,Personal Care,Clinic Plus,4.93,328,208,36,8,1668,Debit Card,Cancelled,12,3,Average,Limited,Delivered
ORD104420,CUST1547,Bakhshi Dhar,49,Other,Maharashtra,Mumbai,Powai,367743,19-11-2024,23-11-2024,P763,Sugar,Grocery,Grocery,Madhur,1.6,101,89,11,6,537,GPAY,Cancelled,40,4,Good,Out of Stock,Returned
ORD103162,CUST1489,Wridesh Gulati,69,Male,Delhi,New Delhi,Dwarka,887270,26-12-2024,26-12-2024,P616,Ice Cream,Frozen Food,Frozen Food,Amul,3.39,262,164,38,2,327,GPAY,Delivered,43,3,Good,Limited,Pending
ORD101315,CUST7622,Avni Narasimhan,44,Male,Delhi,New Delhi,Saket,209530,29-06-2025,03-07-2025,P963,Apple,Fruits & Vegetables,Fruits & Vegetables,Kashmir Fresh,4.04,432,308,29,4,1233,CASH ON DELIVERY,Delivered,63,2,Excellent,Limited,Delivered
ORD100940,CUST2802,Vansha Ranganathan,69,Other,Maharashtra,Nagpur,Dharampeth,372391,24-12-2024,24-12-2024,P601,Rice,Grocery,Grocery,India Gate,3.78,257,195,24,8,1560,GPAY,Pending,14,5,Average,Out of Stock,Returned
ORD104961,CUST6852,Jatin Venkataraman,77,Male,West Bengal,Kolkata,Salt Lake,806200,11-04-2024,07-11-2024,P116,Ice Cream,Frozen Food,Frozen Food,Amul,2.38,239,149,38,4,595,CASH,Delivered,62,2,Average,Out of Stock,Returned
ORD101208,CUST4434,Ekantika Gulati,23,Other,Tamil Nadu,Chennai,Velachery,161333,05-09-2024,05-09-2024,P312,Chips,Snacks,Snacks,Lay's,4.35,675,450,33,4,1801,GPAY,Returned,29,2,Average,Out of Stock,Returned
ORD101456,CUST5057,Shaurya Kuruvilla,56,Female,Karnataka,Mysore,VV Mohalla,592800,26-04-2025,28-04-2025,P391,Ice Cream,Frozen Food,Frozen Food,Amul,2.14,673,550,18,4,2200,GOOGLE PAY,Pending,56,4,Average,In Stock,Delivered
ORD102509,CUST1765,Yauvani Kapadia,31,Other,Gujarat,Ahmedabad,Navrangpura,980691,19-03-2024,19-03-2024,P292,Banana,Fruits & Vegetables,Fruits & Vegetables,FreshFarm,2.63,757,620,18,1,666,CASH ON DELIVERY,Delivered,34,3,Average,Limited,Returned
ORD102635,CUST1656,Luke Kapadia,30,Other,Tamil Nadu,Coimbatore,RS Puram,125232,01-03-2025,03-03-2025,P616,Sugar,Grocery,Grocery, Madhur ,3.88,458,354,-17,8,2776,CASH,Cancelled,61,2,Average,In Stock,Pending
ORD101213,null,Gabriel Morar,18,Male,Karnataka,Unknown,Koramangala,843722,13-03-2024,14-03-2024,P368,Namkeen,Snacks,Snacks,Haldiram,4.71,406,323,27,5,1488,Unknown,Pending,62,4,Average,In Stock,Pending
ORD101821,CUST6860,Bahadurjit Dara,32,Female,Tamil Nadu,Coimbatore,RS Puram,583358,22-02-2024,26-02-2024,P479,Atta,Grocery,Grocery,Aashirvaad,2.99,48,36,25,8,287,UPI,Pending,54,3,Late delivery,Limited,Returned
ORD102207,CUST5744,Mohini Bansal,63,Female,Telangana,Hyderabad,Gachibowli,735878,05-06-2025,06-07-2025,P915,Frozen Peas,Frozen Food,Frozen Food,Safal,1.58,444,435,2,8,3482,GOOGLE PAY,Cancelled,42,4,Average,Limited,Cancelled
ORD103881,CUST2147,Advaith Sharma,28,Male,Gujarat,Surat,Vesu,988212,27-01-2025,29-01-2025,P278,Soap,Personal Care,Personal Care,Dove,1.49,142,86,39,8,690,Debit Card,Pending,72,3,Average,Out of Stock,Delivered
ORD100009,CUST9701, Tejas Sama ,21,Male,Telangana,Hyderabad,Banjara Hills,884593,07-06-2024,06-08-2024,P182,Cleaner,Household Items,Household Items,Lizol,4.27,190,118,38,5,592,UPI,Delivered,72,2,Damaged item,In Stock,Pending
ORD104404,CUST7730,Yash Kapoor,37,Other,West Bengal,Hyderbad,Howrah,403328,07-04-2024,07-08-2024,P657,Cake,Bakery,Bakery,Monginis,1.78,378,270,29,1,270,CASH ON DELIVERY,Pending,82,3,Average,In Stock,Cancelled
ORD103440,CUST7744,Bimala Doctor,22,Other,Gujarat,Surat,Vesu,89803,23-02-2024,26-02-2024,P186,Atta,Grocery,Grocery,Aashirvaad,2.88,727,716,2,5,3579,UPI,Pending,35,3,Damaged item,Limited,Pending
ORD100087,CUST1265,Waida Raval,73,Female,Telangana,Hyderabad,Madhapur,727930,22-04-2025,22-04-2025,P693,Cleaner,Household Items,Household Items,Lizol,3.63,614,447,27,8,3577,GOOGLE PAY,Pending,26,3,Late delivery,Out of Stock,Pending
ORD100958,CUST6230,Ansh Sandhu,27,Male,Gujarat,Ahmedabad,Navrangpura,979512,27-05-2024,27-05-2024,P162,Atta,Grocery,Grocery,Aashirvaad,3.51,221,212,4,4,847,CASH,Delivered,34,5,Good,In Stock,Returned
ORD104803,CUST2257,Zansi Bora,50,Other,Delhi,New Delhi,Saket,276077,18-02-2025,18-02-2025,P962,Chips,Snacks,Snacks,Lay's,0.65,639,593,7,8,4747,GOOGLE PAY,Returned,14,4,Average,Out of Stock,Cancelled
ORD102011,CUST2984,Rehaan Saran,65,Other,Gujarat,Surat,Vesu,425601,31-01-2024,31-01-2024,P941,Juice,Beverages,Beverages, Real ,4.22,524,478,9,8,3825,Debit Card,Cancelled,45,5,Late delivery,In Stock,Returned
ORD101008,CUST8910, Dakshesh Kashyap ,78,Other,Delhi,New Delhi,Saket,373020,20-11-2024,20-11-2024,P685,Detergent,Household Items,Household Items,Surf Excel,0.44,736,719,2,2,1438,Debit Card,Pending,50,3,Average,Out of Stock,Cancelled
ORD103972,CUST1580,Chatresh Pillay,40,Male,Karnataka,Bangalore,Whitefield,478982,29-03-2024,29-03-2024,P898,Juice,Beverages,Beverages,Real,2.9,46,45,1,4,181,UPI,Pending,13,3,Damaged item,Out of Stock,Cancelled
ORD103171,CUST7726,Falguni Vaidya,23,Other,Tamil Nadu,Mumbai,Park Street,620500,06-01-2025,05-06-2025,P498,Soft Drink,Beverages,Beverages,Coca-Cola,1.97,504,381,25,8,3044,CASH ON DELIVERY,Pending,18,4,Damaged item,In Stock,Delivered
ORD100456,CUST1937,Neel Gokhale,62,Other,Maharashtra,Nagpur,Sitabuldi,486579,12-01-2025,14-01-2025,P582,Shampoo,Personal Care,Personal Care,Clinic Plus,4.99,493,303,39,1,303,CASH ON DELIVERY,Returned,43,2,Damaged item,Limited,Delivered
ORD103951,CUST4916,Chasmum Pau,76,Male,West Bengal,Kolkata,Howrah,558996,22-06-2024,26-06-2024,P419,Ice Cream,Frozen Food,Frozen Food,Amul,0.74,389,355,9,3,1065,GOOGLE PAY,Pending,16,5,Average,In Stock,Returned
ORD104351,CUST4467,Vanya Gour,48,Female,Karnataka,Bangalore,Indiranagar,435591,30-08-2024,31-08-2024,P589,Juice,Beverages,Beverages,Real,0.12,639,430,33,3,1289,GPAY,Pending,35,3,Late delivery,Limited,Cancelled
ORD101939,null, Shravya Cheema ,26,Male,Karnataka,pune,VV Mohalla,702661,19-09-2025,22-09-2025,P671,Paneer,Dairy,Dairy,Mother Dairy,2.77,406,323,9,6,1488,Unknown,Pending,37,1,Average,In Stock,Pending
ORD101041,null,Watika Taneja,18,Other,Delhi,pune,Rohini,355433,31-07-2024,08-04-2024,P445,Juice,Beverages,Beverages,Real,3.9,406,323,36,5,1488,Unknown,Pending,68,5,Average,Limited,Pending
ORD104259,CUST6299,Hemang Yohannan,74,Female,Karnataka,Bangalore,Whitefield,201388,03-08-2025,09-03-2025,P232,Toothpaste,Personal Care,Personal Care,Colgate,3.96,99,91,8,6,547,CASH,Delivered,53,3,Damaged item,In Stock,Returned
ORD104477,CUST1846,Aadhya Bhalla,65,Other,Delhi,New Delhi,Saket,278709,14-11-2024,15-11-2024,P416,Banana,Fruits & Vegetables,Fruits & Vegetables,FreshFarm,2.56,121,81,33,4,324,UPI,Delivered,27,3,Average,Limited,Pending
ORD100853,CUST6531,Daniel Karan,21,Female,Karnataka,Hyderbad,Whitefield,410204,01-01-2025,01-01-2025,P799,Chips,Snacks,Snacks,Lay's,4.5,140,105,25,1,105,UPI,Returned,36,5,Average,Limited,Cancelled
ORD100818,CUST3431,Joshua Mukherjee,28,Male,Telangana,Hyderabad,Gachibowli,939241,30-04-2024,01-05-2024,P101,Detergent,Household Items,Household Items,Surf Excel,4.41,268,207,23,7,1452,Debit Card,Pending,70,1,Good,In Stock,Returned
ORD100322,CUST1380,Reva Kala,52,Other,Telangana,Hyderabad,Banjara Hills,879404,10-01-2024,13-01-2024,P257,Biscuits,Snacks,Snacks,Parle,4.89,285,219,23,6,1313,GOOGLE PAY,Returned,83,2,Damaged item,In Stock,Returned
ORD100922,CUST4821,Gaurav Bassi,73,Male,Delhi,New Delhi,Saket,363237,21-08-2025,25-08-2025,P714,Paneer,Dairy,Dairy,Mother Dairy,4.88,129,129,-20,1,129,UPI,Cancelled,13,3,Average,In Stock,Returned
ORD101374,CUST7247,Hema Jaggi,64,Other,Delhi,New Delhi,Dwarka,815582,31-08-2025,31-08-2025,P129,Cake,Bakery,Bakery,Monginis,4.87,64,45,30,8,360,Debit Card,Cancelled,53,4,Late delivery,Out of Stock,Delivered
ORD104580,CUST8247,Advika Som,21,Female,Delhi,New Delhi,Dwarka,721293,30-05-2025,06-02-2025,P260,Juice,Beverages,Beverages,Real,1.63,750,600,20,7,4200,GPAY,Returned,48,3,Late delivery,Limited,Delivered
ORD101691,CUST9060,Anamika Bhatti,66,Male,Gujarat,Surat,Vesu,679336,07-02-2024,05-07-2024,P555,Frozen Peas,Frozen Food,Frozen Food,Safal,1.69,267,170,36,8,1360,CASH,Pending,76,1,Excellent,Limited,Cancelled
ORD104421,CUST3317, Omaja Borah ,22,Male,West Bengal,Kolkata,Salt Lake,557698,20-08-2025,21-08-2025,P676,Paneer,Dairy,Dairy,Mother Dairy,1.76,98,69,30,6,413,Debit Card,Pending,31,5,Average,In Stock,Cancelled
ORD104639,CUST1217,Gunbir Buch,26,Female,Karnataka,Mysore,VV Mohalla,134488,20-11-2024,21-11-2024,P111,Rice,Grocery,Grocery, India Gate ,1.25,794,654,18,4,2616,UPI,Cancelled,19,3,Average,Limited,Delivered
ORD100529,CUST3048,Hemani Bir,52,Other,Karnataka,Bangalore,Indiranagar,879300,20-09-2024,21-09-2024,P515,Biscuits,Snacks,Snacks,Parle,2.16,597,461,23,6,2779,GPAY,Returned,59,4,Damaged item,Out of Stock,Returned
ORD102979,CUST9782,Nisha Bala,19,Other,Maharashtra,pune,Wakad,682651,16-12-2024,20-12-2024,P232,Cake,Bakery,Bakery,Monginis,4.45,77,63,19,7,438,UPI,Pending,45,2,Excellent,In Stock,Returned
ORD101863,CUST5332,Watika Sinha,74,Other,Telangana,Hyderabad,Madhapur,442233,05-04-2024,08-04-2024,P408,Tomato,Fruits & Vegetables,Fruits & Vegetables,Organic India,2.77,137,99,27,4,398,UPI,Returned,28,2,Average,Out of Stock,Cancelled
ORD103231,CUST9475,Yashodhara Chad,37,Other,Karnataka,Bangalore, Indiranagar ,10197,24-12-2025,26-12-2025,P913,Tea,Beverages,Beverages,Tata Tea,1.96,582,376,35,8,2911,GPAY,Cancelled,47,2,Average,In Stock,Returned
ORD103028,CUST7013,Xiti Kakar,78,Male,Karnataka,Mysore, Gokulam ,486973,18-04-2024,20-04-2024,P408,Detergent,Household Items,Household Items,Surf Excel,1.63,400,324,19,6,1946,UPI,Cancelled,11,3,Damaged item,In Stock,Returned
ORD104299,CUST8090,Panini Ratta,22,Female,Telangana,pune,Madhapur,485836,08-11-2025,11-11-2025,P213,Soap,Personal Care,Personal Care,Dove,4.99,668,548,18,8,4296,CASH,Pending,31,3,Good,Limited,Pending
ORD103175,CUST7514,Akshay Ghose,28,Other,Delhi,New Delhi,Saket,252580,18-11-2024,22-11-2024,P889,Namkeen,Snacks,Snacks,Haldiram,2.89,182,159,13,1,75,GPAY,Cancelled,85,2,Good,Limited,Delivered
ORD103937,CUST7502,Suhani Pant,31,Male,Gujarat,PUNE,Navrangpura,129417,25-05-2024,27-05-2024,P292,Shampoo,Personal Care,Personal Care,Clinic Plus,2.66,270,206,24,5,1030,GPAY,Returned,58,4,Average,Limited,Returned
ORD101767,CUST6250,Darika Prasad,23,Female,Gujarat,Ahmedabad,Satellite,779139,04-09-2024,05-09-2024,P185,Bread,Bakery,Bakery,Britannia,2.13,667,516,23,4,2065,Debit Card,Pending,40,3,Average,Out of Stock,Delivered
ORD104709,CUST7215, Lohit Buch ,44,Male,Gujarat,Ahmedabad,Navrangpura,176970,25-08-2024,27-08-2024,P427,Cleaner,Household Items,Household Items,Lizol,4.4,344,222,36,2,443,GOOGLE PAY,Cancelled,29,3,Late delivery,Out of Stock,Cancelled
ORD104352,CUST1321,Vivaan Batra,43,Male,Karnataka,Mysore,Gokulam,619512,31-03-2024,31-03-2024,P806,Bread,Bakery,Bakery,Britannia,2.21,178,119,33,2,239,GOOGLE PAY,Returned,53,4,Late delivery,Out of Stock,Cancelled
ORD104902,CUST4582,Abhiram Narayanan,32,Other,Tamil Nadu,Mumbai,Rohini,657243,13-10-2024,15-10-2024,P800,Cake,Bakery,Bakery,Monginis,4.14,75,51,32,4,204,GOOGLE PAY,Returned,74,3,Late delivery,Out of Stock,Delivered
ORD100433,CUST7206,Balhaar Purohit,55,Other,Karnataka,Mysore,VV Mohalla,80207,28-08-2025,28-08-2025,P843,Juice,Beverages,Beverages,Real,0.84,495,457,8,2,914,Debit Card,Delivered,35,2,Average,Limited,Returned
ORD100261,CUST3934,Rayaan Gill,22,Female,Tamil Nadu,Coimbatore,RS Puram,568080,05-05-2024,05-07-2024,P434,Bread,Bakery,Bakery,Britannia,0.85,408,347,15,8,2778,CASH,Delivered,11,3,Average,Limited,Returned
ORD104079,null,Samesh Dubey,25,Male,Tamil Nadu,Unknown,Velachery,126118,25-03-2025,29-03-2025,P621,Juice,Beverages,Beverages,Real,0.75,406,323,13,6,1488,Unknown,Pending,27,2,Average,Limited,Pending
ORD103524,CUST3264,Janya Muni,66,Other,Gujarat,Surat,Adajan,569886,25-11-2025,25-11-2025,P674,Ice Cream,Frozen Food,Frozen Food,Amul,0.59,568,470,17,6,2822,UPI,Cancelled,66,4,Good,Out of Stock,Pending
ORD104542,CUST4338,Ansh Pau,15,Male,Gujarat,pune,Satellite,845418,10-06-2024,10-07-2024,P692,Rice,Grocery,Grocery,India Gate,4.81,386,383,1,8,3063,Debit Card,Pending,19,3,Damaged item,Limited,Pending
ORD100273,CUST7722,Gautam Rao,59,Female,Gujarat,pune,Adajan,939067,23-07-2024,25-07-2024,P994,Paneer,Dairy,Dairy,Mother Dairy,3.7,469,302,36,6,1814,GOOGLE PAY,Pending,84,5,Average,Out of Stock,Cancelled
ORD100209,CUST1803,Vivaan Dara,37,Male,Delhi,New Delhi,Saket,469860,20-02-2024,21-02-2024,P265,Detergent,Household Items,Household Items,Surf Excel,3.39,63,47,26,3,235,CASH,Pending,19,3,Average,Out of Stock,Delivered
ORD100024,CUST6813,Raksha Babu,38,Female,Tamil Nadu,Coimbatore,Peelamedu,997751,12-10-2024,15-10-2024,P710,Rice,Grocery,Grocery,India Gate,3.54,605,501,17,4,2005,GOOGLE PAY,Delivered,35,2,Good,In Stock,Returned
ORD103428,CUST8771,Ekta Bahl,52,Female,Delhi,New Delhi,Saket,730664,17-03-2025,19-03-2025,P984,Tomato,Fruits & Vegetables,Fruits & Vegetables,Organic India,0.38,753,678,10,3,2035,GOOGLE PAY,Cancelled,77,2,Damaged item,In Stock,Returned
ORD100590,CUST2761,Hemangini Comar,28,Female,Gujarat,Ahmedabad,Navrangpura,681043,12-04-2024,04-12-2024,P730,Biscuits,Snacks,Snacks, Parle ,4.2,797,505,37,1,777,UPI,Cancelled,70,1,Damaged item,Limited,Cancelled
ORD102886,CUST6987,Dipta Singh,58,Other,Telangana,Hyderabad,Gachibowli,207247,23-01-2024,24-01-2024,P802,Banana,Fruits & Vegetables,Fruits & Vegetables,FreshFarm,3.44,695,426,39,3,1277,Debit Card,Delivered,13,4,Excellent,Limited,Returned
ORD104375,CUST8059,Abhiram Shenoy,87,Other,Maharashtra,Mumbai,Dadar,394789,01-02-2024,05-02-2024,P241,Bread,Bakery,Bakery,Britannia,4.43,423,376,11,3,1127,GPAY,Returned,42,3,Average,Limited,Pending
ORD103815,CUST8463,Kritika Sha,59,Male,Telangana,pune,Madhapur,839764,12-02-2024,02-12-2024,P702,Sugar,Grocery,Grocery, Madhur ,2.4,428,305,29,2,610,GOOGLE PAY,Pending,38,2,Excellent,In Stock,Cancelled
ORD100236,CUST5648,Wazir Shah,23,Female,Delhi,Hyderbad,Rohini,43584,02-11-2024,12-02-2024,P808,Sugar,Grocery,Grocery,Madhur,0.72,637,543,15,2,1087,UPI,Cancelled,-15,4,Damaged item,In Stock,Pending
ORD100761,CUST1768,Luke Reddy,68,Male,Gujarat,Surat,Vesu,194341,21-04-2025,23-04-2025,P724,Juice,Beverages,Beverages,Real,4.73,795,573,28,4,2292,GPAY,Returned,54,2,Damaged item,Out of Stock,Pending
ORD104328,CUST2255,Samaksh Hans,40,Female,Delhi,New Delhi,Saket,992451,22-02-2025,22-02-2025,P209,Banana,Fruits & Vegetables,Fruits & Vegetables,FreshFarm,4.99,379,233,39,1,233,Debit Card,Returned,12,3,Average,In Stock,Cancelled
ORD104692,CUST1111,Nikita Hari,62,Other,West Bengal,Kolkata,Park Street,33579,27-07-2025,31-07-2025,P113,Juice,Beverages,Beverages,Real,3.2,403,359,11,3,1076,UPI,Delivered,89,1,Good,Limited,Pending
ORD103454,null, Bina Patel ,66,Female,Karnataka,Unknown,Indiranagar,797185,05-12-2025,12-05-2025,P163,Namkeen,Snacks,Snacks,Haldiram,2.87,406,323,22,8,1488,Unknown,Pending,32,4,Average,Limited,Pending
ORD103446,CUST8227,Dominic Mishra,32,Female,Telangana,Hyderabad,Banjara Hills,473684,12-03-2025,12-06-2025,P168,Cake,Bakery,Bakery,Monginis,1.87,783,558,29,1,558,GPAY,Returned,89,5,Average,In Stock,Delivered
ORD101173,CUST3150,Jacob Rao,74,Male,Delhi,New Delhi,Dwarka,478573,01-02-2025,06-01-2025,P476,Paneer,Dairy,Dairy,Mother Dairy,4.79,571,478,16,1,478,GOOGLE PAY,Cancelled,47,3,Excellent,Limited,Pending
ORD102320,CUST8368,Shaurya Modi,32,Female,Gujarat,Surat,Adajan,184973,26-04-2024,27-04-2024,P767,Soft Drink,Beverages,Beverages,Coca-Cola,2.16,109,77,29,1,77,UPI,Delivered,8,1,Average,Limited,Pending
ORD102617,CUST4528,Shivani More,67,Female,West Bengal,Kolkata,Salt Lake,167099,13-08-2025,16-08-2025,P828,Detergent,Household Items,Household Items,Surf Excel,1.21,399,267,33,7,1872,GPAY,Returned,17,5,Excellent,Limited,Cancelled
ORD102577,CUST6981,Urvashi Tailor,80,Female,Telangana,Hyderabad,Madhapur,627695,25-02-2024,26-02-2024,P619,Ice Cream,Frozen Food,Frozen Food,Amul,4.41,778,603,22,8,4827,CASH ON DELIVERY,Pending,55,3,Damaged item,Limited,Cancelled
ORD103741,null,Anita Balakrishnan,35,Other,Maharashtra,Unknown,Baner,803546,01-12-2025,02-12-2025,P883,Paneer,Dairy,Dairy,Mother Dairy,0.37,406,323,2,4,1488,Unknown,Pending,70,3,Average,In Stock,Pending
ORD100241,CUST1083,Onveer Mann,55,Female,West Bengal,Kolkata,Park Street,549671,12-10-2024,12-10-2024,P581,Cake,Bakery,Bakery,Monginis,3.69,594,415,30,7,2906,CASH,Delivered,81,5,Damaged item,Out of Stock,Delivered
ORD100800,CUST1692,Tamanna Biswas,25,Other,Delhi,New Delhi,Saket,818252,11-09-2024,15-09-2024,P643,Banana,Fruits & Vegetables,Fruits & Vegetables,FreshFarm,1.71,685,681,1,3,2043,CASH,Delivered,62,3,Good,In Stock,Cancelled
ORD101126,CUST6292,Widisha Lata,54,Other,Gujarat,Ahmedabad,Satellite,559510,16-08-2024,17-08-2024,P525,Namkeen,Snacks,Snacks,Haldiram,4.57,496,493,1,6,2961,GPAY,Returned,39,3,Late delivery,Limited,Delivered
ORD102980,CUST6555,Anirudh Lalla,25,Other,Telangana,Hyderabad,Gachibowli,53196,17-11-2024,18-11-2024,P568,Chips,Snacks,Snacks,Lay's,0.84,680,425,-12,5,2125,CASH,Delivered,16,3,Excellent,In Stock,Cancelled
ORD101386,CUST6624,Girish Narain,79,Male,Tamil Nadu,Mumbai,VV Mohalla,341810,18-06-2024,18-06-2024,P469,Cake,Bakery,Bakery,Monginis,4.52,171,146,15,5,728,GPAY,Pending,56,1,Excellent,In Stock,Delivered
ORD100884,CUST7687,Jhalak Raval,79,Male,Karnataka,pune,Indiranagar,629840,21-06-2025,24-06-2025,P486,Namkeen,Snacks,Snacks,Haldiram,3.09,149,114,24,3,355,CASH,Pending,80,3,Average,Limited,Pending
ORD101675,CUST1848,Vidhi Samra,43,Other,Karnataka,Bangalore,Indiranagar,453019,26-10-2025,30-10-2025,P602,Soft Drink,Beverages,Beverages,Coca-Cola,3.29,166,127,24,7,887,UPI,Cancelled,42,2,Damaged item,In Stock,Returned
ORD100033,CUST3434,Reyansh Wason,55,Female,Tamil Nadu,Chennai,Anna Nagar,462111,03-12-2024,14-03-2024,P453,Detergent,Household Items,Household Items,Surf Excel,1.73,285,261,8,7,1997,Debit Card,Returned,70,3,Average,In Stock,Pending
ORD100967,CUST5936,Anika Thaman,63,Male,Tamil Nadu,Chennai,Anna Nagar,203951,30-01-2024,31-01-2024,P992,Bread,Bakery,Bakery,Britannia,3.82,684,417,39,1,417,Debit Card,Delivered,39,3,Excellent,Out of Stock,Returned
ORD101344,null,Isaac Mitter,44,Male,Telangana,Unknown,Madhapur,638381,02-06-2024,06-02-2024,P700,Tea,Beverages,Beverages,Tata Tea,1.3,406,323,19,1,1488,Unknown,Pending,87,5,Average,Limited,Pending
ORD100715,CUST1557,Rachit Uppal,31,Other,Telangana,Hyderabad,Madhapur,728712,22-12-2025,22-12-2025,P209,Cake,Bakery,Bakery,Monginis,0.31,301,255,15,7,1786,CASH ON DELIVERY,Cancelled,9,1,Average,Limited,Delivered
ORD100671,CUST8396,Sarthak Bala,95,Female,Delhi,New Delhi,Rohini,547214,11-06-2024,11-06-2024,P737,Soap,Personal Care,Personal Care,Dove,0.42,567,537,5,4,2147,GPAY,Cancelled,80,3,Damaged item,In Stock,Pending
ORD101543,CUST9084,Tristan Bawa,71,Other,Tamil Nadu,Mumbai,Sitabuldi,137595,21-05-2025,24-05-2025,P187,Bread,Bakery,Bakery,Britannia,3.57,127,111,13,7,776,CASH,Pending,80,1,Good,Limited,Delivered
ORD103062,CUST7301,Saanvi Mitra,69,Other,Delhi,New Delhi,Rohini,106466,02-09-2025,02-09-2025,P305,Bread,Bakery,Bakery,Britannia,1.41,698,622,11,8,4979,UPI,Delivered,60,3,Damaged item,Out of Stock,Pending
ORD100666,CUST3472,Tamanna Singhal,25,Other,Tamil Nadu,pune,RS Puram,236095,20-07-2024,20-07-2024,P312,Curd,Dairy,Dairy,Britannia,0.87,794,503,37,7,3518,Debit Card,Returned,14,4,Average,Limited,Pending
ORD102971,null,Pratyush Bose,40,Other,maharashtra,Unknown,Vesu,849992,19-03-2025,19-03-2025,P796,Cake,Bakery,Bakery,Monginis,3.45,406,323,17,3,1488,Unknown,Pending,64,4,Average,In Stock,Pending
ORD102996,CUST9827,Neelima Yogi,70,Female,Karnataka,Mysore,VV Mohalla,223280,17-03-2024,20-03-2024,P781,Tea,Beverages,Beverages,Tata Tea,1,498,320,36,3,959,Debit Card,Delivered,14,1,Average,Limited,Pending
ORD100445,CUST7480,Rachita Oak,30,Other,Karnataka,Bangalore,Koramangala,411337,02-04-2024,04-04-2024,P920,Paneer,Dairy,Dairy,Mother Dairy,0.89,618,508,18,6,3046,GOOGLE PAY,Cancelled,76,2,Average,Limited,Pending
ORD104539,CUST5405,Benjamin Patla,59,Other,Maharashtra,pune,Bandra,385192,02-07-2024,03-07-2024,P703,Shampoo,Personal Care,Personal Care,Clinic Plus,4.08,186,131,30,3,394,CASH ON DELIVERY,Cancelled,16,4,Average,Out of Stock,Pending
ORD101975,CUST4448,Ojasvi Kibe,27,Male,Tamil Nadu,Chennai,Velachery,204942,30-09-2025,10-02-2025,P574,Tea,Beverages,Beverages,Tata Tea,2.52,800,621,22,3,1862,CASH,Cancelled,77,4,Damaged item,Out of Stock,Delivered
ORD102945,CUST6175,Rachana Agate,60,Male,Delhi,New Delhi,Saket,630358,27-05-2025,29-05-2025,P134,Atta,Grocery,Grocery,Aashirvaad,1.86,775,523,32,7,3661,GPAY,Cancelled,18,1,Excellent,Out of Stock,Cancelled
ORD101756,CUST7395, Raksha Prasad ,34,Male,Delhi,pune,Rohini,601670,22-10-2024,22-10-2024,P987,Detergent,Household Items,Household Items,Surf Excel,2.31,519,351,32,5,1756,UPI,Pending,25,3,Average,Limited,Pending
ORD103279,CUST7163, Zayan Mander ,35,Other,Telangana,Hyderabad,Gachibowli,23987,18-06-2024,22-06-2024,P870,Atta,Grocery,Grocery, Aashirvaad ,4.16,264,225,15,3,674,UPI,Delivered,12,4,Average,Out of Stock,Returned
ORD102998,null,Yug Walia,65,Female,Karnataka,Unknown,Indiranagar,802915,26-01-2024,28-01-2024,P264,Detergent,Household Items,Household Items,Surf Excel,1.3,406,323,17,1,1488,Unknown,Pending,77,5,Average,Out of Stock,Pending
ORD101866,CUST1227, Neha Chakrabarti ,34,Male,West Bengal,Kolkata,Park Street,818102,04-07-2024,07-08-2024,P749,Ice Cream,Frozen Food,Frozen Food,Amul,4.85,732,550,25,4,2198,Debit Card,Pending,41,4,Excellent,Limited,Cancelled
ORD101476,CUST2979,Irya Ravel,76,Female,Karnataka,Mysore,Gokulam,303396,27-05-2025,29-05-2025,P552,Detergent,Household Items,Household Items,Surf Excel,2.53,643,540,16,3,1621,GOOGLE PAY,Delivered,537,4,Average,In Stock,Returned
ORD102244,CUST2054,Gaurika Ramakrishnan,76,Male,West Bengal,Kolkata,Park Street,772993,05-04-2024,08-04-2024,P132,Namkeen,Snacks,Snacks,Haldiram,2.46,606,458,-8,8,3667,CASH ON DELIVERY,Returned,77,2,Good,Limited,Pending
ORD103983,CUST1028,Sara Thakkar,21,Other,Karnataka,Bangalore,Whitefield,93474,17-10-2025,21-10-2025,P788,Apple,Fruits & Vegetables,Fruits & Vegetables,Kashmir Fresh,3.4,108,71,34,6,427,GPAY,Returned,14,5,Average,In Stock,Cancelled
ORD100920,CUST5554,Mitali Raman,65,Other,Maharashtra,Nagpur,Sitabuldi,868480,05-08-2024,09-08-2024,P375,Juice,Beverages,Beverages,Real,3.37,67,42,38,7,292,UPI,Returned,11,1,Average,Limited,Returned
ORD104533,CUST3600,Girish Natt,56,Female,Karnataka,Bangalore,Whitefield,409834,23-06-2025,25-06-2025,P523,Milk,Dairy,Dairy,Amul,2.01,188,153,19,4,611,Debit Card,Returned,46,5,Late delivery,In Stock,Returned
ORD101627,CUST2512,Tanveer Ghosh,63,Other,West Bengal,pune,Howrah,61049,30-11-2025,02-12-2025,P642,Biscuits,Snacks,Snacks,Parle,4.56,748,627,16,8,5017,CASH,Cancelled,81,1,Average,Limited,Cancelled
ORD102331,CUST5124,Chatresh Mahajan,53,Other,Telangana,Hyderabad,Gachibowli,839246,16-07-2025,16-07-2025,P869,Tea,Beverages,Beverages, Tata Tea ,3.34,109,104,5,5,520,UPI,Returned,65,3,Late delivery,Limited,Cancelled
ORD102465,CUST3921,Ojas Uppal,25,Male,Karnataka,Bangalore,Whitefield,864222,08-07-2024,10-07-2024,P706,Apple,Fruits & Vegetables,Fruits & Vegetables,Kashmir Fresh,1.45,219,190,13,4,759,Debit Card,Cancelled,56,4,Good,In Stock,Cancelled
ORD100924,CUST6907,Lopa Bala,75,Other,West Bengal,Kolkata,Park Street,497020,14-12-2025,18-12-2025,P833,Cleaner,Household Items,Household Items,Lizol,3.15,103,79,23,5,394,GOOGLE PAY,Pending,90,4,Average,Out of Stock,Cancelled
ORD104322,CUST8556, Darika Joshi ,53,Other,West Bengal,Kolkata,Park Street,87019,27-09-2025,30-09-2025,P882,Shampoo,Personal Care,Personal Care,Clinic Plus,0.54,674,652,3,5,3318,CASH ON DELIVERY,Cancelled,15,5,Average,In Stock,Cancelled
ORD101757,CUST1670,Yochana Guha,56,Female,Maharashtra,Nagpur,Sitabuldi,281610,12-03-2024,13-03-2024,P510,Juice,Beverages,Beverages,Real,2,637,452,29,2,904,Debit Card,Returned,11,2,Good,Out of Stock,Pending
ORD101965,CUST6535,Yutika Sarma,42,Other,Tamil Nadu,Chennai,Anna Nagar,404969,17-06-2024,17-06-2024,P256,Paneer,Dairy,Dairy,Mother Dairy,4.16,757,704,7,3,2111,UPI,Delivered,89,2,Average,Out of Stock,Delivered
ORD104984,CUST8861,Chaman Lanka,20,Female,Karnataka,Bangalore,Whitefield,601228,14-02-2024,18-02-2024,P245,Banana,Fruits & Vegetables,Fruits & Vegetables,FreshFarm,1.71,275,273,1,2,546,CASH ON DELIVERY,Delivered,-19,3,Average,Limited,Delivered
ORD101708,CUST4232,Bahadurjit Sheth,28,Male,Telangana,Hyderabad,Madhapur,535082,28-07-2024,01-08-2024,P112,Chips,Snacks,Snacks,Lay's,2.16,642,509,21,6,3056,GOOGLE PAY,Cancelled,70,3,Average,In Stock,Cancelled
ORD103031,CUST4971,Tamanna Barman,49,Male,Gujarat,Ahmedabad,Satellite,435161,13-09-2025,16-09-2025,P302,Paneer,Dairy,Dairy,Mother Dairy,4.65,682,678,1,7,4747,UPI,Delivered,86,2,Excellent,Limited,Delivered
ORD103405,CUST2291,Lohit Karpe,28,Male,Tamil Nadu,Coimbatore,RS Puram,815225,06-12-2025,15-06-2025,P466,Tomato,Fruits & Vegetables,Fruits & Vegetables,Organic India,0.73,444,392,12,2,784,Debit Card,Returned,66,2,Late delivery,In Stock,Returned
ORD101197,CUST2522,Tripti Keer,68,Male,Gujarat,Surat,Adajan,742901,26-03-2024,29-03-2024,P899,Paneer,Dairy,Dairy,Mother Dairy,4.92,108,99,9,5,493,Debit Card,Pending,54,4,Average,Out of Stock,Returned
ORD104473,CUST2120, Shravya Korpal ,67,Female,Maharashtra,pune,Dadar,681164,28-12-2024,28-12-2024,P468,Cake,Bakery,Bakery,Monginis,4.15,509,434,15,2,868,GOOGLE PAY,Cancelled,71,1,Average,In Stock,Cancelled
ORD100567,CUST8836,Lopa Seth,31,Female,Maharashtra,Nagpur,Dharampeth,608229,12-11-2025,14-11-2025,P276,Apple,Fruits & Vegetables,Fruits & Vegetables,Kashmir Fresh,2,257,237,8,1,237,CASH ON DELIVERY,Delivered,68,3,Late delivery,Limited,Pending
ORD103002,CUST3475,Alka Goel,58,Male,Maharashtra,Pune,Hinjewadi,415951,06-01-2024,06-01-2024,P984,Namkeen,Snacks,Snacks,Haldiram,0.51,608,536,12,2,1072,GOOGLE PAY,Delivered,72,1,Average,Limited,Delivered
ORD101081,CUST8788,Jagat Sahota,71,Other,Delhi,New Delhi, Dwarka ,858758,08-02-2025,03-08-2025,P276,Milk,Dairy,Dairy,Amul,4.62,594,551,7,6,3307,UPI,Pending,49,3,Average,Limited,Pending
ORD102650,CUST9160,Xavier Karnik,21,Male,Delhi,New Delhi,Dwarka,662228,31-10-2024,01-11-2024,P581,Atta,Grocery,Grocery,Aashirvaad,1.26,356,350,1,4,1402,GPAY,Returned,12,1,Late delivery,In Stock,Returned
ORD101734,CUST3015,Wyatt Magar,27,Other,Karnataka,pune,Koramangala,558245,24-02-2024,25-02-2024,P113,Detergent,Household Items,Household Items,Surf Excel,4.24,34,31,11,5,154,UPI,Returned,16,5,Excellent,Out of Stock,Cancelled
ORD101327,CUST2496,Darpan Agate,80,Female,Maharashtra,Pune,Kothrud,24424,02-12-2025,12-05-2025,P713,Toothpaste,Personal Care,Personal Care,Colgate,1.09,53,44,17,8,349,UPI,Pending,74,2,Average,In Stock,Pending
ORD102392,CUST3622,Mekhala Gupta,55,Female,Telangana,Hyderabad,Madhapur,92429,07-09-2025,07-09-2025,P180,Bread,Bakery,Bakery,Britannia,3.85,28,18,35,4,72,GPAY,Returned,52,4,Damaged item,In Stock,Pending
ORD104487,CUST9686,David Halder,34,Female,Delhi,New Delhi,Saket,446273,19-04-2024,22-04-2024,P753,Rice,Grocery,Grocery,India Gate,1.38,334,308,8,4,1234,CASH,Returned,18,3,Average,Out of Stock,Pending
ORD101504,CUST7430,Yashawini Char,40,Other,Telangana,Hyderabad,Gachibowli,46283,03-06-2025,07-06-2025,P934,Milk,Dairy,Dairy,Amul,0.87,298,257,14,2,514,CASH,Returned,64,3,Good,Out of Stock,Delivered
ORD102055,CUST6729,Caleb Natarajan,20,Other,Gujarat,Ahmedabad,Satellite,627919,17-02-2025,21-02-2025,P218,Ice Cream,Frozen Food,Frozen Food,Amul,1.71,343,279,19,7,1950,Debit Card,Cancelled,54,1,Average,Out of Stock,Cancelled
ORD104541,CUST3529,Tara Dube,77,Female,Telangana,Hyderabad, Madhapur ,679499,07-06-2024,09-06-2024,P484,Biscuits,Snacks,Snacks,Parle,2.77,596,358,40,8,2861,UPI,Delivered,77,2,Average,In Stock,Delivered
ORD102071,CUST6457,Faraj Nigam,69,Female,Telangana,Hyderabad,Madhapur,730617,04-10-2024,10-08-2024,P292,Namkeen,Snacks,Snacks,Haldiram,2.2,378,287,24,8,2293,GPAY,Returned,87,4,Good,In Stock,Delivered
ORD101278,CUST2337,Oni Dua,32,Female,Maharashtra,Mumbai,Bandra,822483,07-04-2024,07-04-2024,P245,Frozen Peas,Frozen Food,Frozen Food,Safal,3,676,598,12,8,4787,Debit Card,Returned,507,3,Average,Out of Stock,Cancelled
ORD101230,CUST6598,Gabriel Maharaj,65,Female,Maharashtra,Mumbai,Dadar,535555,11-10-2024,13-11-2024,P376,Banana,Fruits & Vegetables,Fruits & Vegetables,FreshFarm,1.96,691,657,5,1,657,GOOGLE PAY,Cancelled,50,3,Damaged item,Limited,Pending
ORD102660,CUST2280,Balvan Dave,78,Other,Maharashtra,Mumbai,Powai,116669,07-10-2025,07-10-2025,P487,Cake,Bakery,Bakery,Monginis,3.34,700,625,11,5,3123,GOOGLE PAY,Pending,37,3,Average,Out of Stock,Pending
ORD101370,CUST7595,Ethan Panchal,25,Male,West Bengal,Kolkata,Park Street,127941,23-05-2024,23-05-2024,P475,Paneer,Dairy,Dairy,Mother Dairy,3.38,37,33,10,5,167,CASH,Delivered,45,1,Good,Limited,Cancelled
ORD103660,CUST7529,Zilmil Loke,28,Male,Karnataka,Bangalore,Whitefield,284220,25-12-2024,28-12-2024,P270,Ice Cream,Frozen Food,Frozen Food,Amul,3.35,150,109,27,5,547,UPI,Pending,80,1,Damaged item,Out of Stock,Pending
ORD103635,null,Falan Shanker,18,Female,Maharashtra,Unknown,Andheri,683738,26-01-2024,27-01-2024,P293,Namkeen,Snacks,Snacks,Haldiram,2.37,406,323,35,1,1488,Unknown,Pending,19,4,Average,Out of Stock,Pending
ORD102150,CUST5089,Daksha Dhar,73,Male,West Bengal,Kolkata,Park Street,515009,22-09-2025,23-09-2025,P138,Juice,Beverages,Beverages,Real,0.43,762,683,10,3,2048,GPAY,Cancelled,65,4,Good,Out of Stock,Cancelled
ORD101129,CUST5034,Brinda Bansal,50,Male,Telangana,Hyderabad,Gachibowli,164569,21-12-2024,22-12-2024,P383,Namkeen,Snacks,Snacks,Haldiram,1.77,455,314,31,8,2509,CASH ON DELIVERY,Pending,36,2,Late delivery,Out of Stock,Cancelled
ORD104657,CUST6031,Chandani Kari,34,Male,Telangana,Hyderabad,Gachibowli,609297,16-05-2025,20-05-2025,P968,Soft Drink,Beverages,Beverages,Coca-Cola,2.15,161,140,13,4,559,Debit Card,Returned,17,4,Damaged item,Out of Stock,Pending
ORD102950,CUST2360,Xalak Shah,59,Female,Maharashtra,Mumbai,Powai,847424,04-09-2024,06-09-2024,P199,Cake,Bakery,Bakery,Monginis,2.61,440,283,36,2,567,GOOGLE PAY,Cancelled,55,5,Late delivery,In Stock,Cancelled
ORD102903,CUST8170,Jeevika Khalsa,43,Female,West Bengal,Kolkata,Howrah,390488,23-03-2024,27-03-2024,P258,Bread,Bakery,Bakery,Britannia,0.49,673,529,21,3,1586,GPAY,Returned,50,3,Average,Out of Stock,Cancelled
ORD104063,CUST2199,Viraj Wali,77,Male,West Bengal,Kolkata,Salt Lake,367367,30-01-2025,02-02-2025,P941,Atta,Grocery,Grocery,Aashirvaad,4.9,543,446,18,2,891,UPI,Cancelled,64,4,Average,Out of Stock,Returned
ORD103115,CUST1310,Daniel Kala,63,Female,Gujarat,Surat,Vesu,767299,06-09-2025,08-09-2025,P731,Atta,Grocery,Grocery,Aashirvaad,3.18,502,385,23,7,2694,CASH,Pending,26,2,Late delivery,Out of Stock,Delivered
ORD100350,CUST4029,Lakshit Bhatnagar,38,Female,Gujarat,Ahmedabad,Navrangpura,646480,12-11-2025,11-12-2025,P503,Cake,Bakery,Bakery,Monginis,2.82,319,319,0,3,958,CASH,Returned,76,5,Average,Limited,Delivered
ORD101816,CUST2787,Robert Dani,33,Male,Gujarat,Hyderbad,Satellite,201981,20-08-2024,20-08-2024,P883,Detergent,Household Items,Household Items,Surf Excel,3.74,424,331,22,8,2649,GOOGLE PAY,Cancelled,47,3,Late delivery,In Stock,Pending
ORD100641,CUST5861,Reva Nagarajan,46,Female,Maharashtra,Pune,Wakad,734530,16-11-2025,18-11-2025,P150,Sugar,Grocery,Grocery,Madhur,3.66,385,315,18,3,945,UPI,Cancelled,77,2,Average,Out of Stock,Cancelled
ORD100531,CUST3553,Chakrika Varughese,13,Other,West Bengal,Kolkata,Salt Lake,637270,11-12-2024,15-12-2024,P900,Rice,Grocery,Grocery,India Gate,4.02,535,521,3,3,1563,UPI,Returned,80,4,Late delivery,Limited,Pending
ORD100367,CUST7567,Watika Jha,42,Other,Telangana,Hyderabad,Banjara Hills,135896,13-07-2024,16-07-2024,P288,Curd,Dairy,Dairy,Britannia,0.12,554,525,5,8,4202,CASH,Pending,57,3,Good,Limited,Returned
ORD101921,CUST9389, Aahana Dhaliwal ,48,Male,maharashtra,New Delhi,Rohini,956617,15-12-2024,18-12-2024,P774,Curd,Dairy,Dairy,Britannia,0.12,678,581,14,6,3485,UPI,Pending,19,5,Good,Limited,Delivered
ORD104258,CUST1553,Nandini Ganesh,59,Male,Karnataka,Mysore,Gokulam,811169,09-01-2024,13-01-2024,P883,Cleaner,Household Items,Household Items,Lizol,1.57,115,100,12,1,100,CASH ON DELIVERY,Pending,62,2,Excellent,In Stock,Delivered
ORD103029,CUST7433,Liam Agrawal,47,Male,Gujarat,Ahmedabad,Navrangpura,202914,22-07-2024,22-07-2024,P739,Milk,Dairy,Dairy,Amul,1.6,211,183,14,1,183,Debit Card,Returned,75,5,Late delivery,Out of Stock,Delivered
ORD103188,CUST3959,Oliver Buch,77,Female,Telangana,Hyderabad,Madhapur,452495,25-09-2025,29-09-2025,P971,Bread,Bakery,Bakery, Britannia ,0.49,526,333,37,4,1333,Debit Card,Cancelled,46,4,Good,Out of Stock,Pending
ORD101371,CUST5239,Samar Sharaf,78,Other,Delhi,New Delhi,Rohini,211230,18-06-2025,21-06-2025,P581,Bread,Bakery,Bakery,Britannia,0.5,762,502,34,5,2512,Debit Card,Delivered,15,5,Damaged item,Out of Stock,Delivered
ORD101724,null,Vihaan Dhillon,32,Female,Tamil Nadu,Unknown,RS Puram,720943,13-11-2024,16-11-2024,P791,Apple,Fruits & Vegetables,Fruits & Vegetables,Kashmir Fresh,3.66,406,323,29,4,1488,Unknown,Pending,89,3,Average,In Stock,Pending
ORD100528,CUST4893,Lucky Minhas,61,Other,maharashtra,PUNE,Park Street,331533,05-10-2025,10-05-2025,P356,Banana,Fruits & Vegetables,Fruits & Vegetables,FreshFarm,1.79,35,33,7,2,66,CASH ON DELIVERY,Returned,65,2,Damaged item,Limited,Cancelled
ORD101794,CUST8941,Upkaar Buch,63,Female,Gujarat,Surat,Vesu,754619,10-04-2025,10-04-2025,P647,Tea,Beverages,Beverages,Tata Tea,2.35,26,16,39,6,93,GOOGLE PAY,Delivered,13,5,Average,In Stock,Delivered
ORD103027,null,Bhavini Bhatia,57,Female,Delhi,Unknown,Rohini,388338,16-02-2024,18-02-2024,P321,Detergent,Household Items,Household Items,Surf Excel,1.4,406,323,36,2,1488,Unknown,Pending,88,2,Average,In Stock,Pending
ORD103423,null,Champak Palla,37,Male,Karnataka,Unknown,Indiranagar,512512,18-01-2024,22-01-2024,P151,Biscuits,Snacks,Snacks,Parle,0.26,406,323,25,3,1488,Unknown,Pending,89,5,Average,Limited,Pending
ORD104057,CUST2963,Ijaya Babu,53,Other,Karnataka,Mysore,VV Mohalla,876011,24-09-2025,24-09-2025,P883,Ice Cream,Frozen Food,Frozen Food,Amul,2.85,235,193,18,1,193,UPI,Delivered,27,5,Average,In Stock,Pending
ORD102325,CUST1121,Chaaya Venkatesh,10,Male,Gujarat,Surat,Vesu,914188,13-08-2024,14-08-2024,P171,Soft Drink,Beverages,Beverages,Coca-Cola,0.67,727,496,32,8,3970,GOOGLE PAY,Delivered,21,3,Excellent,Limited,Returned
ORD102143,CUST2995,Hema Bumb,54,Female,Tamil Nadu,Coimbatore,RS Puram,411199,16-01-2024,16-01-2024,P145,Bread,Bakery,Bakery, Britannia ,3.97,387,315,19,5,1575,GPAY,Cancelled,20,3,Damaged item,Limited,Cancelled
ORD102335,CUST8447,Manbir Murthy,69,Male,Telangana,Hyderabad,Banjara Hills,349518,08-12-2024,16-08-2024,P717,Atta,Grocery,Grocery,Aashirvaad,4.15,697,464,33,6,2783,UPI,Returned,60,4,Good,In Stock,Pending
ORD104472,CUST7793,Vedhika Ghose,55,Other,Maharashtra,Mumbai,Bandra,709066,09-04-2024,08-09-2024,P421,Milk,Dairy,Dairy,Amul,4.47,197,166,16,4,662,CASH ON DELIVERY,Cancelled,38,3,Damaged item,Out of Stock,Cancelled
ORD100418,CUST9306,Qasim Deep,56,Other,Karnataka,Bangalore,Indiranagar,949091,23-05-2024,25-05-2024,P232,Soap,Personal Care,Personal Care,Dove,3.52,740,464,37,5,2322,CASH,Cancelled,81,5,Average,Out of Stock,Delivered
ORD104553,null,Zayyan Kata,43,Male,Karnataka,Unknown,Indiranagar,567413,30-07-2024,08-03-2024,P693,Sugar,Grocery,Grocery,Madhur,2.07,406,323,38,3,1488,Unknown,Pending,952,3,Average,Out of Stock,Pending
ORD102746,CUST5306, Shivansh Shukla ,21,Male,Delhi,New Delhi,Saket,823510,14-07-2024,16-07-2024,P998,Soap,Personal Care,Personal Care,Dove,2.7,754,603,20,6,3619,Debit Card,Delivered,72,5,Average,In Stock,Pending
ORD103625,CUST4329, Dayita Rau ,32,Male,Gujarat,Surat,Vesu,112757,19-10-2024,19-10-2024,P984,Juice,Beverages,Beverages,Real,4.66,82,65,20,3,196,GPAY,Pending,74,1,Excellent,In Stock,Delivered
ORD101176,CUST3074,Naksh Borde,56,Female,Tamil Nadu,Chennai,T Nagar,967451,08-01-2024,01-11-2024,P436,Detergent,Household Items,Household Items, Surf Excel ,3.51,325,208,36,5,1042,UPI,Pending,69,5,Average,Out of Stock,Cancelled
ORD104459,CUST1937,Brijesh Koshy,76,Female,Maharashtra,Mumbai,Powai,986678,17-03-2025,19-03-2025,P886,Paneer,Dairy,Dairy,Mother Dairy,2.16,379,241,36,5,1206,GPAY,Pending,30,3,Average,Out of Stock,Returned
ORD100670,CUST8259,Sarthak Kanda,28,Other,maharashtra,Nagpur,Dharampeth,723787,05-08-2025,08-05-2025,P541,Milk,Dairy,Dairy,Amul,2.19,116,98,15,7,687,CASH,Delivered,15,2,Late delivery,In Stock,Cancelled
ORD101541,CUST6087,Ryan Chandran,27,Female,Telangana,Hyderabad,Madhapur,698604,27-01-2025,31-01-2025,P829,Bread,Bakery,Bakery,Britannia,3.36,552,371,33,4,1483,CASH ON DELIVERY,Returned,48,3,Damaged item,Limited,Returned
ORD102073,CUST3832,Chaitaly Warrior,39,Male,Telangana,Hyderabad,Banjara Hills,991019,29-07-2025,30-07-2025,P601,Frozen Peas,Frozen Food,Frozen Food,Safal,1.06,138,130,5,6,782,GOOGLE PAY,Returned,51,1,Average,Out of Stock,Pending
ORD104050,CUST9496,Ikshita Golla,18,Male,West Bengal,Kolkata, Salt Lake ,621479,05-07-2025,07-07-2025,P946,Shampoo,Personal Care,Personal Care,Clinic Plus,0.26,192,148,23,5,741,GPAY,Returned,59,5,Excellent,In Stock,Delivered
ORD101983,CUST3654,Lakshit Vasa,34,Other,Tamil Nadu,Mumbai, Rohini ,863439,26-09-2024,30-09-2024,P159,Soft Drink,Beverages,Beverages,Coca-Cola,3.68,311,263,15,8,2103,Debit Card,Cancelled,45,4,Average,In Stock,Returned
ORD104846,CUST2494,Nathaniel Buch,45,Female,West Bengal,Kolkata,Salt Lake,75569,09-10-2024,13-10-2024,P557,Atta,Grocery,Grocery,Aashirvaad,1.88,110,80,27,1,220,UPI,Returned,25,2,Late delivery,In Stock,Returned
ORD104267,CUST7563,Ekbal Lal,58,Female,Tamil Nadu,Coimbatore,Peelamedu,320609,13-04-2024,13-04-2024,P506,Soap,Personal Care,Personal Care,Dove,1.45,440,344,22,6,2066,CASH ON DELIVERY,Pending,15,3,Average,In Stock,Pending
ORD104312,CUST3874,Sara Murthy,37,Male,West Bengal,Kolkata,Howrah,472633,20-12-2025,23-12-2025,P783,Milk,Dairy,Dairy,Amul,1.49,424,307,28,2,614,CASH,Returned,43,3,Average,Limited,Pending
ORD101935,CUST2944,Robert Mani,23,Female,Gujarat,Ahmedabad,Satellite,221648,04-10-2025,06-10-2025,P464,Toothpaste,Personal Care,Personal Care,Colgate,1.34,368,251,32,2,502,CASH ON DELIVERY,Delivered,80,4,Damaged item,Out of Stock,Pending
ORD102223,CUST3839,Manbir Bal,58,Female,Maharashtra,Mumbai,Powai,11880,14-11-2024,14-11-2024,P225,Shampoo,Personal Care,Personal Care,Clinic Plus,4.27,112,90,19,8,723,UPI,Pending,34,5,Average,In Stock,Delivered
ORD102403,CUST7904,Ekanta Murthy,48,Other,Telangana,Hyderabad,Banjara Hills,352938,24-04-2024,24-04-2024,P529,Apple,Fruits & Vegetables,Fruits & Vegetables,Kashmir Fresh,2.84,639,422,34,2,844,UPI,Cancelled,44,3,Good,Out of Stock,Cancelled
ORD100929,CUST9847,Kamya Soni,27,Other,Karnataka,Mysore, VV Mohalla ,446348,10-08-2025,12-10-2025,P967,Chips,Snacks,Snacks,Lay's,3.31,513,376,27,1,376,Debit Card,Delivered,90,2,Average,In Stock,Returned
ORD103268,CUST8089,Siya Bir,35,Male,Karnataka,Bangalore,Koramangala,395654,20-08-2024,20-08-2024,P968,Milk,Dairy,Dairy,Amul,4.71,491,326,34,4,1306,UPI,Delivered,17,1,Late delivery,Out of Stock,Pending
ORD101526,null,Ekiya Kata,60,Female,Gujarat,Unknown,Adajan,987365,02-10-2025,14-02-2025,P811,Toothpaste,Personal Care,Personal Care,Colgate,4.77,406,323,30,3,1488,Unknown,Pending,54,5,Average,Limited,Pending
ORD100029,CUST5982,Dayita Natt,36,Other,Tamil Nadu,Chennai,Anna Nagar,415779,01-06-2024,03-06-2024,P612,Sugar,Grocery,Grocery,Madhur,2.75,76,50,33,3,151,GPAY,Delivered,67,1,Damaged item,Limited,Cancelled
ORD100115,CUST6362,Vanya Agarwal,73,Male,West Bengal,Kolkata,Park Street,610209,29-05-2025,29-05-2025,P108,Shampoo,Personal Care,Personal Care,Clinic Plus,1.91,194,156,19,3,469,GOOGLE PAY,Cancelled,47,5,Late delivery,Out of Stock,Cancelled
ORD104064,CUST6654,Ekanta Ranganathan,75,Male,Gujarat,Surat,Adajan,586852,27-01-2025,30-01-2025,P606,Biscuits,Snacks,Snacks,Parle,0.15,496,332,33,3,995,GPAY,Pending,8,3,Average,Out of Stock,Returned
ORD101620,CUST9800,Qushi Desai,80,Male,Karnataka,Bangalore,Indiranagar,678567,02-05-2024,02-09-2024,P871,Namkeen,Snacks,Snacks, Haldiram ,4.03,392,362,7,6,2094,Debit Card,Returned,9,3,Excellent,Out of Stock,Cancelled
ORD100158,CUST2036,Chakradhar Chander,18,Other,West Bengal,Kolkata, Park Street ,551733,21-08-2024,23-08-2024,P817,Apple,Fruits & Vegetables,Fruits & Vegetables,Kashmir Fresh,4.26,323,275,15,7,2069,GOOGLE PAY,Delivered,87,3,Excellent,Limited,Delivered
ORD104235,CUST4706,Liam Basak,66,Female,Maharashtra,Pune,Hinjewadi,386590,15-07-2025,16-07-2025,P607,Banana,Fruits & Vegetables,Fruits & Vegetables,FreshFarm,2.07,390,263,33,3,789,Debit Card,Returned,22,4,Average,Limited,Cancelled
ORD100538,CUST9672,Maanas Vig,63,Male,Delhi,New Delhi,Dwarka,131835,24-03-2024,25-03-2024,P825,Chips,Snacks,Snacks,Lay's,4.94,580,369,36,2,739,CASH,Pending,49,3,Average,Limited,Delivered
ORD104769,CUST7554,Girik Das,26,Male,West Bengal,Kolkata, Howrah ,873369,25-02-2024,28-02-2024,P463,Namkeen,Snacks,Snacks,Haldiram,3.15,212,153,28,8,1225,CASH ON DELIVERY,Cancelled,25,3,Good,Limited,Returned
ORD100017,CUST9099,Laban Bakshi,58,Female,Maharashtra,Pune,Baner,573925,30-05-2024,30-05-2024,P771,Rice,Grocery,Grocery,India Gate,3.47,211,167,21,1,167,Debit Card,Delivered,57,2,Late delivery,Limited,Returned
ORD101275,CUST5624,Megha Chakrabarti,41,Female,West Bengal,Kolkata,Salt Lake,452655,22-02-2025,24-02-2025,P318,Juice,Beverages,Beverages,Real,3.86,425,360,15,8,2879,GOOGLE PAY,Pending,65,3,Average,Out of Stock,Pending
ORD102822,CUST5247,Neel Dugar,52,Female,Tamil Nadu,Coimbatore,RS Puram,383607,15-11-2024,16-11-2024,P783,Curd,Dairy,Dairy,Britannia,1.3,728,568,22,6,3409,CASH ON DELIVERY,Delivered,14,3,Average,Out of Stock,Returned
ORD100994,CUST1125,Ira Sheth,33,Other,Telangana,Hyderabad,Gachibowli,33762,28-12-2025,28-12-2025,P228,Toothpaste,Personal Care,Personal Care,Colgate,4.44,270,256,5,3,768,Debit Card,Delivered,-3,4,Average,In Stock,Pending
ORD103620,CUST6498,Abha Kanda,66,Male,West Bengal,Kolkata,Salt Lake,982367,20-03-2025,22-03-2025,P556,Biscuits,Snacks,Snacks,Parle,4.77,597,474,21,4,1896,CASH ON DELIVERY,Pending,54,3,Average,Limited,Returned
ORD102532,CUST2504,Triveni Sibal,55,Male,Karnataka,Mysore,VV Mohalla,589012,12-04-2024,14-04-2024,P590,Chips,Snacks,Snacks,Lay's,2.56,326,208,36,2,416,GOOGLE PAY,Pending,26,5,Good,Out of Stock,Pending
ORD100451,CUST3690,Meera Chana,31,Other,Delhi,New Delhi,Saket,939284,24-10-2024,28-10-2024,P110,Chips,Snacks,Snacks,Lay's,1.66,646,634,2,4,2535,UPI,Pending,25,1,Good,Out of Stock,Pending
ORD100198,CUST4271,Warda Gera,46,Other,Telangana,Hyderabad,Madhapur,225471,02-11-2025,02-11-2025,P875,Toothpaste,Personal Care,Personal Care,Colgate,3.67,152,112,26,5,562,UPI,Delivered,37,1,Late delivery,Limited,Pending
ORD102740,null,Bimala Swamy,63,Other,Maharashtra,Unknown,Dharampeth,175685,10-04-2025,10-07-2025,P585,Cleaner,Household Items,Household Items,Lizol,0.4,406,323,15,4,1488,Unknown,Pending,67,3,Average,Limited,Pending
ORD103103,CUST5672,Krish Mand,19,Other,Karnataka,Bangalore,Koramangala,564261,26-08-2025,28-08-2025,P939,Shampoo,Personal Care,Personal Care,Clinic Plus,0.52,512,437,15,5,2185,GPAY,Returned,21,1,Average,Limited,Cancelled
ORD101212,CUST7405,Mugdha Bumb,59,Female,Telangana,Hyderabad,Gachibowli,914339,25-07-2025,29-07-2025,P110,Ice Cream,Frozen Food,Frozen Food,Amul,1.56,301,251,17,2,501,GOOGLE PAY,Cancelled,75,3,Damaged item,Out of Stock,Pending
ORD102314,CUST5633, Geetika Subramaniam ,76,Female,West Bengal,Kolkata,Howrah,253532,17-01-2025,17-01-2025,P636,Frozen Peas,Frozen Food,Frozen Food,Safal,4.16,522,435,17,5,2177,CASH,Returned,-12,2,Damaged item,In Stock,Pending
ORD104318,CUST3525,Vrinda Raman,22,Female,Gujarat,Ahmedabad,Navrangpura,413603,04-09-2025,06-09-2025,P825,Rice,Grocery,Grocery,India Gate,0.74,383,282,27,1,282,GOOGLE PAY,Returned,32,1,Damaged item,In Stock,Cancelled
ORD102438,CUST6501,Ishanvi Balay,22,Other,Maharashtra,Pune,Wakad,245411,25-09-2024,29-09-2024,P909,Toothpaste,Personal Care,Personal Care,Colgate,2.25,326,254,22,8,2032,Debit Card,Returned,53,2,Good,In Stock,Returned
ORD101028,CUST8846,Onkar Sanghvi,33,Male,Telangana,PUNE,Gachibowli,49092,20-07-2024,20-07-2024,P714,Curd,Dairy,Dairy,Britannia,0.16,428,381,11,7,2664,CASH ON DELIVERY,Cancelled,19,4,Damaged item,Out of Stock,Pending
ORD104859,CUST7048,Rushil Dora,67,Other,Delhi,pune,Dwarka,352166,10-10-2025,13-10-2025,P640,Cake,Bakery,Bakery,Monginis,2.43,555,449,19,3,1347,CASH,Cancelled,67,3,Average,In Stock,Pending
ORD104118,CUST3308,Ekavir Ramesh,67,Male,Gujarat,Ahmedabad,Navrangpura,189920,02-12-2025,12-06-2025,P195,Curd,Dairy,Dairy,Britannia,2.92,205,191,7,5,955,UPI,Delivered,32,4,Excellent,In Stock,Returned
ORD104094,CUST1914,Rachita Krishna,49,Female,Delhi,New Delhi,Dwarka,331973,21-01-2025,24-01-2025,P255,Toothpaste,Personal Care,Personal Care, Colgate ,5,103,91,11,6,546,CASH,Returned,80,5,Average,Out of Stock,Delivered
ORD101406,null,Anirudh Balan,52,Male,Telangana,Unknown,Madhapur,314694,11-03-2025,04-11-2025,P714,Frozen Peas,Frozen Food,Frozen Food,Safal,3.11,406,323,10,6,1488,Unknown,Pending,49,4,Average,Out of Stock,Pending
ORD102264,CUST6054,Girish Dugar,46,Female,Karnataka,Mysore, VV Mohalla ,562182,27-06-2025,27-06-2025,P326,Rice,Grocery,Grocery,India Gate,1.55,660,409,38,2,817,CASH,Returned,45,5,Good,Out of Stock,Cancelled
ORD102159,CUST8496,Urishilla Banerjee,54,Female,Telangana,Hyderabad,Gachibowli,979632,07-10-2025,10-07-2025,P791,Cake,Bakery,Bakery,Monginis,4.21,314,240,24,3,720,Debit Card,Returned,28,4,Excellent,Out of Stock,Cancelled
ORD104449,CUST8559,Neha Hayre,78,Female,Karnataka,Mysore,VV Mohalla,762103,10-04-2025,08-10-2025,P406,Tomato,Fruits & Vegetables,Fruits & Vegetables,Organic India,1.61,744,666,10,1,666,UPI,Delivered,70,1,Average,Limited,Delivered
ORD102416,null,Fiyaz Mistry,37,Other,Tamil Nadu,Unknown,Anna Nagar,67344,22-07-2025,22-07-2025,P545,Atta,Grocery,Grocery,Aashirvaad,0.14,406,323,36,6,1488,Unknown,Pending,47,3,Average,Limited,Pending
ORD102107,CUST7352,Chaitaly Chandran,48,Other,Telangana,Hyderabad, Banjara Hills ,362269,13-11-2025,13-11-2025,P669,Shampoo,Personal Care,Personal Care,Clinic Plus,3.7,511,351,31,4,1402,Debit Card,Returned,2,3,Average,Limited,Pending
ORD103818,CUST6351,Varenya Pall,38,Male,Maharashtra,Mumbai, Bandra ,846152,29-10-2024,30-10-2024,P761,Chips,Snacks,Snacks,Lay's,4.68,117,117,0,6,701,CASH,Cancelled,61,4,Late delivery,Limited,Delivered
ORD104096,CUST4016,Aadhya Dhingra,48,Female,Gujarat,Ahmedabad,Navrangpura,494038,11-03-2025,03-11-2025,P132,Biscuits,Snacks,Snacks,Parle,3.58,559,510,9,2,1020,CASH,Cancelled,18,3,Excellent,Out of Stock,Cancelled
ORD102404,CUST7975,Ethan Grewal,33,Male,Delhi,pune,Saket,128208,18-02-2024,20-02-2024,P217,Paneer,Dairy,Dairy,Mother Dairy,2.45,286,240,16,5,1201,GOOGLE PAY,Cancelled,56,3,Late delivery,Out of Stock,Returned
ORD104093,CUST5385,Nakul Shukla,24,Female,Tamil Nadu,Chennai,Velachery,123561,22-06-2025,26-06-2025,P505,Namkeen,Snacks,Snacks,Haldiram,2.89,410,372,9,2,745,CASH ON DELIVERY,Cancelled,77,3,Late delivery,Limited,Delivered
ORD102693,CUST3467,Rajata Hayer,29,Female,Karnataka,Bangalore,Indiranagar,480474,05-08-2025,05-08-2025,P935,Toothpaste,Personal Care,Personal Care,Colgate,1.74,164,100,39,5,501,GOOGLE PAY,Pending,16,2,Average,Out of Stock,Delivered
ORD104279,CUST1326,Jeremiah Balasubramanian,41,Female,Karnataka,Mysore,VV Mohalla,631013,26-12-2024,29-12-2024,P136,Shampoo,Personal Care,Personal Care, Clinic Plus ,3.28,119,92,22,3,277,Debit Card,Cancelled,72,3,Average,In Stock,Returned
ORD102930,CUST9990,Zayyan Yogi,36,Male,Delhi,New Delhi,Rohini,638902,11-11-2024,12-11-2024,P219,Toothpaste,Personal Care,Personal Care,Colgate,2.96,131,112,15,2,26,CASH,Returned,624,2,Damaged item,In Stock,Returned
ORD103068,CUST6638,Janaki Deshpande,77,Female,Gujarat,Surat,Vesu,970986,30-03-2025,01-04-2025,P246,Shampoo,Personal Care,Personal Care,Clinic Plus,3.28,79,53,33,1,53,GPAY,Cancelled,76,2,Good,In Stock,Cancelled
ORD104062,CUST6765,Christopher Sood,77,Other,Telangana,Hyderabad,Gachibowli,14762,16-11-2025,20-11-2025,P368,Ice Cream,Frozen Food,Frozen Food,Amul,2.78,221,218,1,2,435,GOOGLE PAY,Delivered,90,4,Good,Out of Stock,Pending
ORD101270,CUST8307,Bishakha Shere,61,Female,Tamil Nadu,Chennai,Anna Nagar,983973,25-04-2025,27-04-2025,P876,Frozen Peas,Frozen Food,Frozen Food,Safal,2.01,714,520,27,7,3640,UPI,Returned,85,1,Average,In Stock,Cancelled
ORD103308,CUST4229,Yashvi Toor,63,Other,Gujarat,Surat,Vesu,686738,20-06-2025,23-06-2025,P953,Banana,Fruits & Vegetables,Fruits & Vegetables,FreshFarm,2.76,677,612,10,7,4284,CASH ON DELIVERY,Returned,24,5,Average,Out of Stock,Pending
ORD101563,null,Indali Soman,60,Male,Tamil Nadu,Unknown,Peelamedu,917165,26-11-2024,30-11-2024,P339,Juice,Beverages,Beverages,Real,1.31,406,323,29,2,1488,Unknown,Pending,68,2,Average,Out of Stock,Pending
ORD101120,CUST8372,Tamanna Sinha,33,Male,Gujarat,Ahmedabad,Navrangpura,392484,16-03-2024,20-03-2024,P762,Biscuits,Snacks,Snacks,Parle,4.27,56,53,6,3,158,Debit Card,Returned,27,3,Average,In Stock,Delivered
ORD101440,CUST9744,Ria Saraf,37,Female,Gujarat,Surat,Adajan,346736,18-09-2024,18-09-2024,P793,Namkeen,Snacks,Snacks,Haldiram,2.33,469,356,24,4,1426,CASH,Pending,44,3,Average,Out of Stock,Cancelled
ORD101100,CUST2536,Om Ramaswamy,22,Female,Tamil Nadu,Coimbatore,Peelamedu,907613,30-08-2024,02-09-2024,P388,Apple,Fruits & Vegetables,Fruits & Vegetables,Kashmir Fresh,2.77,133,112,-14,7,781,Debit Card,Returned,31,1,Average,Out of Stock,Delivered
ORD100349,null,Ekapad Sura,59,Other,Maharashtra,Unknown,Sitabuldi,694572,04-10-2025,07-10-2025,P747,Frozen Peas,Frozen Food,Frozen Food,Safal,3.3,406,323,30,4,1488,Unknown,Pending,19,1,Average,In Stock,Pending
ORD102381,CUST5654,Amruta Batta,63,Other,Tamil Nadu,Chennai,T Nagar,421975,04-10-2025,05-10-2025,P889,Milk,Dairy,Dairy,Amul,4.13,631,599,5,3,1796,GPAY,Returned,87,4,Average,Limited,Returned
ORD102834,CUST6230,Rudra Sandhu,33,Male,Karnataka,Mysore,Gokulam,469758,05-09-2024,09-09-2024,P114,Bread,Bakery,Bakery,Britannia,2.8,395,335,15,3,1006,CASH ON DELIVERY,Pending,64,4,Average,In Stock,Delivered
ORD103863,CUST9614,Amol Barman,48,Female,Delhi,New Delhi,Saket,83855,30-07-2024,02-08-2024,P821,Soap,Personal Care,Personal Care,Dove,2.78,340,281,17,1,281,CASH ON DELIVERY,Pending,72,1,Average,Limited,Delivered
ORD102445,CUST3629,Yashasvi Yogi,45,Male,Maharashtra,Pune,Kothrud,503812,21-04-2025,24-04-2025,P902,Tea,Beverages,Beverages,Tata Tea,4.98,234,194,17,1,194,GOOGLE PAY,Pending,80,4,Late delivery,In Stock,Delivered
ORD104791,CUST3538,Saksham Shetty,56,Other,Karnataka,Bangalore,Whitefield,216607,08-12-2025,13-08-2025,P219,Cake,Bakery,Bakery,Monginis,3.59,617,381,38,3,1143,UPI,Pending,29,3,Average,In Stock,Delivered
ORD103759,CUST8210,Zashil Halder,26,Male,Gujarat,Ahmedabad,Satellite,696604,01-07-2025,08-01-2025,P189,Apple,Fruits & Vegetables,Fruits & Vegetables,Kashmir Fresh,0.41,174,173,1,8,1381,UPI,Cancelled,69,4,Average,Out of Stock,Returned
ORD100676,CUST1049,Kabir Boase,72,Female,Gujarat,Surat,Adajan,876204,21-01-2024,23-01-2024,P824,Juice,Beverages,Beverages,Real,0.42,444,434,2,4,1735,Debit Card,Pending,42,3,Average,Limited,Delivered
ORD103979,CUST3994,Zaid Baria,38,Other,maharashtra,Kolkata, Howrah ,556059,25-06-2024,26-06-2024,P718,Frozen Peas,Frozen Food,Frozen Food,Safal,4.35,380,297,22,1,297,GPAY,Cancelled,58,4,Late delivery,Limited,Returned
ORD102258,CUST6291,Dalbir Ghose,58,Female,Gujarat,Hyderbad,Adajan,626701,20-03-2024,20-03-2024,P392,Ice Cream,Frozen Food,Frozen Food,Amul,4.49,243,175,28,8,1402,CASH ON DELIVERY,Returned,73,4,Good,Limited,Cancelled
ORD102444,CUST3389,Vansha Savant,87,Male,Karnataka,pune,VV Mohalla,310764,17-04-2025,17-04-2025,P745,Ice Cream,Frozen Food,Frozen Food,Amul,4.72,654,559,15,4,2235,UPI,Pending,88,4,Average,Limited,Pending
ORD102807,CUST7960,Indrajit Sha,74,Female,Telangana,Hyderabad,Gachibowli,245321,13-05-2025,14-05-2025,P444,Milk,Dairy,Dairy,Amul,2.8,68,67,2,7,467,CASH ON DELIVERY,Cancelled,15,3,Good,Limited,Pending
ORD101742,CUST9029, Viraj Devan ,59,Female,Delhi,pune,Rohini,538635,27-10-2025,28-10-2025,P289,Shampoo,Personal Care,Personal Care,Clinic Plus,3.65,625,536,14,1,536,UPI,Returned,44,1,Late delivery,In Stock,Returned
ORD101168,CUST3332,Lopa Mitra,63,Other,Karnataka,pune,Whitefield,290036,11-01-2024,14-01-2024,P567,Atta,Grocery,Grocery,Aashirvaad,1.72,121,88,27,3,264,UPI,Delivered,42,5,Late delivery,Limited,Delivered
ORD102597,CUST7476,George Bora,21,Female,Gujarat,pune,Adajan,825528,17-12-2024,17-12-2024,P679,Chips,Snacks,Snacks,Lay's,0.37,109,72,33,2,145,GPAY,Pending,31,1,Damaged item,Limited,Delivered
ORD104029,CUST2256,Balendra Kumar,46,Other,Delhi,New Delhi,Saket,100081,09-03-2025,13-03-2025,P206,Banana,Fruits & Vegetables,Fruits & Vegetables,FreshFarm,2.73,402,259,36,5,1294,GOOGLE PAY,Pending,53,5,Damaged item,Limited,Pending
ORD101843,CUST1421,Aarna Lata,71,Other,West Bengal,Kolkata,Howrah,256857,19-11-2025,19-11-2025,P617,Milk,Dairy,Dairy,Amul,0.66,630,588,7,4,2352,Debit Card,Returned,15,1,Average,Limited,Pending
ORD101358,CUST3668,Kashvi Dayal,65,Female,Gujarat,Surat,Adajan,368941,13-07-2025,13-07-2025,P444,Banana,Fruits & Vegetables,Fruits & Vegetables,FreshFarm,0.59,731,544,26,6,3262,Debit Card,Pending,29,1,Average,Out of Stock,Delivered
ORD104843,CUST8442,Chameli Palla,52,Female,Telangana,Hyderabad,Gachibowli,418884,05-04-2025,07-04-2025,P279,Tea,Beverages,Beverages,Tata Tea,1.85,558,515,8,5,2575,UPI,Delivered,30,4,Late delivery,Limited,Cancelled
ORD102066,CUST1779,Jyoti Brar,25,Other,Tamil Nadu,Mumbai,Velachery,610935,13-09-2024,15-09-2024,P590,Ice Cream,Frozen Food,Frozen Food,Amul,1.23,204,177,13,1,160,UPI,Delivered,86,4,Average,Out of Stock,Pending
ORD101407,CUST8950,Isaiah Parmer,73,Other,Delhi,New Delhi,Saket,445062,21-12-2025,22-12-2025,P544,Cake,Bakery,Bakery,Monginis,2.46,327,312,5,4,1247,CASH ON DELIVERY,Delivered,22,1,Late delivery,Limited,Returned
ORD103215,CUST4349,Yashodhara Bassi,79,Other,Maharashtra,Nagpur,Dharampeth,409476,06-06-2025,07-06-2025,P668,Namkeen,Snacks,Snacks,Haldiram,4.86,459,375,18,4,1498,GOOGLE PAY,Delivered,73,4,Excellent,Limited,Pending
ORD104819,CUST4982,Udarsh Kala,73,Male,Telangana,Hyderabad,Madhapur,792596,21-03-2024,25-03-2024,P964,Ice Cream,Frozen Food,Frozen Food,Amul,3.19,82,65,21,7,620,GOOGLE PAY,Returned,31,4,Average,In Stock,Cancelled
ORD102189,CUST1789,Balhaar Kata,19,Female,Delhi,New Delhi,Saket,599617,11-07-2024,12-07-2024,P444,Detergent,Household Items,Household Items,Surf Excel,2.86,330,276,16,2,552,CASH,Delivered,38,4,Excellent,In Stock,Delivered
ORD100471,CUST5535,Yatin Choudhary,35,Other,West Bengal,Kolkata,Salt Lake,80366,24-09-2024,26-09-2024,P719,Sugar,Grocery,Grocery,Madhur,2.05,562,348,38,4,1392,UPI,Cancelled,31,1,Damaged item,In Stock,Delivered
ORD104548,CUST4168,Nikita Sidhu,42,Other,Karnataka,Bangalore,Indiranagar,802967,21-05-2024,25-05-2024,P885,Detergent,Household Items,Household Items,Surf Excel,0.95,423,269,36,3,1097,GPAY,Delivered,39,3,Average,Limited,Cancelled
ORD100006,CUST4770,Abdul Lata,32,Other,Telangana,Hyderabad,Gachibowli,891013,31-12-2025,02-01-2026,P172,Detergent,Household Items,Household Items, Surf Excel ,3.57,796,685,14,7,4793,UPI,Pending,10,1,Average,Out of Stock,Delivered
ORD101416,CUST2743,Pooja Sarkar,52,Male,Karnataka,Mysore,Gokulam,345346,22-11-2024,23-11-2024,P292,Detergent,Household Items,Household Items,Surf Excel,2.75,417,391,6,8,3130,GOOGLE PAY,Pending,69,1,Good,Limited,Delivered
ORD101962,CUST9041,Irya Guha,33,Other,West Bengal,Kolkata,Salt Lake,863599,21-02-2024,25-02-2024,P525,Chips,Snacks,Snacks,Lay's,4.42,161,100,38,3,301,CASH,Cancelled,22,1,Average,In Stock,Cancelled
ORD102994,CUST4135,Girindra Upadhyay,25,Female,Tamil Nadu,Chennai,Velachery,544559,26-09-2025,30-09-2025,P315,Juice,Beverages,Beverages,Real,3.87,333,315,-19,6,1892,UPI,Delivered,39,4,Excellent,Limited,Pending
ORD100203,null,Idika Rajagopalan,65,Male,Delhi,Unknown,Dwarka,860762,31-01-2024,02-02-2024,P880,Shampoo,Personal Care,Personal Care, Clinic Plus ,4.93,406,323,28,7,1488,Unknown,Pending,32,5,Average,In Stock,Pending
ORD102098,CUST3021,Ekanta Memon,72,Other,West Bengal,Kolkata,Howrah,864849,21-07-2024,21-07-2024,P549,Cake,Bakery,Bakery,Monginis,0.79,141,86,39,7,602,UPI,Delivered,46,2,Good,In Stock,Cancelled
ORD101867,CUST4291, Dalbir Dugar ,73,Other,Telangana,Hyderabad,Madhapur,431068,22-06-2024,23-06-2024,P974,Tea,Beverages,Beverages,Tata Tea,4.84,688,485,30,1,485,UPI,Returned,72,3,Average,Limited,Pending
ORD101155,CUST4751,Eta Tank,53,Female,Telangana,Hyderabad,Gachibowli,610379,24-07-2024,24-07-2024,P228,Tea,Beverages,Beverages,Tata Tea,0.68,736,556,24,8,4450,CASH ON DELIVERY,Delivered,69,2,Excellent,In Stock,Returned
ORD101071,CUST5439,Oni Ganguly,27,Female,Tamil Nadu,Chennai,T Nagar,215842,26-05-2025,28-05-2025,P188,Apple,Fruits & Vegetables,Fruits & Vegetables,Kashmir Fresh,3.75,153,140,9,7,978,UPI,Cancelled,32,2,Late delivery,Limited,Cancelled
ORD102670,null,Xalak Sastry,32,Female,Karnataka,Unknown,VV Mohalla,203765,24-10-2024,26-10-2024,P723,Frozen Peas,Frozen Food,Frozen Food,Safal,3.55,406,323,9,7,1488,Unknown,Pending,13,3,Average,In Stock,Pending
ORD102294,CUST1781,Amrita Desai,39,Other,Delhi,New Delhi,Saket,696278,19-11-2025,20-11-2025,P878,Biscuits,Snacks,Snacks,Parle,3.69,650,557,14,2,1114,CASH ON DELIVERY,Returned,28,3,Average,Out of Stock,Returned
ORD104149,null,Tanish Kakar,26,Other,maharashtra,Unknown,VV Mohalla,484629,12-05-2024,15-05-2024,P953,Soft Drink,Beverages,Beverages,Coca-Cola,3.7,406,323,24,7,1488,Unknown,Pending,8,3,Average,Limited,Pending
ORD103261,CUST1717,Warinder Puri,69,Other,Telangana,Hyderabad,Madhapur,435618,27-01-2024,31-01-2024,P266,Ice Cream,Frozen Food,Frozen Food,Amul,2.47,176,160,9,5,800,CASH,Delivered,83,3,Good,Limited,Returned
ORD100544,null,Januja Misra,46,Female,Delhi,Unknown,Saket,90805,15-10-2024,17-10-2024,P992,Namkeen,Snacks,Snacks,Haldiram,4.52,406,323,5,6,1488,Unknown,Pending,39,5,Average,Limited,Pending
ORD104550,CUST4613,Amrita Sem,69,Female,Tamil Nadu,Coimbatore,Peelamedu,618122,30-12-2024,31-12-2024,P244,Juice,Beverages,Beverages,Real,1.48,496,305,39,2,610,CASH ON DELIVERY,Pending,54,2,Good,Limited,Delivered
ORD102687,null,Xavier Misra,28,Male,Tamil Nadu,Hyderbad,T Nagar,796523,30-08-2025,09-01-2025,P959,Ice Cream,Frozen Food,Frozen Food,Amul,3.2,406,323,14,1,1488,Unknown,Pending,68,3,Average,In Stock,Pending
ORD102155,CUST7326,Bachittar Walia,23,Other,Gujarat,Ahmedabad,Satellite,226707,22-10-2024,22-10-2024,P602,Bread,Bakery,Bakery, Britannia ,2.31,475,415,13,8,3320,UPI,Delivered,19,2,Excellent,In Stock,Pending
ORD100601,CUST5918,Jyoti Manne,20,Other,Delhi,pune,Rohini,169148,02-05-2024,05-06-2024,P364,Cake,Bakery,Bakery,Monginis,4.1,633,542,14,1,542,UPI,Cancelled,15,4,Good,Limited,Cancelled
ORD104252,CUST3478,Alexander Devi,43,Female,Telangana,PUNE, Madhapur ,556258,19-01-2024,23-01-2024,P308,Toothpaste,Personal Care,Personal Care,Colgate,3.53,294,227,23,3,681,GPAY,Cancelled,77,4,Average,Out of Stock,Cancelled
ORD104455,CUST8484,Upadhriti Rajagopalan,37,Male,Tamil Nadu,Chennai,Anna Nagar,988573,14-10-2025,14-10-2025,P477,Cake,Bakery,Bakery,Monginis,0.92,81,79,3,5,394,UPI,Cancelled,33,5,Late delivery,In Stock,Delivered
ORD100199,CUST3315,Anay Saraf,66,Other,West Bengal,Kolkata,Salt Lake,859388,23-04-2024,25-04-2024,P118,Toothpaste,Personal Care,Personal Care,Colgate,1.95,388,284,27,8,2272,CASH ON DELIVERY,Delivered,69,2,Good,Out of Stock,Pending
ORD103870,CUST5883,Daksh Nath,29,Female,Telangana,Hyderabad,Madhapur,166300,20-10-2024,24-10-2024,P697,Detergent,Household Items,Household Items,Surf Excel,3.55,79,48,40,8,384,CASH ON DELIVERY,Returned,17,4,Late delivery,In Stock,Returned
ORD101741,CUST8109,Lucky Sama,69,Male,West Bengal,Kolkata,Howrah,27079,08-07-2024,12-07-2024,P677,Soft Drink,Beverages,Beverages,Coca-Cola,1.06,357,281,21,3,843,UPI,Delivered,35,4,Late delivery,In Stock,Pending
ORD100777,CUST3905,Banjeet Sabharwal,45,Other,Telangana,Hyderabad,Madhapur,478886,01-08-2025,08-05-2025,P724,Namkeen,Snacks,Snacks,Haldiram,4.48,67,51,24,1,51,CASH ON DELIVERY,Pending,37,4,Damaged item,Limited,Delivered
ORD102931,CUST3792,Aachal Saraf,80,Male,Gujarat,Ahmedabad,Satellite,305281,22-03-2024,23-03-2024,P518,Paneer,Dairy,Dairy, Mother Dairy ,2.48,56,44,21,1,44,GPAY,Pending,72,5,Damaged item,Limited,Delivered
ORD100879,CUST2805,Praneel Jha,25,Male,Tamil Nadu,Chennai,Anna Nagar,306261,01-08-2025,02-08-2025,P501,Cleaner,Household Items,Household Items,Lizol,0.75,512,326,36,8,2884,CASH,Delivered,57,2,Average,In Stock,Pending
ORD104525,CUST6043,Fiyaz Sanghvi,61,Male,Maharashtra,PUNE,Andheri,719335,04-09-2025,08-09-2025,P272,Tea,Beverages,Beverages,Tata Tea,1.49,752,562,25,8,4496,CASH ON DELIVERY,Pending,64,2,Good,Out of Stock,Delivered
ORD100850,CUST3952,Jason Doshi,28,Other,West Bengal,Kolkata,Howrah,204776,24-12-2024,28-12-2024,P686,Milk,Dairy,Dairy,Amul,0.68,105,88,16,6,529,GPAY,Pending,71,3,Good,Out of Stock,Returned
ORD102152,CUST1366,Yatan Ghose,32,Other,maharashtra,Kolkata,Salt Lake,287599,17-07-2025,21-07-2025,P328,Detergent,Household Items,Household Items,Surf Excel,4.94,694,612,12,3,1836,CASH ON DELIVERY,Returned,38,1,Excellent,Limited,Pending
ORD102832,CUST1851,Fiyaz Morar,51,Female,Maharashtra,Nagpur, Sitabuldi ,963857,24-07-2025,27-07-2025,P689,Frozen Peas,Frozen Food,Frozen Food,Safal,2.94,549,349,36,8,2790,UPI,Pending,61,2,Average,In Stock,Pending
ORD100894,CUST9751,Tejas Dube,62,Other,Gujarat,Ahmedabad,Satellite,904850,10-02-2024,11-02-2024,P501,Frozen Peas,Frozen Food,Frozen Food,Safal,1.68,734,600,18,6,3600,CASH,Cancelled,64,4,Excellent,Limited,Returned
ORD102250,CUST5224,Christopher Banerjee,49,Other,Delhi,New Delhi,Dwarka,328915,16-05-2025,17-05-2025,P854,Rice,Grocery,Grocery,India Gate,3.3,59,50,16,5,250,CASH ON DELIVERY,Returned,76,5,Average,In Stock,Cancelled
ORD102656,CUST7745,Champak Mandal,22,Male,Gujarat,Surat,Vesu,151184,22-10-2025,25-10-2025,P695,Ice Cream,Frozen Food,Frozen Food,Amul,1.8,528,463,12,1,469,UPI,Cancelled,63,4,Average,In Stock,Delivered
ORD103042,CUST2740,Advaith Nagarajan,34,Male,West Bengal,Kolkata,Park Street,899588,13-09-2024,13-09-2024,P427,Banana,Fruits & Vegetables,Fruits & Vegetables,FreshFarm,0.93,641,511,20,2,1022,CASH,Returned,50,1,Damaged item,Limited,Pending
ORD104906,CUST7335,Alka Sunder,23,Male,Delhi,New Delhi,Saket,816552,13-04-2024,14-04-2024,P366,Toothpaste,Personal Care,Personal Care,Colgate,4.5,598,435,27,1,470,UPI,Cancelled,76,5,Late delivery,Limited,Returned
ORD104269,CUST3713,Wakeeta Ratta,26,Male,Maharashtra,Pune,Kothrud,597981,12-08-2024,12-10-2024,P531,Milk,Dairy,Dairy,Amul,1.44,319,222,31,2,443,CASH,Pending,44,4,Excellent,In Stock,Returned
ORD104638,CUST2477,Kiaan Guha,23,Female,Maharashtra,pune,Kothrud,729539,25-06-2025,26-06-2025,P339,Cleaner,Household Items,Household Items,Lizol,2.11,489,345,29,8,2763,UPI,Cancelled,30,5,Excellent,Out of Stock,Delivered
ORD100015,CUST6143,Aditya Pandya,86,Other,Maharashtra,Pune,Wakad,87496,17-11-2024,20-11-2024,P407,Toothpaste,Personal Care,Personal Care,Colgate,2.58,320,266,17,2,532,CASH ON DELIVERY,Returned,50,4,Average,Out of Stock,Pending
ORD101340,CUST5757,Shaurya Dutt,72,Other,Karnataka,Mysore,VV Mohalla,201440,04-09-2025,06-09-2025,P562,Milk,Dairy,Dairy,Amul,1.23,218,175,20,8,1397,UPI,Pending,33,5,Late delivery,In Stock,Returned
ORD104356,CUST8406,Nitara Munshi,70,Male,Maharashtra,Pune,Wakad,33,02-07-2024,07-06-2024,P249,Ice Cream,Frozen Food,Frozen Food,Amul,3.01,498,471,5,1,471,CASH ON DELIVERY,Returned,37,1,Excellent,Limited,Returned
ORD104841,CUST2396,Oviya Kaur,52,Male,West Bengal,Kolkata,Howrah,104187,11-03-2024,03-12-2024,P595,Bread,Bakery,Bakery,Britannia,4,60,38,37,6,228,GOOGLE PAY,Pending,69,3,Average,In Stock,Delivered
ORD101203,CUST6378,Yauvani Raval,12,Other,Delhi,New Delhi,Rohini,944476,12-10-2024,14-10-2024,P812,Soap,Personal Care,Personal Care,Dove,2.32,709,641,10,5,3203,CASH ON DELIVERY,Delivered,8,5,Late delivery,Out of Stock,Returned
ORD101272,CUST1135,Mahika Ganguly,21,Other,Karnataka,Mysore,Gokulam,49241,17-06-2025,19-06-2025,P333,Milk,Dairy,Dairy,Amul,1.72,488,464,5,5,2322,Debit Card,Delivered,27,3,Good,Limited,Cancelled
ORD100534,CUST2818,Dalbir Bahri,37,Other,Delhi,New Delhi,Rohini,682587,21-01-2024,24-01-2024,P428,Biscuits,Snacks,Snacks,Parle,1.53,711,707,0,6,4244,Debit Card,Delivered,27,5,Average,Out of Stock,Delivered
ORD101793,CUST2881,Oscar Deep,43,Female,Telangana,Hyderabad,Banjara Hills,306653,24-09-2024,27-09-2024,P168,Cake,Bakery,Bakery,Monginis,2.44,286,192,33,7,1347,UPI,Returned,50,2,Excellent,Limited,Pending
ORD102852,CUST8502,Libni Chacko,58,Other,Delhi,pune,Dwarka,390557,29-08-2024,29-08-2024,P550,Cake,Bakery,Bakery,Monginis,4.53,594,591,0,1,591,GPAY,Cancelled,25,5,Good,In Stock,Delivered
ORD104990,CUST5919,Darsh Sha,35,Female,Telangana,Hyderabad,Gachibowli,515786,29-07-2025,30-07-2025,P209,Detergent,Household Items,Household Items,Surf Excel,0.43,324,313,3,8,2504,Debit Card,Pending,38,4,Average,Limited,Cancelled
ORD102823,CUST2977,Rachana Dash,24,Other,Maharashtra,Pune,Kothrud,104102,23-08-2025,23-08-2025,P994,Tea,Beverages,Beverages,Tata Tea,1.35,519,423,19,3,1269,CASH,Pending,41,4,Average,Limited,Cancelled
ORD104979,CUST6895,Bishakha Lala,27,Female,Delhi,New Delhi,Dwarka,435773,19-09-2025,21-09-2025,P782,Banana,Fruits & Vegetables,Fruits & Vegetables, FreshFarm ,3.48,64,60,7,1,60,GPAY,Pending,651,1,Average,In Stock,Delivered
ORD103017,CUST5478,Dhriti Kar,48,Other,Telangana,Hyderabad,Gachibowli,638128,31-01-2025,31-01-2025,P120,Detergent,Household Items,Household Items,Surf Excel,3.89,561,511,9,7,3576,GOOGLE PAY,Returned,61,2,Good,Out of Stock,Delivered
ORD101259,CUST1011,Vrishti Mitter,57,Female,Maharashtra,Pune,Kothrud,476121,02-02-2024,03-02-2024,P317,Soap,Personal Care,Personal Care,Dove,2.44,70,56,19,8,450,GOOGLE PAY,Returned,62,4,Damaged item,Limited,Delivered
ORD100685,CUST2546,Chasmum Chanda,34,Female,West Bengal,Kolkata,Park Street,441917,26-08-2024,27-08-2024,P122,Frozen Peas,Frozen Food,Frozen Food,Safal,4.56,581,557,4,8,4455,GOOGLE PAY,Cancelled,73,4,Late delivery,Out of Stock,Delivered
ORD100205,CUST9530,Upadhriti Nadkarni,59,Male,Gujarat,Surat,Vesu,931343,18-02-2025,18-02-2025,P946,Atta,Grocery,Grocery,Aashirvaad,4.4,582,441,24,7,3085,UPI,Returned,12,1,Average,Out of Stock,Delivered
ORD102096,CUST3459,Chavvi Virk,33,Male,Karnataka,Mysore,Gokulam,496967,04-12-2025,12-05-2025,P653,Apple,Fruits & Vegetables,Fruits & Vegetables,Kashmir Fresh,3.12,786,482,39,3,1447,GOOGLE PAY,Delivered,78,3,Good,In Stock,Returned
ORD100379,CUST7950,Ethan Aggarwal,28,Male,Tamil Nadu,Chennai,T Nagar,180956,26-07-2025,30-07-2025,P206,Frozen Peas,Frozen Food,Frozen Food,Safal,0.48,657,517,21,2,1034,CASH,Cancelled,55,2,Excellent,In Stock,Delivered
ORD100119,CUST2010,Aryan Sankaran,68,Male,Tamil Nadu,Chennai,Anna Nagar,764578,27-06-2024,27-06-2024,P943,Soft Drink,Beverages,Beverages,Coca-Cola,2.06,687,565,18,7,3952,CASH ON DELIVERY,Delivered,9,5,Excellent,In Stock,Delivered
ORD103240,CUST2841,Oni Ghosh,23,Male,Tamil Nadu,Coimbatore,Peelamedu,296868,05-09-2024,06-09-2024,P908,Juice,Beverages,Beverages,Real,1.18,421,315,25,1,315,Debit Card,Pending,50,5,Average,Out of Stock,Delivered
ORD104870,CUST1110,Aadhya Pingle,29,Female,Gujarat,pune,Vesu,44350,22-11-2025,24-11-2025,P604,Namkeen,Snacks,Snacks,Haldiram,3,483,298,38,3,893,GOOGLE PAY,Returned,28,2,Excellent,Out of Stock,Delivered
ORD101979,CUST4380,Eiravati Choudhury,75,Female,Telangana,Hyderabad,Madhapur,809115,19-11-2025,21-11-2025,P463,Toothpaste,Personal Care,Personal Care,Colgate,5,313,290,8,8,2318,Debit Card,Cancelled,14,2,Damaged item,In Stock,Cancelled
ORD103137,CUST1682,Isha Samra,63,Female,Delhi,New Delhi,Dwarka,154458,30-05-2025,30-05-2025,P143,Bread,Bakery,Bakery,Britannia,1.13,661,400,40,7,2798,UPI,Cancelled,42,1,Late delivery,In Stock,Delivered
ORD103522,CUST5237,Watika Chandra,23,Female,West Bengal,Kolkata,Howrah,920739,09-07-2025,10-09-2025,P569,Frozen Peas,Frozen Food,Frozen Food,Safal,3.48,698,529,24,7,3913,GOOGLE PAY,Cancelled,87,1,Average,Out of Stock,Returned
ORD101564,null,Frederick Parsa,56,Female,Gujarat,Unknown,Vesu,839247,17-11-2025,21-11-2025,P882,Toothpaste,Personal Care,Personal Care,Colgate,3.18,406,323,0,1,1488,Unknown,Pending,8,3,Average,Limited,Pending
ORD103921,CUST3720,Pallavi Wali,20,Male,maharashtra,Pune,Hinjewadi,297016,11-11-2024,14-11-2024,P158,Tomato,Fruits & Vegetables,Fruits & Vegetables,Organic India,1.59,220,185,16,6,1112,CASH,Delivered,51,1,Late delivery,In Stock,Cancelled
ORD102023,CUST8651,Wahab Mangat,63,Other,Tamil Nadu,Mumbai, Peelamedu ,209040,20-12-2025,22-12-2025,P411,Soft Drink,Beverages,Beverages,Coca-Cola,1.81,677,542,20,2,1084,CASH,Returned,87,3,Excellent,Out of Stock,Returned
ORD100849,CUST8218,Max Kale,54,Male,West Bengal,Kolkata,Howrah,920672,25-10-2024,29-10-2024,P901,Milk,Dairy,Dairy,Amul,2.27,183,140,23,4,560,UPI,Delivered,22,2,Average,In Stock,Returned
ORD102014,CUST7348,Isha Johal,75,Other,Delhi,New Delhi,Saket,253919,03-08-2024,08-05-2024,P664,Tea,Beverages,Beverages,Tata Tea,0.7,59,36,40,7,249,UPI,Pending,21,1,Average,In Stock,Pending
ORD100550,CUST4811,Meghana Chand,48,Male,West Bengal,Kolkata,Howrah,324215,24-09-2024,25-09-2024,P427,Chips,Snacks,Snacks,Lay's,1.68,64,56,13,4,224,Debit Card,Returned,36,5,Average,Out of Stock,Returned
ORD101946,CUST9677,Tarak Din,40,Male,Maharashtra,Nagpur,Sitabuldi,500038,25-11-2025,26-11-2025,P126,Milk,Dairy,Dairy,Amul,4.81,100,86,14,3,258,UPI,Pending,88,3,Excellent,In Stock,Delivered
ORD102853,CUST6057,Ikshita Bains,55,Male,Telangana,Hyderabad,Gachibowli,672232,01-06-2025,09-01-2025,P346,Atta,Grocery,Grocery,Aashirvaad,3.58,69,50,28,5,249,UPI,Returned,68,5,Average,Out of Stock,Pending
ORD102099,CUST6531,Anika Wali,75,Male,Karnataka,Bangalore,Koramangala,991356,27-03-2024,31-03-2024,P685,Tomato,Fruits & Vegetables,Fruits & Vegetables,Organic India,4.8,609,384,37,2,767,UPI,Cancelled,88,2,Average,In Stock,Returned
ORD104123,CUST2687,Advaith Babu,47,Female,Maharashtra,pune,Bandra,254116,28-04-2025,29-04-2025,P138,Cleaner,Household Items,Household Items,Lizol,2.58,497,380,24,2,760,Debit Card,Pending,78,2,Damaged item,Limited,Pending
ORD102452,CUST5431,Rehaan Bhat,20,Other,Karnataka,Mysore,Gokulam,985787,24-02-2024,27-02-2024,P207,Cleaner,Household Items,Household Items,Lizol,0.6,639,617,4,7,4151,GPAY,Delivered,28,4,Late delivery,Limited,Delivered
ORD104243,CUST3564,Praneel Kunda,33,Male,Karnataka,Hyderbad,Whitefield,912832,06-02-2024,09-02-2024,P640,Shampoo,Personal Care,Personal Care,Clinic Plus,2.39,22,15,29,2,31,UPI,Cancelled,22,3,Average,Out of Stock,Pending
ORD101586,null,Guneet Mittal,32,Male,Delhi,Unknown,Dwarka,454060,13-10-2024,17-10-2024,P462,Ice Cream,Frozen Food,Frozen Food,Amul,1.45,406,323,23,1,1488,Unknown,Pending,86,4,Average,In Stock,Pending
ORD104085,CUST7022,Osha Ravel,35,Other,Gujarat,Ahmedabad,Satellite,73329,04-09-2025,04-09-2025,P857,Namkeen,Snacks,Snacks,Haldiram,0.99,592,558,6,4,2234,GOOGLE PAY,Pending,90,1,Damaged item,In Stock,Returned
ORD104346,CUST5327,Yamini Hora,39,Other,Tamil Nadu,Coimbatore,RS Puram,509230,20-03-2025,22-03-2025,P803,Soap,Personal Care,Personal Care,Dove,0.61,463,402,13,4,1610,UPI,Pending,26,4,Average,In Stock,Pending
ORD103711,CUST1204,Viraj Rai,78,Female,Gujarat,Surat,Adajan,436288,02-02-2024,02-02-2024,P580,Tea,Beverages,Beverages,Tata Tea,0.19,468,386,18,1,386,Debit Card,Returned,81,3,Excellent,In Stock,Cancelled
ORD102664,CUST8008,Kritika Deshmukh,74,Male,Gujarat,Surat,Adajan,839619,10-04-2025,04-11-2025,P516,Frozen Peas,Frozen Food,Frozen Food,Safal,2.99,367,255,31,8,2037,UPI,Cancelled,19,2,Average,In Stock,Cancelled
ORD103057,CUST5433, Devansh Tara ,59,Other,maharashtra,Hyderabad,Madhapur,323689,06-08-2024,07-08-2024,P850,Apple,Fruits & Vegetables,Fruits & Vegetables,Kashmir Fresh,1.46,347,229,34,6,1372,UPI,Returned,21,2,Good,Limited,Cancelled
ORD101731,CUST8856,Zayyan Devi,36,Female,Delhi,New Delhi,Dwarka,766962,22-08-2025,25-08-2025,P668,Detergent,Household Items,Household Items,Surf Excel,4.1,359,231,36,6,1385,GPAY,Pending,60,1,Average,Out of Stock,Cancelled
ORD104316,CUST5457,Ishani Prabhakar,32,Other,Telangana,Hyderabad,Gachibowli,322536,11-06-2025,11-06-2025,P602,Bread,Bakery,Bakery,Britannia,4.12,159,117,26,1,117,CASH ON DELIVERY,Cancelled,45,4,Damaged item,Limited,Delivered
ORD102963,CUST5226, Girik Chhabra ,50,Male,Karnataka,PUNE,Indiranagar,36338,30-07-2024,08-03-2024,P480,Frozen Peas,Frozen Food,Frozen Food,Safal,3.97,641,529,17,3,1586,CASH ON DELIVERY,Delivered,57,5,Average,Limited,Returned
ORD101070,CUST1282,Yatin Venkatesh,42,Male,Telangana,Hyderabad,Gachibowli,452856,12-01-2025,12-01-2025,P639,Ice Cream,Frozen Food,Frozen Food,Amul,3.22,38,37,1,2,75,UPI,Cancelled,19,3,Good,Out of Stock,Pending
ORD104577,null,Max Dar,67,Female,Karnataka,Hyderbad,VV Mohalla,922757,04-11-2025,08-11-2025,P149,Soap,Personal Care,Personal Care,Dove,3.37,406,323,1,3,1488,Unknown,Pending,66,1,Average,Limited,Pending
ORD102365,CUST8804,Ishwar Narang,21,Other,Karnataka,Bangalore,Koramangala,917145,21-06-2025,24-06-2025,P232,Curd,Dairy,Dairy,Britannia,1.41,72,52,28,1,52,GPAY,Returned,28,2,Good,Out of Stock,Returned
ORD104084,CUST4489, Zayan Rau ,36,Male,Delhi,New Delhi,Dwarka,258589,31-07-2025,02-08-2025,P593,Frozen Peas,Frozen Food,Frozen Food,Safal,4.34,498,352,29,4,1409,CASH ON DELIVERY,Cancelled,65,4,Good,In Stock,Pending
ORD100240,CUST3568,Aarav Mody,32,Other,Telangana,Hyderabad,Madhapur,193937,12-09-2025,13-12-2025,P691,Chips,Snacks,Snacks,Lay's,4.85,239,154,36,1,154,Debit Card,Pending,85,4,Average,Limited,Returned
ORD101201,CUST3308,Ethan Anand,76,Male,Karnataka,Mysore,Gokulam,553224,08-12-2024,10-12-2024,P799,Chips,Snacks,Snacks,Lay's,1.35,446,297,33,5,1486,CASH ON DELIVERY,Cancelled,21,3,Damaged item,In Stock,Cancelled
ORD101872,CUST2679,Rishi Dhar,20,Female,Delhi,New Delhi,Dwarka,57059,06-08-2025,07-08-2025,P753,Soft Drink,Beverages,Beverages,Coca-Cola,1.41,221,168,24,3,505,CASH ON DELIVERY,Cancelled,66,5,Late delivery,Out of Stock,Returned
ORD103558,CUST5642,Girindra Ghose,62,Female,Tamil Nadu,Chennai,T Nagar,661172,31-01-2024,02-02-2024,P249,Paneer,Dairy,Dairy, Mother Dairy ,3.65,443,433,2,8,3464,GPAY,Cancelled,33,5,Average,Limited,Pending
ORD104407,CUST5172,Amol Peri,71,Female,Maharashtra,Nagpur,Dharampeth,200117,24-04-2024,28-04-2024,P913,Tea,Beverages,Beverages,Tata Tea,3.22,665,445,33,3,1483,UPI,Returned,58,4,Good,In Stock,Delivered
ORD100229,CUST2995,Ikbal Sha,56,Other,Tamil Nadu,Chennai,Anna Nagar,831614,01-04-2025,03-04-2025,P976,Apple,Fruits & Vegetables,Fruits & Vegetables, Kashmir Fresh ,3.06,586,410,30,4,1642,GPAY,Pending,35,3,Late delivery,Out of Stock,Cancelled
ORD101303,CUST2922,Nidhi Hora,80,Female,Karnataka,Mysore,Gokulam,149790,22-01-2024,26-01-2024,P923,Rice,Grocery,Grocery,India Gate,0.98,730,543,26,3,1628,GPAY,Pending,64,1,Good,In Stock,Cancelled
ORD101884,CUST2634,Frado Sekhon,46,Male,Tamil Nadu,Coimbatore,Peelamedu,71054,04-09-2024,04-12-2024,P309,Soap,Personal Care,Personal Care,Dove,1.91,147,105,29,4,420,CASH,Delivered,45,1,Late delivery,Limited,Delivered
ORD104037,CUST9575,Zinal Mall,43,Male,Delhi,New Delhi,Rohini,418560,01-02-2025,04-02-2025,P792,Banana,Fruits & Vegetables,Fruits & Vegetables,FreshFarm,4.8,341,281,18,3,844,UPI,Returned,19,3,Average,Limited,Delivered
ORD103652,CUST4690,Sai Gera,24,Female,Karnataka,Bangalore,Koramangala,522393,12-04-2024,13-04-2024,P596,Soap,Personal Care,Personal Care,Dove,3.32,525,524,0,2,1048,CASH ON DELIVERY,Pending,90,2,Late delivery,Out of Stock,Delivered
ORD102921,CUST2843,Hemangini Rege,76,Other,Maharashtra,Nagpur, Dharampeth ,379964,04-12-2025,12-08-2025,P418,Detergent,Household Items,Household Items,Surf Excel,3.95,217,179,18,6,1072,UPI,Pending,25,5,Good,Limited,Returned
ORD104972,CUST2494,Balendra Kunda,62,Male,West Bengal,Kolkata, Salt Lake ,603996,02-10-2024,13-02-2024,P962,Frozen Peas,Frozen Food,Frozen Food,Safal,2.89,703,622,12,4,2489,GPAY,Cancelled,63,1,Good,Limited,Delivered
ORD100934,CUST8422,Alka Lall,55,Other,Telangana,Hyderabad,Gachibowli,617687,17-05-2024,21-05-2024,P820,Frozen Peas,Frozen Food,Frozen Food, Safal ,3.38,394,356,10,6,2137,CASH ON DELIVERY,Returned,54,1,Average,Out of Stock,Pending
ORD101998,CUST8486, Praneel Palla ,57,Female,maharashtra,New Delhi,Saket,447158,17-12-2025,21-12-2025,P418,Milk,Dairy,Dairy,Amul,4.4,108,75,31,1,75,UPI,Delivered,54,3,Average,Limited,Delivered
ORD104224,CUST6460,Isaiah Behl,68,Male,West Bengal,Kolkata,Salt Lake,897549,25-01-2024,25-01-2024,P575,Ice Cream,Frozen Food,Frozen Food,Amul,0.94,757,554,27,8,4432,UPI,Delivered,52,3,Late delivery,Limited,Returned
ORD103975,CUST7501,Yauvani Narang,62,Male,Delhi,New Delhi,Dwarka,827613,02-09-2025,09-02-2025,P656,Ice Cream,Frozen Food,Frozen Food,Amul,4.81,452,290,36,3,871,CASH ON DELIVERY,Returned,80,2,Average,In Stock,Pending
ORD103898,CUST7872,Isaac Mishra,31,Other,Maharashtra,Pune,Baner,462768,15-02-2025,17-02-2025,P926,Apple,Fruits & Vegetables,Fruits & Vegetables,Kashmir Fresh,2.61,132,128,3,3,383,GPAY,Cancelled,80,5,Late delivery,Limited,Cancelled
ORD104360,CUST7865,Ganga Prakash,28,Female,Karnataka,Bangalore,Koramangala,773127,14-01-2025,15-01-2025,P217,Namkeen,Snacks,Snacks, Haldiram ,3.73,744,610,18,6,3659,UPI,Returned,32,2,Average,Limited,Delivered
ORD100932,null,Bhavika Agrawal,37,Other,Gujarat,Unknown,Satellite,202238,10-07-2024,09-10-2024,P870,Sugar,Grocery,Grocery,Madhur,0.85,406,323,25,5,1488,Unknown,Pending,69,2,Average,Limited,Pending
ORD101602,CUST7970,Garima Korpal,78,Female,Telangana,Hyderabad,Gachibowli,81667,20-11-2024,22-11-2024,P175,Soft Drink,Beverages,Beverages,Coca-Cola,4,755,497,34,7,3478,GPAY,Cancelled,90,1,Late delivery,Limited,Cancelled
ORD100192,null,Samuel Sundaram,29,Other,West Bengal,Unknown,Salt Lake,330381,09-04-2024,04-09-2024,P690,Sugar,Grocery,Grocery,Madhur,1.85,406,323,32,4,1488,Unknown,Pending,79,2,Average,In Stock,Pending
ORD101752,CUST5766,Sai Amble,28,Male,West Bengal,Kolkata,Park Street,687707,22-05-2025,26-05-2025,P167,Bread,Bakery,Bakery,Britannia,4.45,507,346,32,4,1385,GPAY,Cancelled,54,3,Excellent,Out of Stock,Returned
ORD103536,CUST5265,Kai Prabhakar,50,Female,Karnataka,Bangalore,Whitefield,355162,08-01-2025,01-11-2025,P499,Soap,Personal Care,Personal Care,Dove,3.53,674,563,16,4,2253,Debit Card,Pending,76,5,Average,Out of Stock,Returned
ORD102824,CUST9944,Prisha Gade,59,Male,Gujarat,PUNE,Navrangpura,290358,17-12-2025,21-12-2025,P171,Cleaner,Household Items,Household Items,Lizol,0.87,676,407,40,1,407,CASH,Pending,90,1,Average,Limited,Cancelled
ORD104873,CUST5338, Manan Gopal ,80,Other,Maharashtra,Mumbai,Powai,910872,11-03-2024,15-03-2024,P153,Tea,Beverages,Beverages,Tata Tea,2.78,607,570,6,5,2848,GPAY,Delivered,77,3,Damaged item,Limited,Pending
ORD103933,CUST1765,Saanvi Goda,41,Female,West Bengal,PUNE,Howrah,127797,16-07-2024,19-07-2024,P187,Tea,Beverages,Beverages,Tata Tea,2.52,524,354,32,7,2478,GOOGLE PAY,Cancelled,63,3,Average,Out of Stock,Delivered
ORD104986,CUST9085,Varsha Palla,19,Male,West Bengal,Kolkata,Howrah,354470,04-11-2024,08-11-2024,P409,Ice Cream,Frozen Food,Frozen Food,Amul,2.8,778,679,13,7,4754,UPI,Delivered,53,1,Average,Limited,Delivered
ORD101614,CUST9852,Upadhriti Ray,53,Male,maharashtra,New Delhi,Rohini,876196,19-04-2024,23-04-2024,P753,Tomato,Fruits & Vegetables,Fruits & Vegetables,Organic India,1.46,78,61,22,4,244,CASH ON DELIVERY,Returned,39,2,Average,In Stock,Delivered
ORD100933,CUST5374, Eta Buch ,32,Female,Maharashtra,Mumbai,Dadar,667069,08-02-2024,02-12-2024,P398,Detergent,Household Items,Household Items,Surf Excel,1.39,705,550,22,8,4401,GPAY,Cancelled,46,2,Average,Out of Stock,Returned
ORD104282,CUST5256,Odika Muni,46,Female,West Bengal,Kolkata,Park Street,616469,01-03-2024,03-04-2024,P996,Biscuits,Snacks,Snacks,Parle,1.88,217,133,39,5,666,CASH,Returned,44,3,Average,Out of Stock,Returned
ORD101326,CUST3454,Karan Barad,47,Female,Telangana,Hyderabad,Gachibowli,266337,25-07-2024,28-07-2024,P155,Chips,Snacks,Snacks,Lay's,3.4,725,716,1,2,1622,GPAY,Returned,51,1,Late delivery,Out of Stock,Cancelled
ORD103915,CUST8989,Qarin Modi,62,Male,Maharashtra,Pune,Hinjewadi,278719,30-06-2025,04-07-2025,P800,Cleaner,Household Items,Household Items,Lizol,0.45,737,496,33,2,991,UPI,Pending,54,5,Average,In Stock,Returned
ORD103747,CUST7615,Vyanjana Garg,47,Female,Maharashtra,Mumbai,Bandra,151011,03-06-2024,06-06-2024,P383,Ice Cream,Frozen Food,Frozen Food,Amul,1.27,272,206,24,3,619,GOOGLE PAY,Returned,18,5,Average,Out of Stock,Delivered
ORD102957,CUST7744,Prisha Prakash,30,Other,Tamil Nadu,Mumbai,Park Street,459739,16-02-2025,20-02-2025,P289,Biscuits,Snacks,Snacks,Parle,3.58,557,469,16,7,3281,GPAY,Pending,87,1,Excellent,Out of Stock,Returned
ORD102549,CUST9107,Wahab Dhawan,49,Male,Karnataka,Mysore,Gokulam,661427,03-04-2025,07-03-2025,P523,Soap,Personal Care,Personal Care,Dove,1.93,800,498,38,4,1992,GPAY,Returned,71,3,Damaged item,Limited,Returned
ORD102786,CUST7226,Thomas Mandal,77,Other,Telangana,Hyderabad,Gachibowli,409287,14-09-2025,16-09-2025,P474,Juice,Beverages,Beverages,Real,2.12,383,347,9,2,695,GPAY,Returned,74,4,Average,In Stock,Returned
ORD102884,CUST9251,Brinda Mukherjee,84,Other,Telangana,Hyderabad,Madhapur,984900,04-01-2025,08-01-2025,P298,Sugar,Grocery,Grocery,Madhur,2.01,338,316,6,6,1897,Debit Card,Delivered,87,3,Average,In Stock,Returned
ORD103904,null,Vincent Dhar,58,Male,Karnataka,PUNE,Whitefield,31043,10-08-2024,08-10-2024,P158,Biscuits,Snacks,Snacks,Parle,4.44,406,323,14,5,1488,Unknown,Pending,18,5,Average,Out of Stock,Pending
ORD100649,CUST1627,Neelima Ramanathan,39,Male,Tamil Nadu,Chennai,Anna Nagar,613861,23-02-2024,25-02-2024,P271,Atta,Grocery,Grocery, Aashirvaad ,1.47,538,509,5,1,509,CASH,Pending,80,3,Average,Out of Stock,Cancelled
ORD101577,CUST3536,Yash Ramachandran,41,Female,Tamil Nadu,Chennai,Anna Nagar,65416,08-04-2024,10-04-2024,P210,Namkeen,Snacks,Snacks,Haldiram,0.72,99,69,30,1,69,GPAY,Returned,22,2,Average,In Stock,Cancelled
ORD104227,CUST4875,Damyanti Mitter,89,Female,Maharashtra,Mumbai,Dadar,63345,22-08-2024,26-08-2024,P844,Shampoo,Personal Care,Personal Care,Clinic Plus,1.45,535,389,27,3,1167,CASH ON DELIVERY,Pending,47,5,Excellent,In Stock,Delivered
ORD100022,CUST2771,Gopal Chandra,70,Other,Karnataka,Bangalore,Indiranagar,998492,11-08-2024,14-08-2024,P689,Apple,Fruits & Vegetables,Fruits & Vegetables, Kashmir Fresh ,3.42,618,412,33,5,2062,GPAY,Returned,47,2,Good,Limited,Pending
ORD103811,CUST8397,Kabir Banik,49,Male,Maharashtra,Mumbai,Andheri,537165,06-09-2025,06-11-2025,P846,Chips,Snacks,Snacks,Lay's,1.58,570,374,34,2,748,CASH,Delivered,63,3,Average,Out of Stock,Delivered
ORD104911,CUST7885,Jeet Sinha,42,Female,Maharashtra,Mumbai,Bandra,307889,30-12-2024,03-01-2025,P321,Paneer,Dairy,Dairy,Mother Dairy,1.05,770,634,18,8,5070,UPI,Cancelled,84,1,Excellent,Out of Stock,Pending
ORD103860,CUST7850,Zilmil Choudhury,66,Female,Telangana,Hyderabad,Banjara Hills,153829,29-09-2025,29-09-2025,P519,Milk,Dairy,Dairy,Amul,2.04,459,326,29,6,1956,UPI,Pending,52,3,Average,In Stock,Pending
ORD104361,CUST9551,Aahana Kuruvilla,23,Female,Gujarat,Ahmedabad, Satellite ,435445,26-04-2024,26-04-2024,P223,Biscuits,Snacks,Snacks,Parle,2.07,87,60,31,8,480,UPI,Returned,77,3,Excellent,Limited,Pending
ORD103955,CUST1849,Imaran Parsa,30,Male,Delhi,New Delhi,Dwarka,532870,18-12-2025,22-12-2025,P441,Detergent,Household Items,Household Items,Surf Excel,3.03,600,374,38,5,1870,CASH ON DELIVERY,Returned,86,5,Average,Limited,Returned
ORD104253,CUST2753,Dayamai Bora,59,Male,Telangana,Hyderabad,Banjara Hills,500090,13-09-2024,15-09-2024,P369,Sugar,Grocery,Grocery,Madhur,2.36,240,165,31,2,330,GPAY,Cancelled,75,4,Damaged item,In Stock,Pending
ORD102629,CUST4586,Rajata Chauhan,62,Female,maharashtra,Mysore,VV Mohalla,380829,16-06-2024,17-06-2024,P194,Frozen Peas,Frozen Food,Frozen Food,Safal,1.24,780,547,30,4,2190,CASH,Pending,88,1,Average,Out of Stock,Cancelled
ORD104017,CUST3202,Vyanjana Lala,59,Other,Tamil Nadu,Coimbatore,RS Puram,309212,25-12-2024,27-12-2024,P682,Juice,Beverages,Beverages, Real ,4.33,552,518,6,7,3625,Debit Card,Returned,16,1,Average,Out of Stock,Returned
ORD103906,CUST5735,Logan Chaudhry,40,Other,West Bengal,Kolkata,Salt Lake,195993,03-02-2024,06-03-2024,P914,Juice,Beverages,Beverages,Real,0.81,440,429,3,8,3429,UPI,Returned,39,1,Good,Out of Stock,Delivered
ORD104497,CUST3011,Hemal Chauhan,88,Male,West Bengal,Kolkata,Howrah,589269,26-04-2024,28-04-2024,P363,Sugar,Grocery,Grocery,Madhur,3.75,127,113,12,3,338,GPAY,Cancelled,14,3,Average,Limited,Cancelled
ORD103466,CUST4047,Pallavi Deshpande,23,Other,West Bengal,Kolkata,Howrah,843306,19-10-2025,20-10-2025,P734,Detergent,Household Items,Household Items,Surf Excel,4.72,278,253,9,3,760,Debit Card,Returned,66,1,Average,In Stock,Delivered
ORD101740,CUST8103,Kala Dey,74,Male,Tamil Nadu,Chennai,T Nagar,116854,16-08-2024,20-08-2024,P148,Cleaner,Household Items,Household Items,Lizol,4.46,55,40,28,4,159,Debit Card,Cancelled,55,5,Average,Limited,Delivered
ORD101902,CUST4499,Ubika Lad,38,Female,Tamil Nadu,Coimbatore,Peelamedu,478565,28-08-2024,29-08-2024,P885,Biscuits,Snacks,Snacks,Parle,4.38,520,484,7,2,968,GOOGLE PAY,Cancelled,23,4,Average,Out of Stock,Delivered
ORD102237,CUST2972,Rehaan Mandal,25,Female,Tamil Nadu,Coimbatore,RS Puram,136670,18-06-2024,20-06-2024,P908,Rice,Grocery,Grocery,India Gate,3.45,191,166,-1,3,499,Debit Card,Pending,69,3,Late delivery,In Stock,Pending
ORD102095,CUST8907,Aradhana Chander,74,Other,maharashtra,Mysore,Gokulam,259170,14-07-2025,18-07-2025,P172,Detergent,Household Items,Household Items,Surf Excel,0.48,642,396,38,6,2376,UPI,Pending,44,2,Good,Limited,Pending
ORD100437,CUST2372, Varsha Deep ,76,Male,Gujarat,Ahmedabad,Navrangpura,519895,22-02-2025,25-02-2025,P707,Soap,Personal Care,Personal Care,Dove,1.91,246,194,21,7,1360,CASH ON DELIVERY,Returned,73,3,Damaged item,In Stock,Cancelled
ORD101547,CUST1488,Zarna Dalal,61,Female,Gujarat,Ahmedabad,Navrangpura,985889,24-10-2025,28-10-2025,P690,Tea,Beverages,Beverages,Tata Tea,3.02,487,343,30,8,2740,GPAY,Cancelled,73,4,Average,Out of Stock,Returned
ORD101624,CUST6781,Ishanvi Bandi,75,Male,Tamil Nadu,pune, RS Puram ,339392,27-06-2025,27-06-2025,P481,Banana,Fruits & Vegetables,Fruits & Vegetables,FreshFarm,0.39,490,439,10,8,3509,CASH ON DELIVERY,Delivered,57,5,Excellent,Limited,Delivered
ORD100577,CUST8165,Tristan Sandhu,92,Female,Delhi,New Delhi,Dwarka,52054,15-12-2025,15-12-2025,P375,Sugar,Grocery,Grocery,Madhur,1.9,576,351,39,8,2806,GOOGLE PAY,Returned,19,2,Late delivery,Limited,Pending
ORD100557,CUST9859,Yutika Maharaj,60,Male,Gujarat,Ahmedabad,Satellite,815594,25-08-2024,25-08-2024,P754,Cleaner,Household Items,Household Items,Lizol,1.8,304,255,16,5,1275,UPI,Returned,78,4,Excellent,Out of Stock,Pending
ORD102742,CUST1923,Shivani Chhabra,24,Female,Tamil Nadu,Mumbai,Peelamedu,518966,08-08-2025,10-08-2025,P509,Banana,Fruits & Vegetables,Fruits & Vegetables,FreshFarm,0.98,589,563,4,5,2817,GPAY,Pending,71,2,Excellent,Out of Stock,Returned
ORD103512,CUST5981,Harsh Murthy,58,Male,Karnataka,Mysore,Gokulam,556188,16-09-2025,17-09-2025,P479,Tea,Beverages,Beverages,Tata Tea,3.48,420,330,21,1,330,UPI,Cancelled,46,2,Damaged item,Out of Stock,Pending
ORD101865,null,Gaurangi Amble,48,Male,West Bengal,Unknown,Howrah,995389,02-10-2025,06-10-2025,P379,Detergent,Household Items,Household Items,Surf Excel,3.33,406,323,25,8,1488,Unknown,Pending,44,3,Average,In Stock,Pending
ORD102209,CUST8231,Dhriti Lad,18,Other,Gujarat,Surat,Vesu,600162,14-10-2025,15-10-2025,P161,Soft Drink,Beverages,Beverages,Coca-Cola,4.72,585,533,9,6,3199,CASH ON DELIVERY,Returned,67,1,Late delivery,Limited,Pending
ORD103060,CUST7650,Akshay Ramachandran,38,Female,Gujarat,Surat,Vesu,103850,03-09-2024,09-05-2024,P919,Milk,Dairy,Dairy,Amul,2.03,228,183,20,1,183,UPI,Delivered,65,3,Average,Limited,Cancelled
ORD104933,CUST6338,Qarin Pathak,48,Female,Gujarat,Surat,Vesu,637204,22-10-2025,23-10-2025,P545,Ice Cream,Frozen Food,Frozen Food,Amul,4.4,177,117,34,7,820,CASH ON DELIVERY,Pending,2,2,Good,In Stock,Cancelled
ORD103521,null,Chanchal Ghose,36,Male,West Bengal,Unknown,Park Street,749021,17-03-2024,18-03-2024,P376,Banana,Fruits & Vegetables,Fruits & Vegetables,FreshFarm,1.58,406,323,10,4,1488,Unknown,Pending,25,4,Average,Limited,Pending
ORD102840,CUST7815,Upkaar Pillay,61,Female,Delhi,New Delhi,Rohini,120203,20-12-2024,20-12-2024,P464,Banana,Fruits & Vegetables,Fruits & Vegetables, FreshFarm ,2.17,273,204,25,4,816,CASH ON DELIVERY,Returned,14,3,Average,In Stock,Delivered
ORD104797,CUST8696,Adweta Puri,23,Male,Gujarat,Ahmedabad,Navrangpura,281404,26-08-2024,28-08-2024,P828,Bread,Bakery,Bakery,Britannia,3.43,315,278,12,7,2041,CASH ON DELIVERY,Pending,29,1,Average,In Stock,Delivered
ORD100899,CUST5357,Manbir Palan,10,Male,Maharashtra,Pune,Wakad,129812,19-02-2024,21-02-2024,P701,Cleaner,Household Items,Household Items,Lizol,0.69,327,202,38,1,202,Debit Card,Pending,62,1,Average,In Stock,Pending
ORD102227,CUST4295,Hemal Swamy,54,Other,Maharashtra,Nagpur,Sitabuldi,936636,11-05-2024,07-11-2024,P498,Rice,Grocery,Grocery,India Gate,3.53,200,155,22,6,930,CASH,Delivered,10,5,Excellent,Out of Stock,Delivered
ORD102437,CUST8191,Kevin Cheema,35,Female,Delhi,New Delhi,Dwarka,579805,07-08-2024,08-08-2024,P825,Apple,Fruits & Vegetables,Fruits & Vegetables,Kashmir Fresh,1.78,386,363,6,5,1816,GOOGLE PAY,Cancelled,36,1,Damaged item,In Stock,Pending
ORD103007,CUST1754,Hemangini Natarajan,27,Male,Maharashtra,Mumbai,Bandra,314623,03-06-2024,10-03-2024,P753,Namkeen,Snacks,Snacks,Haldiram,2.03,619,471,24,8,3765,Debit Card,Returned,84,4,Average,Limited,Delivered
ORD100873,CUST9930,Anirudh Saraf,72,Female,Tamil Nadu,Chennai,Anna Nagar,538211,26-11-2024,26-11-2024,P553,Toothpaste,Personal Care,Personal Care, Colgate ,0.25,465,305,34,5,1526,GPAY,Pending,17,1,Average,In Stock,Returned
ORD101969,CUST2998,Zashil Kunda,26,Female,Karnataka,Bangalore,Whitefield,209031,23-03-2025,27-03-2025,P267,Banana,Fruits & Vegetables,Fruits & Vegetables,FreshFarm,1.36,285,231,19,8,1851,UPI,Cancelled,64,3,Late delivery,Limited,Pending
ORD104054,null,Damini Chowdhury,28,Female,Telangana,Unknown,Gachibowli,857024,06-04-2025,10-04-2025,P619,Tea,Beverages,Beverages,Tata Tea,0.84,406,323,16,2,1488,Unknown,Pending,60,5,Average,In Stock,Pending
ORD102225,CUST6947,Pahal Bala,17,Female,Tamil Nadu,Mumbai,Whitefield,699667,11-12-2025,15-12-2025,P297,Soft Drink,Beverages,Beverages,Coca-Cola,2.11,225,205,9,3,615,GOOGLE PAY,Pending,90,3,Late delivery,Limited,Cancelled
ORD103436,CUST6698,Pallavi Dalal,75,Male,Maharashtra,Nagpur,Sitabuldi,881849,01-04-2025,01-04-2025,P811,Atta,Grocery,Grocery,Aashirvaad,1.72,730,546,25,3,1638,Debit Card,Returned,86,3,Average,Out of Stock,Delivered
ORD100626,CUST6292,Sathvik Natt,31,Male,Maharashtra,Pune,Wakad,929643,06-05-2024,10-05-2024,P975,Cleaner,Household Items,Household Items,Lizol,0.27,493,335,32,1,335,UPI,Delivered,90,5,Damaged item,Out of Stock,Returned
ORD103348,CUST3669,Wridesh Kaul,58,Other,West Bengal,Kolkata,Park Street,888768,25-04-2025,28-04-2025,P393,Shampoo,Personal Care,Personal Care,Clinic Plus,4.91,247,209,16,3,626,UPI,Pending,29,3,Average,Limited,Pending
ORD101464,CUST7155,Warinder Kuruvilla,37,Female,Telangana,Hyderabad,Banjara Hills,15559,18-03-2025,20-03-2025,P438,Soft Drink,Beverages,Beverages,Coca-Cola,1.35,133,123,-9,6,740,UPI,Delivered,75,5,Damaged item,Out of Stock,Cancelled
ORD104923,CUST6466,Tanvi Khare,21,Female,West Bengal,Kolkata,Salt Lake,531896,07-05-2024,07-07-2024,P593,Ice Cream,Frozen Food,Frozen Food,Amul,3.67,210,146,31,4,583,UPI,Pending,38,1,Damaged item,In Stock,Cancelled
ORD102665,CUST2670,Bachittar Mahajan,57,Female,Delhi,New Delhi,Saket,782611,26-01-2024,28-01-2024,P219,Rice,Grocery,Grocery,India Gate,2.72,493,327,34,5,1633,GPAY,Delivered,88,1,Good,In Stock,Pending
ORD100836,null,Vasatika Naik,26,Male,maharashtra,Unknown,VV Mohalla,893880,26-12-2024,29-12-2024,P699,Cleaner,Household Items,Household Items,Lizol,0.29,406,323,14,1,1488,Unknown,Pending,58,3,Average,Out of Stock,Pending
ORD100904,CUST5347,Avni Ram,55,Male,Tamil Nadu,Chennai,Velachery,64295,21-12-2024,25-12-2024,P370,Frozen Peas,Frozen Food,Frozen Food,Safal,3.69,466,349,25,8,2795,GOOGLE PAY,Pending,64,3,Average,Out of Stock,Returned
ORD100424,CUST8899,Pavani Sandhu,73,Male,Maharashtra,pune,Bandra,509306,04-05-2025,06-05-2025,P812,Soap,Personal Care,Personal Care,Dove,0.71,37,23,38,4,91,CASH ON DELIVERY,Returned,10,2,Good,Out of Stock,Delivered
ORD100966,CUST6151,Anika Tara,77,Male,Maharashtra,Pune,Baner,132439,21-07-2025,23-07-2025,P249,Banana,Fruits & Vegetables,Fruits & Vegetables,FreshFarm,0.91,492,318,35,8,2545,CASH ON DELIVERY,Pending,11,4,Excellent,In Stock,Cancelled
ORD104904,CUST5302,Mahika Sastry,76,Other,Gujarat,Ahmedabad, Satellite ,262954,09-03-2025,03-10-2025,P789,Toothpaste,Personal Care,Personal Care,Colgate,1.75,792,594,25,6,3565,GPAY,Pending,56,5,Good,Out of Stock,Returned
ORD103452,CUST4502,Aarav Samra,19,Female,Delhi,New Delhi,Dwarka,370110,15-11-2025,15-11-2025,P385,Chips,Snacks,Snacks,Lay's,1.19,242,180,26,3,541,CASH,Delivered,50,1,Excellent,Limited,Cancelled
ORD100498,CUST3781,Balvan Merchant,42,Male,maharashtra,Surat,Vesu,629436,27-01-2024,29-01-2024,P457,Shampoo,Personal Care,Personal Care,Clinic Plus,4.5,713,438,39,1,438,UPI,Returned,75,1,Damaged item,Out of Stock,Returned
ORD100031,CUST9889,Pratyush Bal,50,Female,West Bengal,Kolkata,Howrah,82457,22-10-2024,25-10-2024,P292,Ice Cream,Frozen Food,Frozen Food,Amul,2.64,375,272,27,1,272,CASH,Returned,8,4,Average,In Stock,Pending
ORD104164,CUST4210,Ojasvi Sangha,66,Male,Gujarat,Surat,Vesu,978409,15-08-2024,17-08-2024,P527,Cleaner,Household Items,Household Items,Lizol,2.33,283,225,20,6,1349,UPI,Returned,85,2,Damaged item,Limited,Pending
ORD103045,CUST7506,Chaitaly Vala,28,Female,West Bengal,Hyderbad,Salt Lake,26611,23-05-2025,25-05-2025,P460,Frozen Peas,Frozen Food,Frozen Food,Safal,4.94,103,84,18,1,84,GPAY,Returned,38,3,Average,In Stock,Cancelled
ORD104705,CUST8952,Hema Subramaniam,42,Male,Karnataka,Bangalore,Whitefield,75219,07-07-2025,07-11-2025,P880,Juice,Beverages,Beverages,Real,1.56,39,24,37,3,73,UPI,Delivered,75,4,Average,Out of Stock,Cancelled
ORD104531,CUST6326,Champak Sankaran,61,Other,West Bengal,PUNE,Howrah,355802,20-05-2024,22-05-2024,P403,Banana,Fruits & Vegetables,Fruits & Vegetables,FreshFarm,2.27,324,200,38,1,200,CASH,Cancelled,43,3,Damaged item,In Stock,Delivered
ORD103695,null,Amara Virk,18,Male,Gujarat,pune,Satellite,692416,09-02-2024,09-04-2024,P699,Ice Cream,Frozen Food,Frozen Food,Amul,3.22,406,323,15,7,1488,Unknown,Pending,25,1,Average,Out of Stock,Pending
ORD104450,CUST4418,Chandani Dhingra,42,Female,Maharashtra,Pune,Kothrud,296173,14-01-2025,14-01-2025,P562,Toothpaste,Personal Care,Personal Care, Colgate ,4.99,572,418,27,2,835,CASH,Delivered,13,3,Damaged item,In Stock,Cancelled
ORD102543,CUST2291,Gaurika Kibe,38,Female,Tamil Nadu,Coimbatore,Peelamedu,742923,16-08-2024,19-08-2024,P113,Soap,Personal Care,Personal Care,Dove,2.35,20,20,3,4,79,CASH ON DELIVERY,Cancelled,13,3,Damaged item,Limited,Cancelled
ORD102317,CUST9970,Girindra Sundaram,71,Male,Gujarat,Surat,Vesu,557492,26-08-2024,27-08-2024,P468,Tea,Beverages,Beverages,Tata Tea,3.35,64,59,7,4,237,GOOGLE PAY,Pending,51,1,Average,Out of Stock,Pending
ORD104414,CUST6349,Frederick Bose,26,Female,Delhi,New Delhi,Saket,675832,17-09-2025,18-09-2025,P822,Frozen Peas,Frozen Food,Frozen Food,Safal,2.13,28,19,33,2,38,UPI,Cancelled,32,4,Average,Limited,Cancelled
ORD100018,CUST3607,Bhavani Aurora,71,Other,Maharashtra,Nagpur,Dharampeth,200506,16-05-2024,19-05-2024,P365,Tomato,Fruits & Vegetables,Fruits & Vegetables,Organic India,3.78,761,728,4,6,4368,Debit Card,Cancelled,65,4,Average,In Stock,Cancelled
ORD100447,null,Ekantika Nazareth,37,Female,Maharashtra,Unknown, Hinjewadi ,852900,25-08-2025,28-08-2025,P582,Apple,Fruits & Vegetables,Fruits & Vegetables, Kashmir Fresh ,1.95,406,323,6,4,1488,Unknown,Pending,33,4,Average,Out of Stock,Pending
ORD104200,CUST5025,Triya Pai,63,Other,Maharashtra,Nagpur,Dharampeth,629413,18-04-2025,20-04-2025,P147,Atta,Grocery,Grocery,Aashirvaad,1.41,277,255,8,7,1787,GOOGLE PAY,Delivered,51,4,Good,Limited,Pending
ORD101506,CUST5710,Gayathri Johal,81,Other,Tamil Nadu,Coimbatore,Peelamedu,390105,02-09-2025,09-06-2025,P351,Juice,Beverages,Beverages,Real,4.16,140,125,11,5,627,CASH,Delivered,20,3,Average,In Stock,Cancelled
ORD100151,CUST6143,Ayaan Doctor,37,Other,Delhi,New Delhi,Rohini,634574,02-11-2025,13-02-2025,P747,Atta,Grocery,Grocery,Aashirvaad,1.16,373,244,35,5,1219,UPI,Cancelled,78,3,Average,In Stock,Pending
ORD101860,CUST1695,Noah Chand,56,Female,Karnataka,Mysore,Gokulam,866252,12-04-2025,12-08-2025,P812,Rice,Grocery,Grocery,India Gate,2.53,695,513,26,4,1860,GPAY,Delivered,21,3,Good,Limited,Pending
ORD102573,CUST7367,Bhavya Chaudhary,57,Female,Telangana,pune,Madhapur,266199,06-05-2025,07-06-2025,P543,Juice,Beverages,Beverages,Real,2.31,144,87,40,5,433,UPI,Returned,71,5,Average,In Stock,Cancelled
ORD103229,CUST6792,Yasti Tiwari,58,Male,Maharashtra,Mumbai,Bandra,238975,08-08-2024,09-08-2024,P249,Detergent,Household Items,Household Items,Surf Excel,2.22,491,314,36,8,2781,UPI,Delivered,17,4,Average,In Stock,Returned
ORD102256,CUST5306,Rudra Tripathi,79,Male,Telangana,Hyderabad,Gachibowli,638877,07-06-2025,06-10-2025,P814,Cake,Bakery,Bakery,Monginis,0.61,344,240,30,4,1034,GOOGLE PAY,Pending,8,4,Late delivery,Out of Stock,Delivered
ORD100762,CUST5155,Sarthak Shah,74,Female,Karnataka,Bangalore,Whitefield,826951,30-09-2025,01-10-2025,P169,Detergent,Household Items,Household Items,Surf Excel,3.7,126,83,35,1,83,UPI,Returned,-20,3,Average,In Stock,Returned
ORD102285,CUST5440,Suhani Pradhan,64,Female,Tamil Nadu,Chennai,T Nagar,683194,25-02-2024,28-02-2024,P923,Apple,Fruits & Vegetables,Fruits & Vegetables,Kashmir Fresh,2.98,702,457,35,7,3197,GPAY,Returned,40,3,Average,In Stock,Delivered
ORD103000,CUST3864,Varsha Ray,20,Other,West Bengal,Kolkata,Park Street,488069,16-06-2025,19-06-2025,P268,Milk,Dairy,Dairy,Amul,1.95,580,369,36,2,740,UPI,Pending,20,1,Average,In Stock,Cancelled
ORD100938,CUST7807,Lipika Shroff,47,Female,Karnataka,Bangalore,Whitefield,463927,31-01-2024,04-02-2024,P101,Ice Cream,Frozen Food,Frozen Food,Amul,0.78,572,386,33,7,2700,GOOGLE PAY,Returned,56,3,Late delivery,In Stock,Pending
ORD102419,CUST9421,Upasna Dugal,47,Other,Tamil Nadu,Chennai,T Nagar,160191,20-12-2025,23-12-2025,P861,Curd,Dairy,Dairy,Britannia,4.35,266,170,36,4,681,CASH ON DELIVERY,Cancelled,71,3,Average,Out of Stock,Pending
ORD104893,CUST6334, Aachal Dube ,61,Female,Delhi,New Delhi,Rohini,804323,02-02-2024,06-02-2024,P396,Tea,Beverages,Beverages,Tata Tea,4.03,696,589,15,7,4125,UPI,Cancelled,62,2,Excellent,In Stock,Returned
ORD100660,CUST8680,Samuel Rao,29,Male,Telangana,Hyderabad,Banjara Hills,306985,16-11-2025,19-11-2025,P803,Apple,Fruits & Vegetables,Fruits & Vegetables,Kashmir Fresh,1.15,722,593,18,7,4150,GPAY,Pending,23,3,Average,In Stock,Delivered
ORD103431,CUST9767,Siddharth Chand,54,Other,Gujarat,Ahmedabad,Satellite,712390,18-02-2024,21-02-2024,P691,Bread,Bakery,Bakery,Britannia,1.73,734,495,33,1,495,GPAY,Returned,82,4,Average,Out of Stock,Pending
ORD100533,CUST2857,Baghyawati Kadakia,62,Other,Telangana,Hyderabad,Gachibowli,653755,04-06-2024,05-06-2024,P199,Detergent,Household Items,Household Items,Surf Excel,3.8,112,108,4,7,758,UPI,Returned,39,4,Damaged item,In Stock,Delivered
ORD103209,CUST6407,Bishakha Bhatnagar,60,Male,Karnataka,Bangalore,Indiranagar,119226,17-12-2025,21-12-2025,P692,Paneer,Dairy,Dairy,Mother Dairy,1.87,170,122,28,5,612,Debit Card,Returned,21,3,Average,Out of Stock,Delivered
ORD101704,CUST2513,Pranit Dhawan,68,Female,Telangana,Hyderabad,Madhapur,377858,10-05-2025,05-11-2025,P671,Toothpaste,Personal Care,Personal Care,Colgate,3.08,799,490,39,5,2450,UPI,Pending,60,3,Average,Out of Stock,Returned
ORD102218,CUST2691,Chameli Kohli,60,Female,Tamil Nadu,Chennai,T Nagar,202444,09-10-2025,11-10-2025,P948,Paneer,Dairy,Dairy,Mother Dairy,3.96,434,310,29,3,929,UPI,Returned,62,4,Average,In Stock,Returned
ORD100977,CUST5844,Nikita Batta,18,Female,Tamil Nadu,Mumbai,Whitefield,806373,21-04-2025,25-04-2025,P729,Ice Cream,Frozen Food,Frozen Food,Amul,3.53,242,182,25,2,364,UPI,Delivered,23,4,Damaged item,Out of Stock,Returned
ORD102270,CUST6468,Sai Singh,51,Male,Delhi,pune,Saket,747432,21-04-2025,21-04-2025,P750,Frozen Peas,Frozen Food,Frozen Food,Safal,0.78,216,174,19,7,1219,GOOGLE PAY,Returned,32,1,Good,Out of Stock,Pending
ORD101842,CUST1327,Ishani Korpal,64,Other,Tamil Nadu,Chennai,Velachery,519470,29-05-2024,29-05-2024,P836,Banana,Fruits & Vegetables,Fruits & Vegetables,FreshFarm,3.98,133,119,11,8,952,CASH ON DELIVERY,Returned,46,5,Late delivery,Out of Stock,Pending
ORD102455,CUST2212,Vinaya Bhavsar,36,Female,Tamil Nadu,Chennai,T Nagar,685647,15-10-2024,17-10-2024,P201,Atta,Grocery,Grocery, Aashirvaad ,1.46,391,325,17,6,1948,GPAY,Delivered,88,4,Average,Out of Stock,Cancelled
ORD103794,CUST1352,Ati Contractor,74,Female,Maharashtra,pune,Powai,628655,19-08-2024,19-08-2024,P577,Detergent,Household Items,Household Items,Surf Excel,4.28,703,573,19,4,2290,UPI,Cancelled,33,3,Damaged item,Out of Stock,Returned
ORD103095,CUST1426,Teerth Nanda,66,Female,West Bengal,Kolkata,Park Street,776854,19-02-2025,23-02-2025,P939,Chips,Snacks,Snacks,Lay's,1.08,89,85,5,6,507,GPAY,Cancelled,26,1,Average,In Stock,Returned
ORD104975,null,Yatan Master,25,Female,maharashtra,Unknown,T Nagar,268929,03-03-2025,03-03-2025,P563,Sugar,Grocery,Grocery,Madhur,3.48,406,323,8,3,1488,Unknown,Pending,10,1,Average,Out of Stock,Pending
ORD104271,CUST2272,Siya Basu,57,Female,Gujarat,pune,Navrangpura,538241,13-01-2024,14-01-2024,P733,Bread,Bakery,Bakery, Britannia ,2.09,744,492,34,2,984,UPI,Pending,84,3,Excellent,Out of Stock,Returned
ORD103217,CUST6953,Pratyush Ahluwalia,73,Male,Telangana,Hyderabad,Banjara Hills,278022,08-08-2024,08-08-2024,P528,Cleaner,Household Items,Household Items,Lizol,2.96,339,279,18,5,1395,GOOGLE PAY,Pending,20,2,Average,In Stock,Delivered
ORD100038,CUST1645,Upadhriti Iyer,58,Female,Delhi,New Delhi,Rohini,47721,26-12-2024,27-12-2024,P693,Sugar,Grocery,Grocery,Madhur,1.89,504,439,13,4,1757,UPI,Delivered,88,3,Average,Out of Stock,Pending
ORD104419,CUST9664,Krishna Nagi,34,Male,West Bengal,Kolkata, Park Street ,765144,10-04-2025,10-04-2025,P524,Toothpaste,Personal Care,Personal Care,Colgate,3.78,441,276,37,3,829,GOOGLE PAY,Returned,54,2,Damaged item,In Stock,Delivered
ORD100094,CUST8121,Divya Chhabra,49,Female,West Bengal,Kolkata,Salt Lake,154989,01-02-2025,01-02-2025,P595,Soft Drink,Beverages,Beverages,Coca-Cola,3.94,466,311,33,4,1245,GOOGLE PAY,Cancelled,29,3,Average,Out of Stock,Pending
ORD101668,CUST7918,Aadi Sachar,38,Other,Maharashtra,Mumbai,Dadar,528444,12-06-2024,15-06-2024,P560,Detergent,Household Items,Household Items,Surf Excel,3.02,263,249,5,1,249,UPI,Cancelled,10,3,Average,Limited,Returned
ORD104999,CUST2357,Nisha Shankar,42,Male,Delhi,New Delhi,Dwarka,389857,03-05-2024,06-05-2024,P831,Juice,Beverages,Beverages,Real,2.36,141,108,23,7,759,UPI,Returned,21,5,Late delivery,Limited,Pending
ORD104061,CUST3172,Neelima Deep,48,Female,maharashtra,Hyderabad,Madhapur,495354,09-04-2025,07-09-2025,P853,Apple,Fruits & Vegetables,Fruits & Vegetables,Kashmir Fresh,2.71,369,282,24,2,564,CASH,Returned,79,3,Excellent,Limited,Cancelled
ORD100939,CUST1264,Gautam Kalita,75,Male,West Bengal,Kolkata,Salt Lake,733727,20-09-2025,24-09-2025,P729,Atta,Grocery,Grocery,Aashirvaad,0.45,76,76,0,1,76,UPI,Cancelled,53,4,Good,Out of Stock,Cancelled
ORD104878,CUST1970,Arjun Gopal,44,Other,Maharashtra,Nagpur,Dharampeth,586735,01-11-2024,03-11-2024,P733,Tea,Beverages,Beverages,Tata Tea,4.61,567,469,17,5,2346,CASH ON DELIVERY,Cancelled,39,3,Excellent,Out of Stock,Returned
ORD102800,null,Mitali Parikh,73,Female,maharashtra,Unknown,Kothrud,756759,29-09-2025,01-10-2025,P919,Apple,Fruits & Vegetables,Fruits & Vegetables,Kashmir Fresh,0.74,406,323,8,1,1488,Unknown,Pending,65,2,Average,Limited,Pending
ORD102205,CUST3219,Kai Bassi,48,Female,Gujarat,Ahmedabad,Satellite,285520,03-03-2025,03-07-2025,P335,Soap,Personal Care,Personal Care,Dove,4.15,574,365,36,7,2553,UPI,Delivered,31,3,Average,In Stock,Pending
ORD102678,CUST6268,Liam Sangha,65,Other,Maharashtra,Hyderbad,Andheri,735511,24-07-2025,24-07-2025,P749,Cleaner,Household Items,Household Items,Lizol,3.69,748,745,0,6,4467,UPI,Returned,71,2,Late delivery,In Stock,Cancelled
ORD104512,CUST7185,Yamini Sodhi,77,Male,Tamil Nadu,pune,RS Puram,529054,25-09-2024,26-09-2024,P489,Chips,Snacks,Snacks,Lay's,0.15,289,212,26,2,425,GPAY,Delivered,34,1,Late delivery,In Stock,Cancelled
ORD104509,CUST9332,Nachiket Bumb,72,Female,West Bengal,Kolkata,Howrah,795559,19-02-2025,20-02-2025,P243,Apple,Fruits & Vegetables,Fruits & Vegetables,Kashmir Fresh,1.13,288,249,14,8,1995,UPI,Returned,30,3,Average,In Stock,Pending
ORD103634,CUST6001,Timothy Lal,80,Other,Gujarat,pune,Satellite,846632,16-02-2024,16-02-2024,P637,Atta,Grocery,Grocery,Aashirvaad,1.21,531,365,31,6,2190,CASH,Delivered,16,1,Average,In Stock,Returned
ORD104023,CUST2968,Harish Balasubramanian,29,Other,Karnataka,Bangalore,Indiranagar,475351,22-02-2025,25-02-2025,P316,Sugar,Grocery,Grocery,Madhur,3.84,202,171,15,6,1029,CASH,Returned,28,4,Good,In Stock,Delivered
ORD101686,CUST3129,Aishani Mangat,73,Female,Maharashtra,Nagpur,Sitabuldi,465987,15-02-2025,16-02-2025,P256,Curd,Dairy,Dairy,Britannia,0.12,542,365,33,7,2556,Debit Card,Returned,33,5,Good,Out of Stock,Returned
ORD101224,CUST1427,Krishna Palla,65,Male,Maharashtra,Nagpur,Sitabuldi,290028,21-12-2025,22-12-2025,P757,Cake,Bakery,Bakery,Monginis,2.57,572,492,14,6,2955,UPI,Delivered,58,3,Average,In Stock,Cancelled
ORD100380,CUST1138,Mohini Yohannan,21,Female,Maharashtra,Pune,Kothrud,400347,18-07-2025,19-07-2025,P612,Juice,Beverages,Beverages,Real,1.05,207,132,37,1,336,Debit Card,Returned,47,3,Late delivery,Limited,Delivered
ORD104598,CUST1295,Mugdha Gopal,57,Other,Telangana,Hyderabad, Banjara Hills ,934407,04-06-2024,09-04-2024,P601,Apple,Fruits & Vegetables,Fruits & Vegetables,Kashmir Fresh,0.61,570,403,29,8,3225,UPI,Cancelled,42,1,Excellent,In Stock,Cancelled
ORD103525,CUST5338,Lipika Chad,37,Female,Tamil Nadu,Coimbatore,RS Puram,108214,14-04-2025,18-04-2025,P941,Ice Cream,Frozen Food,Frozen Food,Amul,2.19,485,367,24,2,733,GOOGLE PAY,Delivered,27,2,Average,In Stock,Returned
ORD101134,CUST2790,Chameli Sinha,65,Male,Delhi,Hyderbad,Saket,91112,16-04-2025,16-04-2025,P883,Ice Cream,Frozen Food,Frozen Food,Amul,3.8,168,115,31,5,854,CASH ON DELIVERY,Delivered,12,3,Late delivery,Limited,Pending
ORD101229,CUST5146,Jeevika Madan,37,Male,Karnataka,Bangalore,Indiranagar,147697,13-04-2025,15-04-2025,P282,Rice,Grocery,Grocery,India Gate,2.77,714,593,17,6,3491,CASH ON DELIVERY,Cancelled,556,2,Average,Out of Stock,Delivered
ORD103902,CUST4550,Nirja Rama,57,Other,Karnataka,Mysore,VV Mohalla,132636,12-10-2025,12-10-2025,P423,Tomato,Fruits & Vegetables,Fruits & Vegetables,Organic India,1.93,488,394,19,2,788,GPAY,Delivered,16,4,Average,Limited,Cancelled
ORD103051,CUST6504,Om Krishnamurthy,44,Female,Karnataka,Mysore,VV Mohalla,863069,02-09-2024,06-09-2024,P661,Cleaner,Household Items,Household Items,Lizol,4.75,438,291,34,7,2035,UPI,Delivered,83,3,Late delivery,In Stock,Cancelled
ORD103866,null,Madhav Murthy,39,Other,Tamil Nadu,Unknown,RS Puram,491492,25-03-2025,29-03-2025,P378,Juice,Beverages,Beverages,Real,4.48,406,323,3,3,1488,Unknown,Pending,60,2,Average,In Stock,Pending
ORD104753,CUST9814,Sara Bhatia,32,Female,Telangana,Hyderabad,Banjara Hills,114293,16-01-2025,17-01-2025,P819,Cleaner,Household Items,Household Items,Lizol,1.36,735,650,12,4,2550,GPAY,Cancelled,87,4,Good,In Stock,Delivered
ORD104776,CUST7208,Zayan Sankaran,46,Female,Karnataka,Bangalore,Indiranagar,423799,01-11-2024,12-01-2024,P284,Soap,Personal Care,Personal Care,Dove,2.11,534,412,23,3,1235,CASH,Pending,88,1,Damaged item,In Stock,Pending
ORD102219,CUST8255,Brinda Sagar,57,Female,Telangana,Hyderabad,Gachibowli,543834,14-10-2025,16-10-2025,P624,Curd,Dairy,Dairy,Britannia,4.24,163,138,15,1,421,UPI,Cancelled,85,3,Average,In Stock,Cancelled
ORD100961,CUST7365, Nilima Padmanabhan ,56,Male,Karnataka,Bangalore,Koramangala,414248,22-12-2024,24-12-2024,P359,Chips,Snacks,Snacks,Lay's,4.09,79,55,31,1,55,GOOGLE PAY,Pending,31,2,Average,Limited,Returned
ORD100966,CUST6151,Anika Tara,77,Male,Tamil Nadu,Mumbai,Baner,132439,21-07-2025,23-07-2025,P249,Banana,Fruits & Vegetables,Fruits & Vegetables,FreshFarm,0.91,492,318,35,8,2545,CASH ON DELIVERY,Pending,11,4,Excellent,In Stock,Cancelled
ORD104047,CUST9201,Pratyush Sachdev,29,Other,Maharashtra,Pune,Hinjewadi,398121,15-04-2025,17-04-2025,P902,Rice,Grocery,Grocery,India Gate,2.88,492,421,14,5,2107,CASH,Delivered,19,1,Excellent,In Stock,Returned
ORD102550,null,Chakrika Mane,30,Female,Tamil Nadu,Unknown,Peelamedu,917240,18-09-2024,18-09-2024,P278,Tomato,Fruits & Vegetables,Fruits & Vegetables,Organic India,1.41,406,323,36,3,1488,Unknown,Pending,82,4,Average,Limited,Pending
ORD101425,CUST5105,Ryan Dhar,57,Other,Delhi,PUNE,Rohini,526871,21-06-2024,25-06-2024,P872,Cleaner,Household Items,Household Items,Lizol,1.3,611,549,10,7,3843,Debit Card,Cancelled,42,5,Damaged item,Limited,Cancelled
ORD102877,CUST9861,Nilima Grover,39,Female,West Bengal,Kolkata,Park Street,739316,03-08-2024,07-08-2024,P417,Tea,Beverages,Beverages,Tata Tea,2.56,122,118,3,8,945,Debit Card,Pending,80,4,Average,Limited,Delivered
ORD101117,CUST9680,Nicholas Bhat,35,Female,Telangana,Hyderabad,Banjara Hills,470127,22-01-2024,23-01-2024,P774,Banana,Fruits & Vegetables,Fruits & Vegetables,FreshFarm,4.34,590,509,-16,3,1526,UPI,Delivered,43,4,Damaged item,In Stock,Returned
ORD104048,CUST9652,Saanvi Arya,66,Male,Karnataka,Hyderbad,Gokulam,327856,01-12-2024,12-01-2024,P664,Juice,Beverages,Beverages,Real,2.61,142,98,31,3,294,Debit Card,Pending,29,1,Excellent,Out of Stock,Delivered
ORD101503,CUST2320,Michael Gara,30,Female,Karnataka,Bangalore,Koramangala,912477,16-10-2025,16-10-2025,P878,Paneer,Dairy,Dairy,Mother Dairy,1.65,358,228,36,7,1599,GOOGLE PAY,Delivered,71,5,Average,Limited,Pending
ORD100308,CUST6292, Aachal Chakrabarti ,91,Female,maharashtra,Nagpur,Dharampeth,931170,22-09-2024,26-09-2024,P224,Banana,Fruits & Vegetables,Fruits & Vegetables,FreshFarm,3.43,707,630,11,4,2522,GPAY,Returned,-7,5,Average,In Stock,Pending
ORD102624,CUST3037,Quincy Gera,33,Male,Maharashtra,Pune,Wakad,722080,18-03-2024,20-03-2024,P788,Bread,Bakery,Bakery,Britannia,0.71,171,163,5,4,651,UPI,Returned,29,3,Average,In Stock,Delivered
ORD102298,CUST8496,Onveer Nagarajan,52,Male,Maharashtra,pune, Dharampeth ,712691,14-11-2024,18-11-2024,P202,Milk,Dairy,Dairy,Amul,3.3,219,135,39,3,404,UPI,Delivered,41,5,Damaged item,Out of Stock,Returned
ORD104308,CUST3593,Advay Kalla,41,Female,Gujarat,Ahmedabad,Satellite,511482,09-08-2024,08-10-2024,P520,Atta,Grocery,Grocery,Aashirvaad,2.42,595,419,30,3,1256,GPAY,Returned,79,2,Damaged item,In Stock,Cancelled
ORD104199,null,Nikita Menon,76,Male,Tamil Nadu,PUNE,Peelamedu,902021,06-11-2024,06-11-2024,P646,Biscuits,Snacks,Snacks,Parle,0.48,406,323,1,8,1488,Unknown,Pending,36,4,Average,Out of Stock,Pending
ORD100852,CUST4902,Om Bhat,75,Other,Telangana,Hyderabad, Gachibowli ,40600,12-07-2025,12-07-2025,P365,Chips,Snacks,Snacks,Lay's,2.76,461,432,6,2,758,UPI,Pending,46,2,Excellent,In Stock,Pending
ORD100779,CUST3736,Yashawini Ahluwalia,66,Male,Telangana,Hyderabad,Madhapur,707530,05-03-2025,05-05-2025,P635,Apple,Fruits & Vegetables,Fruits & Vegetables,Kashmir Fresh,0.59,337,323,4,1,323,CASH ON DELIVERY,Cancelled,55,1,Average,In Stock,Returned
ORD103578,CUST9544,Zehaan Bera,57,Female,Karnataka,Mysore,Gokulam,21680,07-08-2025,09-08-2025,P631,Cake,Bakery,Bakery,Monginis,2.85,323,233,28,8,1863,Debit Card,Pending,21,1,Damaged item,In Stock,Pending
ORD100454,CUST7181,Vanya Wason,25,Female,Karnataka,Bangalore,Indiranagar,12595,20-03-2024,20-03-2024,P463,Paneer,Dairy,Dairy,Mother Dairy,1.63,419,325,22,3,976,CASH,Cancelled,58,1,Average,In Stock,Pending
ORD100519,CUST9153,Arjun Sethi,51,Male,Gujarat,Ahmedabad,Navrangpura,467569,29-09-2025,29-09-2025,P727,Bread,Bakery,Bakery,Britannia,4.61,650,471,28,2,942,GPAY,Returned,20,1,Average,Limited,Delivered
ORD104963,CUST7878,Kashvi Chauhan,34,Female,Delhi,New Delhi,Saket,132977,23-10-2025,23-10-2025,P721,Bread,Bakery,Bakery,Britannia,4.3,185,141,24,2,282,CASH,Returned,68,3,Late delivery,In Stock,Returned
ORD102556,CUST8547, Rajata Wason ,55,Male,Gujarat,Surat,Vesu,877510,07-08-2024,07-08-2024,P993,Atta,Grocery,Grocery,Aashirvaad,2.84,106,86,19,6,514,GOOGLE PAY,Returned,19,3,Late delivery,Out of Stock,Cancelled
ORD102519,CUST7541,Indali Kamdar,50,Male,Tamil Nadu,Coimbatore,Peelamedu,893517,02-02-2024,04-02-2024,P147,Frozen Peas,Frozen Food,Frozen Food,Safal,0.49,125,112,10,5,562,CASH,Delivered,29,5,Damaged item,Limited,Returned
ORD103771,CUST7870, Hardik Hayer ,39,Other,Maharashtra,Pune,Baner,531485,26-10-2024,26-10-2024,P781,Frozen Peas,Frozen Food,Frozen Food,Safal,2.51,648,606,7,1,606,CASH,Returned,41,1,Average,In Stock,Pending
ORD101868,CUST4823,Shivansh Aurora,40,Female,West Bengal,Kolkata,Salt Lake,198414,06-07-2025,06-11-2025,P896,Juice,Beverages,Beverages,Real,1.41,726,478,34,6,2868,UPI,Pending,74,5,Average,Limited,Returned
ORD102058,CUST7245,Jasmit Batta,71,Female,Tamil Nadu,Coimbatore,Peelamedu,146366,09-11-2025,11-10-2025,P966,Milk,Dairy,Dairy,Amul,1.62,240,218,9,5,1090,CASH ON DELIVERY,Delivered,31,3,Damaged item,In Stock,Cancelled
ORD104180,CUST8060,Nachiket Shroff,26,Male,Telangana,Hyderabad,Madhapur,842079,29-09-2024,10-03-2024,P401,Frozen Peas,Frozen Food,Frozen Food,Safal,2.49,264,193,27,8,1545,CASH ON DELIVERY,Delivered,51,3,Good,In Stock,Returned
ORD104918,CUST4511,Kiaan Tata,51,Female,Karnataka,Mysore,VV Mohalla,957210,04-08-2025,07-08-2025,P564,Tea,Beverages,Beverages,Tata Tea,2.18,459,298,35,3,895,CASH ON DELIVERY,Delivered,66,2,Average,In Stock,Delivered
ORD103853,CUST5961,Pavani Hayre,80,Other,Delhi,New Delhi,Saket,201113,01-01-2024,01-05-2024,P694,Frozen Peas,Frozen Food,Frozen Food,Safal,4.72,604,567,6,6,3400,UPI,Pending,59,1,Good,Out of Stock,Cancelled
ORD100781,CUST5470,Nathaniel Patla,39,Other,West Bengal,Kolkata,Park Street,886957,06-04-2024,04-07-2024,P751,Toothpaste,Personal Care,Personal Care,Colgate,0.14,370,267,28,6,1604,GPAY,Cancelled,85,5,Average,Limited,Delivered
ORD100848,CUST9951,Upadhriti Mangat,71,Male,Tamil Nadu,Mumbai,Whitefield,983466,27-02-2025,03-03-2025,P575,Milk,Dairy,Dairy, Amul ,4.43,95,94,1,1,94,Debit Card,Delivered,62,1,Damaged item,In Stock,Returned
ORD100549,CUST7760,Yash Mistry,80,Female,Delhi,New Delhi,Saket,862312,06-03-2024,06-03-2024,P510,Biscuits,Snacks,Snacks,Parle,2.77,138,112,19,3,336,CASH,Returned,18,4,Average,In Stock,Delivered
ORD103066,CUST9650,Prisha Varma,24,Female,Karnataka,Bangalore,Whitefield,857261,23-06-2024,27-06-2024,P510,Chips,Snacks,Snacks,Lay's,1.42,147,97,-13,6,580,Debit Card,Pending,46,4,Average,Out of Stock,Delivered
ORD102195,CUST8495,Nathan Bhargava,68,Female,Karnataka,Bangalore,Indiranagar,991413,18-07-2025,22-07-2025,P511,Shampoo,Personal Care,Personal Care,Clinic Plus,2.48,657,644,2,8,5153,CASH ON DELIVERY,Pending,14,3,Excellent,In Stock,Delivered
ORD103316,CUST2647,Girindra Sinha,69,Male,West Bengal,Kolkata,Salt Lake,865163,13-11-2024,14-11-2024,P804,Bread,Bakery,Bakery,Britannia,4.68,599,579,3,7,4050,CASH ON DELIVERY,Returned,67,2,Average,Out of Stock,Returned
ORD102561,CUST9608,Jagvi Rastogi,24,Other,Karnataka,Bangalore,Indiranagar,110822,16-09-2025,18-09-2025,P328,Namkeen,Snacks,Snacks,Haldiram,2.97,234,168,28,1,168,UPI,Delivered,63,2,Average,Out of Stock,Returned
ORD103991,CUST9256,Warda Ray,78,Other,Maharashtra,Mumbai, Powai ,298782,19-03-2024,21-03-2024,P401,Cleaner,Household Items,Household Items,Lizol,1.11,619,456,26,5,2279,GPAY,Returned,16,3,Average,Limited,Delivered
ORD103495,CUST1347,Tripti Oommen,21,Other,Gujarat,Ahmedabad,Satellite,274333,18-07-2024,19-07-2024,P824,Cake,Bakery,Bakery,Monginis,1.03,633,485,23,2,969,UPI,Delivered,62,1,Damaged item,Out of Stock,Delivered
ORD102512,CUST2765,Aarna Bali,31,Female,West Bengal,Kolkata,Howrah,293411,06-05-2024,07-06-2024,P465,Juice,Beverages,Beverages,Real,3.85,91,71,21,1,71,GPAY,Returned,32,5,Average,In Stock,Cancelled
ORD101938,CUST5978,Nikita Goswami,15,Female,Maharashtra,Nagpur, Dharampeth ,858762,23-02-2024,27-02-2024,P948,Chips,Snacks,Snacks,Lay's,4.24,662,420,36,3,1261,UPI,Delivered,19,3,Excellent,Out of Stock,Pending
ORD101140,CUST4420,Rohan Shenoy,65,Other,Telangana,Hyderabad,Gachibowli,757451,11-12-2024,13-12-2024,P746,Soap,Personal Care,Personal Care,Dove,2.35,533,533,0,1,533,CASH,Returned,80,3,Damaged item,In Stock,Returned
ORD103609,CUST8442,Praneel Soni,30,Other,Telangana,Hyderabad,Banjara Hills,74808,03-10-2025,06-10-2025,P249,Rice,Grocery,Grocery,India Gate,4.69,424,367,14,8,2933,CASH,Returned,76,3,Damaged item,Limited,Pending
ORD100312,CUST8284,Samaksh Bahl,40,Male,Delhi,New Delhi,Saket,774030,15-04-2024,15-04-2024,P916,Rice,Grocery,Grocery,India Gate,0.32,482,452,6,2,903,UPI,Cancelled,87,4,Average,Limited,Cancelled
ORD100157,CUST8130,Nirja Barman,71,Other,Telangana,Hyderabad,Madhapur,686611,08-04-2024,04-09-2024,P802,Detergent,Household Items,Household Items,Surf Excel,0.85,509,348,32,1,348,GPAY,Cancelled,76,1,Good,In Stock,Pending
ORD100195,CUST5921,Raghav Varma,62,Male,Karnataka,Hyderbad,Gokulam,664399,13-02-2025,17-02-2025,P490,Apple,Fruits & Vegetables,Fruits & Vegetables,Kashmir Fresh,0.48,593,527,11,4,2109,UPI,Cancelled,20,4,Damaged item,In Stock,Pending
ORD102520,CUST5433,Saumya Comar,30,Other,Gujarat,Surat,Adajan,104725,30-05-2025,31-05-2025,P651,Detergent,Household Items,Household Items,Surf Excel,2.85,82,61,26,8,487,UPI,Returned,83,3,Late delivery,Out of Stock,Pending
ORD101316,CUST9108,Ethan Ramakrishnan,59,Other,Karnataka,Mysore,VV Mohalla,377124,26-10-2024,29-10-2024,P345,Ice Cream,Frozen Food,Frozen Food,Amul,2.27,136,126,7,5,631,Debit Card,Cancelled,29,1,Average,Limited,Returned
ORD103459,CUST5878,Libni Dora,43,Female,Gujarat,Ahmedabad,Satellite,389727,08-02-2024,06-08-2024,P327,Tea,Beverages,Beverages,Tata Tea,0.84,611,536,12,2,878,UPI,Delivered,88,3,Average,Out of Stock,Delivered
ORD100799,null,Alexander Raman,50,Other,Telangana,Unknown,Gachibowli,849776,09-03-2025,13-03-2025,P426,Cleaner,Household Items,Household Items,Lizol,1.06,406,323,8,4,1488,Unknown,Pending,10,3,Average,In Stock,Pending
ORD103543,CUST8725, Varsha Bhalla ,41,Male,Tamil Nadu,Coimbatore,Peelamedu,853627,29-01-2025,30-01-2025,P747,Paneer,Dairy,Dairy,Mother Dairy,2.52,194,123,37,7,862,UPI,Cancelled,46,1,Damaged item,In Stock,Pending
ORD104649,CUST3029,Om Pant,56,Male,Karnataka,Mysore,Gokulam,152171,09-05-2024,13-05-2024,P172,Shampoo,Personal Care,Personal Care,Clinic Plus,4.79,444,368,17,1,368,UPI,Cancelled,11,3,Average,Out of Stock,Cancelled
ORD100272,CUST9295,Pranit Shetty,24,Male,Gujarat,Surat,Vesu,286264,23-03-2024,26-03-2024,P716,Paneer,Dairy,Dairy,Mother Dairy,3.67,595,577,3,8,4619,CASH,Cancelled,41,3,Good,In Stock,Pending
ORD101659,CUST9322,Oviya Saha,48,Male,Maharashtra,Pune,Kothrud,396572,10-07-2025,07-10-2025,P284,Paneer,Dairy,Dairy,Mother Dairy,2.48,718,588,18,2,1175,UPI,Returned,77,5,Late delivery,Limited,Cancelled
ORD101585,CUST1675,Advik Sampath,18,Male,Gujarat,Ahmedabad,Navrangpura,996498,18-03-2024,21-03-2024,P646,Milk,Dairy,Dairy,Amul,1.19,724,640,12,2,1280,UPI,Delivered,46,3,Average,Limited,Delivered
ORD101621,null,Omya Ray,41,Female,Tamil Nadu,Unknown,Peelamedu,854426,02-04-2025,04-04-2025,P109,Detergent,Household Items,Household Items,Surf Excel,2.86,406,323,39,5,1488,Unknown,Pending,55,3,Average,Limited,Pending
ORD101291,CUST7201,Baghyawati Bava,30,Female,Gujarat,Hyderbad,Adajan,975164,20-02-2025,24-02-2025,P949,Ice Cream,Frozen Food,Frozen Food,Amul,1.14,608,374,39,7,2615,CASH ON DELIVERY,Pending,72,3,Excellent,Out of Stock,Delivered
ORD102902,CUST9521,Ronith Padmanabhan,71,Male,Delhi,New Delhi,Saket,848583,11-02-2025,12-02-2025,P723,Juice,Beverages,Beverages, Real ,4.13,26,19,26,5,96,UPI,Delivered,59,5,Average,In Stock,Delivered
ORD101931,CUST1800,Yamini Lalla,32,Male,Gujarat,Surat,Vesu,503032,04-08-2025,10-04-2025,P228,Rice,Grocery,Grocery,India Gate,4.24,643,453,30,6,2719,GPAY,Cancelled,42,3,Damaged item,Out of Stock,Delivered
ORD103559,CUST9053,Ishaan Shetty,41,Male,West Bengal,Kolkata,Park Street,141988,07-09-2025,07-09-2025,P560,Apple,Fruits & Vegetables,Fruits & Vegetables,Kashmir Fresh,4.09,365,255,30,8,2040,GOOGLE PAY,Delivered,66,2,Average,Out of Stock,Returned
ORD103247,null, Jeet Gera ,66,Other,Maharashtra,Unknown,Bandra,202044,06-07-2024,07-07-2024,P495,Namkeen,Snacks,Snacks, Haldiram ,0.37,406,323,38,4,1488,Unknown,Pending,29,5,Average,In Stock,Pending
ORD102831,CUST2874,Wridesh Bajaj,60,Other,Maharashtra,Nagpur,Dharampeth,629665,14-12-2024,18-12-2024,P489,Atta,Grocery,Grocery,Aashirvaad,1.01,304,202,34,7,1414,Debit Card,Pending,40,1,Late delivery,Out of Stock,Returned
ORD103396,CUST7129,Zayyan Nadkarni,21,Male,Tamil Nadu,pune,Anna Nagar,514011,03-04-2024,04-05-2024,P220,Cleaner,Household Items,Household Items,Lizol,0.74,559,546,2,6,3277,CASH,Cancelled,49,4,Damaged item,Out of Stock,Returned
ORD101561,CUST4883,Reyansh Dugar,48,Female,Maharashtra,Nagpur,Sitabuldi,491007,09-07-2025,10-09-2025,P181,Soft Drink,Beverages,Beverages,Coca-Cola,0.79,737,514,30,2,1027,CASH,Cancelled,43,4,Damaged item,Out of Stock,Returned
ORD101094,null,Ronith Deo,40,Male,Gujarat,Unknown,Adajan,871168,10-04-2025,11-04-2025,P148,Bread,Bakery,Bakery,Britannia,3.06,406,323,31,3,1488,Unknown,Pending,32,4,Average,Out of Stock,Pending
ORD102038,CUST6896,Rohan Zacharia,52,Male,Tamil Nadu,Coimbatore,RS Puram,915775,06-12-2024,12-06-2024,P718,Chips,Snacks,Snacks,Lay's,2.66,650,555,15,8,4444,GPAY,Cancelled,37,4,Good,Limited,Pending
ORD102448,CUST1044,Anamika Master,55,Other,Gujarat,Ahmedabad,Navrangpura,492290,29-05-2024,29-05-2024,P139,Soft Drink,Beverages,Beverages,Coca-Cola,4.32,560,455,19,3,1366,GOOGLE PAY,Pending,70,3,Average,In Stock,Cancelled
ORD101361,CUST2152,Aarav Gopal,72,Male,Telangana,Hyderabad,Banjara Hills,676972,22-05-2024,22-05-2024,P961,Cake,Bakery,Bakery,Monginis,4.77,724,563,22,2,1125,UPI,Delivered,35,5,Average,Out of Stock,Pending
ORD103934,CUST2383,Falan Pal,70,Female,Tamil Nadu,Coimbatore,Peelamedu,154672,22-05-2024,23-05-2024,P357,Toothpaste,Personal Care,Personal Care,Colgate,2.43,353,346,2,2,692,GOOGLE PAY,Pending,11,5,Average,Out of Stock,Returned
ORD100375,CUST7278,Upma Gupta,26,Female,Karnataka,Bangalore,Indiranagar,532937,29-01-2025,31-01-2025,P651,Chips,Snacks,Snacks,Lay's,2.72,405,321,21,6,1928,CASH,Pending,39,1,Average,Limited,Returned
ORD101947,CUST4516,Advika Tailor,80,Female,Karnataka,Mysore,VV Mohalla,547785,26-02-2024,27-02-2024,P157,Detergent,Household Items,Household Items,Surf Excel,2.52,154,114,26,8,910,CASH,Returned,63,3,Late delivery,In Stock,Delivered
ORD101238,CUST6597,Xiti Ghose,63,Other,Gujarat,Surat,Vesu,933387,11-06-2025,07-11-2025,P846,Bread,Bakery,Bakery,Britannia,3.67,736,564,23,1,564,UPI,Returned,18,3,Average,Limited,Cancelled
ORD104970,CUST1816,Meera Keer,61,Female,Maharashtra,Nagpur,Sitabuldi,329072,22-03-2024,25-03-2024,P593,Curd,Dairy,Dairy,Britannia,3.62,287,182,36,3,546,GOOGLE PAY,Delivered,53,2,Good,Limited,Delivered
ORD101629,CUST8086,Gagan Dhar,37,Female,Telangana,Hyderabad,Madhapur,835021,24-04-2024,28-04-2024,P871,Biscuits,Snacks,Snacks,Parle,0.38,687,537,22,2,1074,CASH,Delivered,66,1,Average,In Stock,Cancelled
ORD103074,CUST9522, Gayathri Sengupta ,60,Male,Karnataka,Mysore,VV Mohalla,618593,20-11-2024,22-11-2024,P813,Bread,Bakery,Bakery,Britannia,1.94,779,522,33,3,1566,CASH,Returned,25,3,Excellent,Limited,Returned
ORD102118,null,Anmol Murthy,74,Female,West Bengal,Unknown,Salt Lake,368870,25-04-2024,29-04-2024,P908,Sugar,Grocery,Grocery,Madhur,2.74,406,323,38,4,1488,Unknown,Pending,20,3,Average,Limited,Pending
ORD102895,CUST7543,Kevin Basak,27,Other,West Bengal,Kolkata,Salt Lake,894300,11-08-2024,13-08-2024,P465,Bread,Bakery,Bakery,Britannia,3.82,315,198,37,6,1188,GOOGLE PAY,Cancelled,22,3,Average,Limited,Delivered
ORD100983,CUST6357,Advik Khurana,16,Female,Delhi,pune,Dwarka,644038,14-08-2025,16-08-2025,P979,Biscuits,Snacks,Snacks,Parle,0.64,668,406,39,6,2439,Debit Card,Delivered,61,2,Average,Out of Stock,Returned
ORD100617,CUST5254,Watika Magar,39,Female,Maharashtra,Nagpur,Dharampeth,626942,09-05-2024,05-10-2024,P239,Detergent,Household Items,Household Items,Surf Excel,4.16,417,351,16,1,351,UPI,Returned,19,2,Late delivery,In Stock,Delivered
ORD102378,CUST7240,Oviya Sha,77,Male,Delhi,New Delhi,Rohini,62604,25-03-2025,29-03-2025,P743,Paneer,Dairy,Dairy,Mother Dairy,2.41,682,523,23,8,4188,UPI,Returned,87,5,Average,In Stock,Pending
ORD103327,CUST1315, Viraj Dey ,18,Female,Delhi,New Delhi,Rohini,322817,25-02-2024,26-02-2024,P628,Frozen Peas,Frozen Food,Frozen Food, Safal ,1.09,671,498,26,4,1990,UPI,Cancelled,8,3,Excellent,In Stock,Returned
ORD103489,CUST3791,Chaitanya Atwal,20,Other,maharashtra,New Delhi,Saket,268123,24-06-2025,28-06-2025,P502,Milk,Dairy,Dairy,Amul,4.68,603,424,30,2,848,GOOGLE PAY,Cancelled,85,3,Excellent,In Stock,Pending
ORD103678,CUST7259,Siya Minhas,73,Female,Karnataka,Bangalore,Whitefield,214703,31-05-2024,04-06-2024,P529,Cleaner,Household Items,Household Items,Lizol,4.26,180,132,27,5,658,CASH,Returned,55,4,Average,Out of Stock,Cancelled
ORD103480,CUST2040,Xiti Kota,52,Male,Delhi,New Delhi,Dwarka,797893,08-02-2024,12-02-2024,P694,Bread,Bakery,Bakery,Britannia,0.48,232,148,36,7,1035,GPAY,Cancelled,17,4,Average,Out of Stock,Delivered
ORD100611,CUST2681,Edhitha Mallick,44,Other,Delhi,New Delhi,Rohini,822029,29-07-2025,29-07-2025,P835,Atta,Grocery,Grocery,Aashirvaad,0.77,100,96,4,2,193,CASH ON DELIVERY,Pending,17,3,Good,In Stock,Cancelled
ORD104031,null,Ekani Trivedi,39,Male,Karnataka,Unknown,Gokulam,918143,07-07-2024,07-07-2024,P716,Chips,Snacks,Snacks,Lay's,3.66,406,323,9,7,1488,Unknown,Pending,25,1,Average,In Stock,Pending
ORD101964,CUST3555,Caleb Mall,21,Other,Delhi,New Delhi,Rohini,901430,16-08-2024,17-08-2024,P731,Tomato,Fruits & Vegetables,Fruits & Vegetables,Organic India,2.15,739,597,19,4,2389,GOOGLE PAY,Cancelled,50,2,Good,In Stock,Returned
ORD100698,CUST6924,Nidra Kade,52,Other,Tamil Nadu,Coimbatore,RS Puram,746993,25-06-2024,27-06-2024,P717,Ice Cream,Frozen Food,Frozen Food,Amul,3.14,218,190,13,5,948,GPAY,Delivered,76,3,Average,Limited,Cancelled
ORD101171,CUST9982,Harsh Lata,77,Male,Gujarat,Ahmedabad,Navrangpura,856223,26-12-2025,28-12-2025,P555,Shampoo,Personal Care,Personal Care,Clinic Plus,3.22,145,101,30,6,606,UPI,Cancelled,72,3,Good,Limited,Cancelled
ORD100187,CUST5523,Rajata Tiwari,45,Other,Gujarat,Ahmedabad,Navrangpura,658617,15-10-2025,17-10-2025,P908,Soft Drink,Beverages,Beverages, Coca-Cola ,1.29,301,187,38,4,748,UPI,Returned,29,5,Late delivery,Out of Stock,Delivered
ORD101922,CUST7889,Bhavini Khanna,22,Other,Delhi,New Delhi,Rohini,223547,25-02-2024,28-02-2024,P734,Soap,Personal Care,Personal Care,Dove,3.13,357,314,12,4,1255,Debit Card,Delivered,66,4,Average,Out of Stock,Returned
ORD102933,CUST8489,Chaitanya Sehgal,46,Other,Delhi,New Delhi,Rohini,351860,24-12-2024,26-12-2024,P672,Apple,Fruits & Vegetables,Fruits & Vegetables,Kashmir Fresh,2.52,199,124,38,2,248,CASH ON DELIVERY,Cancelled,84,4,Average,Out of Stock,Returned
ORD103611,CUST1016,Tara Choudhury,78,Female,Tamil Nadu,Chennai,Velachery,527454,16-03-2024,17-03-2024,P654,Paneer,Dairy,Dairy,Mother Dairy,1.22,626,607,3,1,793,Debit Card,Delivered,88,1,Excellent,Out of Stock,Cancelled
ORD101444,null,Jalsa Brar,46,Female,Maharashtra,Unknown,Kothrud,268792,06-10-2024,10-09-2024,P736,Tomato,Fruits & Vegetables,Fruits & Vegetables,Organic India,3.13,406,323,14,3,1488,Unknown,Pending,64,5,Average,In Stock,Pending
ORD104185,CUST9978,Aadhya Bora,79,Female,Tamil Nadu,Chennai,Velachery,609879,15-06-2025,18-06-2025,P421,Bread,Bakery,Bakery,Britannia,2.99,458,301,34,2,602,GPAY,Delivered,51,5,Good,In Stock,Pending
ORD100128,CUST1421,Shivansh Sagar,56,Male,Gujarat,Surat,Vesu,319110,20-02-2024,23-02-2024,P398,Rice,Grocery,Grocery,India Gate,4.89,140,104,26,8,832,GPAY,Delivered,20,4,Damaged item,Out of Stock,Cancelled
ORD100668,CUST6351,George Deol,16,Male,Karnataka,pune,Koramangala,106319,28-10-2025,30-10-2025,P393,Biscuits,Snacks,Snacks,Parle,1.94,137,125,9,2,250,UPI,Pending,9,3,Excellent,Limited,Returned
ORD102973,CUST6505,Gagan Salvi,34,Female,Telangana,Hyderabad,Gachibowli,772111,16-06-2025,19-06-2025,P153,Tomato,Fruits & Vegetables,Fruits & Vegetables,Organic India,2.28,693,547,21,3,1640,GOOGLE PAY,Cancelled,67,5,Late delivery,Out of Stock,Delivered
ORD102380,CUST4227,Aadhya Parikh,78,Other,West Bengal,Kolkata,Salt Lake,574627,14-11-2025,17-11-2025,P748,Detergent,Household Items,Household Items,Surf Excel,2.18,103,74,28,5,371,GPAY,Returned,66,2,Average,In Stock,Cancelled
ORD100377,CUST3314,Lucky Kibe,28,Male,Maharashtra,Nagpur,Dharampeth,987021,13-12-2025,16-12-2025,P112,Frozen Peas,Frozen Food,Frozen Food,Safal,2.89,62,40,36,6,240,Debit Card,Returned,54,2,Damaged item,Limited,Pending
ORD104825,CUST6926,Hemani Kant,74,Male,Delhi,New Delhi,Saket,463623,20-03-2024,24-03-2024,P742,Banana,Fruits & Vegetables,Fruits & Vegetables,FreshFarm,4.79,520,503,3,7,3519,CASH ON DELIVERY,Cancelled,28,5,Average,Out of Stock,Cancelled
ORD103776,CUST2548,Samarth De,64,Female,West Bengal,Kolkata,Howrah,285149,19-03-2025,21-03-2025,P201,Ice Cream,Frozen Food,Frozen Food,Amul,4.78,140,131,7,3,393,GPAY,Delivered,12,3,Average,Limited,Delivered
ORD104650,CUST3913, Meghana Mander ,54,Male,Tamil Nadu,Coimbatore,Peelamedu,399659,30-06-2025,04-07-2025,P944,Soap,Personal Care,Personal Care,Dove,2.62,374,311,17,7,2177,GOOGLE PAY,Delivered,42,3,Late delivery,Out of Stock,Pending
ORD102773,CUST7705,Nitara Puri,67,Male,Telangana,Hyderabad,Gachibowli,624714,26-10-2024,30-10-2024,P406,Juice,Beverages,Beverages,Real,2.85,480,471,2,1,471,UPI,Cancelled,28,1,Average,Out of Stock,Cancelled
ORD102588,CUST7515,Ishwar Buch,42,Male,Tamil Nadu,Hyderbad,RS Puram,307886,20-05-2025,22-05-2025,P837,Banana,Fruits & Vegetables,Fruits & Vegetables,FreshFarm,4.59,670,551,18,7,3858,CASH ON DELIVERY,Pending,41,5,Good,Out of Stock,Cancelled
ORD100292,CUST9456,Anmol Iyengar,76,Other,Maharashtra,Mumbai,Powai,959125,06-10-2025,07-10-2025,P553,Ice Cream,Frozen Food,Frozen Food,Amul,0.81,608,493,19,3,1480,UPI,Delivered,66,3,Excellent,Out of Stock,Pending
ORD104073,null,Omkaar Kata,58,Female,Gujarat,Unknown,Navrangpura,460904,29-05-2024,30-05-2024,P515,Paneer,Dairy,Dairy,Mother Dairy,4.2,406,323,34,4,1488,Unknown,Pending,61,5,Average,Limited,Pending
ORD104408,CUST3975,Meera Gandhi,43,Female,Maharashtra,Mumbai,Dadar,888452,21-11-2025,21-11-2025,P560,Toothpaste,Personal Care,Personal Care,Colgate,1.33,135,122,10,3,365,UPI,Cancelled,61,1,Late delivery,Limited,Cancelled
ORD103075,CUST1238,Harish Kohli,19,Male,Karnataka,Bangalore,Indiranagar,533269,02-05-2025,08-02-2025,P329,Biscuits,Snacks,Snacks,Parle,3.93,263,177,33,1,177,UPI,Delivered,10,4,Average,In Stock,Returned
ORD103262,CUST6991,Wazir Rattan,37,Male,Telangana,Hyderabad,Gachibowli,789178,19-08-2024,22-08-2024,P672,Cake,Bakery,Bakery,Monginis,0.53,552,479,13,6,2875,GOOGLE PAY,Returned,24,4,Good,In Stock,Returned
ORD103245,CUST3413,Pushti Ravi,48,Female,Delhi,New Delhi,Rohini,799204,28-05-2024,29-05-2024,P380,Banana,Fruits & Vegetables,Fruits & Vegetables,FreshFarm,1.42,143,105,26,1,105,GOOGLE PAY,Cancelled,36,3,Good,In Stock,Returned
ORD103999,CUST2103, Agastya Bera ,59,Female,Tamil Nadu,Coimbatore,Peelamedu,335322,12-02-2025,16-02-2025,P326,Namkeen,Snacks,Snacks,Haldiram,2.6,554,527,5,4,2106,UPI,Cancelled,19,4,Average,Limited,Returned
ORD102393,CUST4059,Gauri Sane,40,Male,Telangana,Hyderabad,Gachibowli,625558,09-12-2024,09-12-2024,P699,Cleaner,Household Items,Household Items,Lizol,0.97,769,620,19,4,2482,GOOGLE PAY,Cancelled,82,1,Average,Limited,Returned
ORD100386,CUST3322,Zarna Krish,34,Male,Telangana,Hyderabad,Banjara Hills,620709,05-01-2025,08-01-2025,P183,Frozen Peas,Frozen Food,Frozen Food,Safal,1.56,186,128,32,8,1021,CASH ON DELIVERY,Returned,18,5,Late delivery,Limited,Cancelled
ORD102899,CUST1554,Eshana Chada,24,Female,West Bengal,Kolkata,Park Street,883423,13-01-2024,13-01-2024,P702,Atta,Grocery,Grocery,Aashirvaad,1.14,256,172,33,2,345,CASH,Cancelled,25,5,Excellent,In Stock,Delivered
ORD103084,CUST6061,Victor Soman,23,Other,Telangana,Hyderabad,Madhapur,629995,22-11-2024,25-11-2024,P566,Banana,Fruits & Vegetables,Fruits & Vegetables,FreshFarm,0.48,771,481,38,8,3851,UPI,Pending,82,4,Damaged item,In Stock,Returned
ORD102241,CUST3149,Harrison Iyengar,29,Male,Tamil Nadu,Chennai,Velachery,946261,22-08-2024,22-08-2024,P586,Soap,Personal Care,Personal Care,Dove,4.64,794,713,10,2,1427,Debit Card,Pending,10,3,Average,Out of Stock,Pending
ORD100280,null,Nidra Vaidya,79,Male,maharashtra,Unknown,Andheri,710395,27-08-2025,27-08-2025,P563,Ice Cream,Frozen Food,Frozen Food,Amul,1.69,406,323,37,6,1488,Unknown,Pending,8,1,Average,Limited,Pending
ORD104920,CUST1421,Neelima Sidhu,86,Female,West Bengal,Kolkata,Howrah,511520,04-05-2024,05-04-2024,P322,Banana,Fruits & Vegetables,Fruits & Vegetables,FreshFarm,3.5,783,554,29,2,1108,CASH,Delivered,67,2,Good,In Stock,Delivered
ORD102139,CUST4781,Krisha Deshmukh,38,Other,Maharashtra,Pune,Kothrud,384416,01-03-2025,05-03-2025,P641,Toothpaste,Personal Care,Personal Care,Colgate,1.5,184,160,13,8,1283,CASH,Pending,62,1,Average,In Stock,Delivered
ORD100463,CUST2767,Tanmayi Bansal,77,Female,Gujarat,Surat,Vesu,494336,17-01-2025,21-01-2025,P691,Atta,Grocery,Grocery,Aashirvaad,2.06,396,301,24,6,1809,UPI,Pending,72,2,Excellent,Limited,Pending
ORD101376,CUST6122,Omaja Kalla,25,Other,Telangana,Hyderabad,Banjara Hills,769398,31-10-2025,11-01-2025,P832,Ice Cream,Frozen Food,Frozen Food,Amul,3.09,657,541,18,6,3248,GOOGLE PAY,Pending,21,3,Good,Limited,Cancelled
ORD104290,CUST3770,Farhan Koshy,54,Male,Telangana,Hyderabad,Gachibowli,914115,18-05-2025,22-05-2025,P570,Tomato,Fruits & Vegetables,Fruits & Vegetables,Organic India,0.5,453,335,26,1,335,UPI,Cancelled,12,2,Late delivery,In Stock,Pending
ORD101021,null,Shivansh Gokhale,53,Other,Gujarat,Unknown,Navrangpura,543113,21-08-2024,21-08-2024,P773,Ice Cream,Frozen Food,Frozen Food,Amul,1.53,406,323,31,3,1488,Unknown,Pending,12,3,Average,In Stock,Pending
ORD103488,CUST2704,Sanya Lala,24,Male,Karnataka,Mysore,VV Mohalla,381274,05-08-2025,07-08-2025,P217,Frozen Peas,Frozen Food,Frozen Food,Safal,1.74,727,533,27,7,3729,GOOGLE PAY,Pending,66,1,Average,In Stock,Cancelled
ORD101187,CUST4172,Gauri Thaker,42,Other,Karnataka,Bangalore,Whitefield,813536,01-08-2024,08-03-2024,P937,Sugar,Grocery,Grocery,Madhur,1.23,497,389,22,5,1946,CASH ON DELIVERY,Delivered,17,5,Late delivery,Limited,Returned
ORD103411,CUST4073,Anay Sarin,77,Female,West Bengal,Hyderbad,Park Street,805706,02-11-2024,14-02-2024,P428,Atta,Grocery,Grocery,Aashirvaad,1.89,226,152,33,2,304,UPI,Cancelled,80,3,Average,Out of Stock,Returned
ORD100246,CUST6346,Panini Sridhar,55,Female,Tamil Nadu,PUNE,Peelamedu,380322,25-10-2024,26-10-2024,P813,Bread,Bakery,Bakery,Britannia,2.7,37,34,8,2,68,CASH,Returned,90,3,Average,In Stock,Cancelled
ORD101986,null,Zashil Misra,58,Male,Maharashtra,Unknown,Sitabuldi,24278,26-02-2024,28-02-2024,P261,Soap,Personal Care,Personal Care,Dove,3.58,406,323,38,4,1488,Unknown,Pending,659,3,Average,In Stock,Pending
ORD103232,CUST5035,Ishanvi Dash,47,Other,West Bengal,Kolkata,Park Street,313010,25-04-2024,29-04-2024,P800,Soft Drink,Beverages,Beverages,Coca-Cola,3.62,727,518,29,4,2071,Debit Card,Cancelled,54,4,Good,Out of Stock,Pending
ORD103616,CUST7330,Yashvi Raghavan,68,Female,Maharashtra,Pune,Wakad,499433,25-10-2025,29-10-2025,P916,Soap,Personal Care,Personal Care,Dove,4.81,739,713,4,7,4993,CASH,Pending,29,1,Average,In Stock,Pending
ORD100138,CUST7089,Lucky Sabharwal,73,Female,West Bengal,Kolkata,Howrah,467925,05-11-2024,13-05-2024,P574,Tomato,Fruits & Vegetables,Fruits & Vegetables,Organic India,4.27,759,728,4,3,2184,GPAY,Delivered,50,5,Average,Limited,Delivered
ORD103078,CUST4832, Isaiah Chawla ,72,Other,Karnataka,Mysore,Gokulam,635554,25-10-2025,25-10-2025,P221,Cleaner,Household Items,Household Items,Lizol,2.92,351,312,11,2,624,GPAY,Pending,41,5,Excellent,Limited,Pending
ORD101799,CUST9379, Aishani Rastogi ,25,Male,maharashtra,Bangalore,Koramangala,945009,05-03-2025,03-06-2025,P353,Ice Cream,Frozen Food,Frozen Food,Amul,0.1,54,33,-19,7,229,GOOGLE PAY,Pending,78,5,Late delivery,Limited,Returned
ORD102041,CUST2328,Rohan Mahal,70,Male,Karnataka,Bangalore,Indiranagar,999713,25-05-2025,26-05-2025,P408,Cleaner,Household Items,Household Items,Lizol,0.21,293,238,19,7,1665,UPI,Cancelled,58,2,Excellent,Out of Stock,Returned
ORD101638,CUST5752,Ethan Roy,55,Male,Maharashtra,Pune,Hinjewadi,707398,24-08-2024,28-08-2024,P312,Milk,Dairy,Dairy,Amul,3.63,794,668,16,1,668,GOOGLE PAY,Cancelled,35,5,Average,Out of Stock,Returned
ORD100686,CUST9450,Eshana Char,65,Male,Delhi,New Delhi,Rohini,170526,02-02-2024,03-02-2024,P708,Toothpaste,Personal Care,Personal Care,Colgate,2.74,233,214,8,5,1068,Debit Card,Delivered,16,5,Average,In Stock,Returned
ORD102316,CUST4601,Maanas Sanghvi,37,Other,Gujarat,Ahmedabad,Satellite,544483,04-06-2025,06-08-2025,P214,Bread,Bakery,Bakery,Britannia,3.6,151,150,0,4,601,CASH ON DELIVERY,Pending,43,3,Average,Out of Stock,Returned
ORD100125,CUST2705,Nicholas Ravel,69,Female,Telangana,Hyderabad,Gachibowli,249271,02-01-2024,06-01-2024,P863,Namkeen,Snacks,Snacks,Haldiram,0.48,684,621,9,7,4347,GOOGLE PAY,Cancelled,36,3,Good,Limited,Cancelled
ORD104081,CUST5397,Qadim Biswas,72,Male,Gujarat,Ahmedabad,Navrangpura,345799,19-03-2024,21-03-2024,P964,Atta,Grocery,Grocery,Aashirvaad,3.5,392,289,26,8,2167,UPI,Delivered,90,4,Average,In Stock,Pending
ORD102040,null,Eshana Kothari,31,Female,Maharashtra,Unknown,Dharampeth,515065,29-10-2025,11-02-2025,P534,Paneer,Dairy,Dairy,Mother Dairy,0.87,406,323,23,8,1488,Unknown,Pending,35,1,Average,Limited,Pending
ORD104392,CUST6715,Luke Baria,40,Other,West Bengal,Kolkata,Howrah,613482,19-11-2024,19-11-2024,P500,Cleaner,Household Items,Household Items,Lizol,4.43,576,430,25,4,1720,UPI,Pending,86,2,Average,Limited,Delivered
ORD103917,CUST1089,Yashodhara Patla,38,Other,Tamil Nadu,Chennai,Velachery,747887,03-04-2025,04-04-2025,P908,Detergent,Household Items,Household Items,Surf Excel,3.42,104,69,34,4,274,GOOGLE PAY,Returned,26,3,Excellent,In Stock,Delivered
ORD102009,CUST9878,Victor Rama,23,Female,West Bengal,Kolkata,Park Street,310589,08-10-2024,10-10-2024,P274,Toothpaste,Personal Care,Personal Care,Colgate,2,348,323,7,2,646,Debit Card,Pending,89,5,Good,Out of Stock,Delivered
ORD103153,CUST2376,Deepa Dass,56,Other,Delhi,PUNE,Saket,983887,06-02-2024,09-02-2024,P998,Sugar,Grocery,Grocery,Madhur,4.87,187,181,3,5,905,Debit Card,Cancelled,25,4,Average,Out of Stock,Pending
ORD103360,CUST6095,Riya Yadav,79,Male,Maharashtra,Mumbai, Powai ,427012,23-12-2025,24-12-2025,P470,Shampoo,Personal Care,Personal Care,Clinic Plus,3.46,217,210,3,3,631,GOOGLE PAY,Pending,87,4,Average,Out of Stock,Delivered
ORD103925,CUST6821,Gayathri Dalal,67,Male,Karnataka,Bangalore,Indiranagar,290243,31-05-2025,04-06-2025,P930,Toothpaste,Personal Care,Personal Care,Colgate,3.04,390,313,20,3,939,CASH,Delivered,72,4,Damaged item,Out of Stock,Pending
ORD104364,CUST5952,Indira Narain,67,Female,Delhi,New Delhi,Saket,606619,26-09-2024,27-09-2024,P413,Curd,Dairy,Dairy, Britannia ,4.73,717,694,3,1,694,UPI,Returned,49,4,Excellent,Limited,Delivered
ORD103807,CUST8193,Aditya Butala,33,Male,Maharashtra,Pune,Baner,467551,22-09-2025,23-09-2025,P747,Cleaner,Household Items,Household Items,Lizol,0.93,639,459,28,6,2756,UPI,Returned,28,3,Good,In Stock,Returned
ORD101037,CUST9308,Darika Rajan,31,Male,West Bengal,Kolkata,Salt Lake,419097,26-12-2024,29-12-2024,P959,Cake,Bakery,Bakery,Monginis,4.47,601,542,10,3,1625,CASH,Delivered,79,5,Late delivery,Limited,Delivered
ORD102409,CUST8064,Falan Dubey,55,Other,maharashtra,Coimbatore,Peelamedu,446385,26-07-2024,30-07-2024,P806,Namkeen,Snacks,Snacks,Haldiram,2.12,540,412,24,7,2886,GOOGLE PAY,Delivered,39,3,Good,Limited,Cancelled
ORD102841,CUST3260,Simon Mukhopadhyay,75,Male,Karnataka,Mysore,VV Mohalla,695108,06-10-2024,10-07-2024,P818,Curd,Dairy,Dairy,Britannia,4.76,735,707,4,1,707,UPI,Returned,75,5,Damaged item,In Stock,Delivered
ORD104304,CUST2537,Kavya Vyas,36,Other,Telangana,Hyderabad,Banjara Hills,344524,11-05-2024,11-05-2024,P575,Detergent,Household Items,Household Items,Surf Excel,4.47,779,522,33,6,3135,CASH,Delivered,84,3,Average,Out of Stock,Pending
ORD103579,CUST9454,Tanmayi Dar,21,Other,Tamil Nadu,Chennai,Velachery,872493,01-01-2025,01-02-2025,P772,Toothpaste,Personal Care,Personal Care,Colgate,4.85,790,734,7,3,2203,UPI,Delivered,78,4,Late delivery,In Stock,Returned
ORD102600,CUST8394,Anmol Kulkarni,48,Female,Karnataka,Mysore,Gokulam,853358,08-10-2025,10-10-2025,P543,Curd,Dairy,Dairy,Britannia,4.56,415,261,37,6,1566,GPAY,Delivered,64,3,Damaged item,In Stock,Delivered
ORD102252,CUST3862,Avi Nadig,63,Female,West Bengal,Kolkata,Howrah,640512,04-08-2025,12-04-2025,P835,Namkeen,Snacks,Snacks,Haldiram,4.08,148,140,5,8,1122,CASH ON DELIVERY,Pending,24,4,Late delivery,Out of Stock,Cancelled
ORD102019,CUST1655,Urishilla Sodhi,49,Female,Delhi,New Delhi,Dwarka,595387,10-08-2024,14-08-2024,P887,Cleaner,Household Items,Household Items,Lizol,0.42,102,67,35,3,200,UPI,Pending,43,3,Damaged item,Out of Stock,Delivered
ORD101231,CUST7721,Ranbir Bhasin,39,Female,Tamil Nadu,Coimbatore,RS Puram,379985,01-04-2024,03-04-2024,P336,Cake,Bakery,Bakery, Monginis ,4.96,175,166,5,1,166,Debit Card,Delivered,53,5,Damaged item,Limited,Pending
ORD104821,CUST2894,Ekavir Sridhar,39,Male,Tamil Nadu,Coimbatore,Peelamedu,736654,04-03-2024,04-03-2024,P684,Juice,Beverages,Beverages,Real,4.25,127,84,34,6,503,UPI,Returned,77,2,Average,In Stock,Pending
ORD101119,CUST2633,Devansh Rajagopal,60,Other,Tamil Nadu,Chennai,Velachery,700545,22-09-2024,24-09-2024,P107,Milk,Dairy,Dairy,Amul,0.57,783,518,34,8,4142,UPI,Delivered,72,4,Damaged item,Limited,Returned
ORD102147,null,Lipika Sehgal,62,Female,Maharashtra,Unknown,Baner,239941,27-04-2025,30-04-2025,P972,Juice,Beverages,Beverages,Real,4.94,406,323,18,7,1488,Unknown,Pending,12,3,Average,Out of Stock,Pending
ORD103041,null,Mason Bhakta,45,Other,Telangana,PUNE,Banjara Hills,788745,11-05-2025,05-12-2025,P916,Banana,Fruits & Vegetables,Fruits & Vegetables,FreshFarm,0.42,406,323,23,8,1488,Unknown,Pending,61,3,Average,Out of Stock,Pending
ORD100898,CUST1045,Chaitanya Rau,62,Female,West Bengal,Kolkata,Park Street,391808,05-10-2024,08-10-2024,P241,Sugar,Grocery,Grocery,Madhur,3.77,647,646,0,8,5172,UPI,Cancelled,56,2,Excellent,Out of Stock,Returned
ORD102491,CUST7903, Lucky Mangat ,73,Female,Telangana,Hyderabad,Madhapur,340725,17-10-2025,18-10-2025,P415,Toothpaste,Personal Care,Personal Care,Colgate,1.28,337,250,26,2,501,GPAY,Pending,503,2,Average,Out of Stock,Cancelled
ORD104437,null,Amara Borra,44,Other,Maharashtra,pune,Dharampeth,731276,07-01-2025,03-07-2025,P641,Atta,Grocery,Grocery,Aashirvaad,4.99,406,323,22,7,1488,Unknown,Pending,20,2,Average,Limited,Pending
ORD100232,CUST2318,Bahadurjit Chauhan,41,Female,Delhi,New Delhi, Dwarka ,51103,04-05-2024,05-08-2024,P307,Ice Cream,Frozen Food,Frozen Food,Amul,0.97,280,202,28,6,1212,UPI,Returned,51,2,Excellent,Limited,Returned
ORD104297,CUST4969,Kiaan Wagle,75,Female,Karnataka,Mysore,VV Mohalla,759464,10-03-2024,07-10-2024,P621,Rice,Grocery,Grocery,India Gate,2.82,88,87,1,3,260,GOOGLE PAY,Returned,79,4,Excellent,Limited,Pending
ORD104326,CUST4116,Rayaan Chanda,56,Other,West Bengal,Kolkata,Howrah,587569,14-04-2025,14-04-2025,P522,Shampoo,Personal Care,Personal Care,Clinic Plus,1.78,396,320,19,1,320,CASH ON DELIVERY,Returned,89,5,Late delivery,In Stock,Pending
ORD104340,null,Gautami Barad,51,Female,Delhi,Unknown,Saket,221085,20-10-2025,24-10-2025,P828,Bread,Bakery,Bakery,Britannia,3.27,406,323,12,3,1488,Unknown,Pending,59,1,Average,In Stock,Pending
ORD101277,null,Varsha Bakshi,46,Other,Tamil Nadu,Unknown,Peelamedu,327489,22-01-2025,22-01-2025,P312,Ice Cream,Frozen Food,Frozen Food,Amul,0.45,406,323,1,3,1488,Unknown,Pending,24,4,Average,Out of Stock,Pending
ORD100838,CUST9877,Lopa Bhardwaj,32,Female,Karnataka,Bangalore,Indiranagar,37204,19-06-2025,21-06-2025,P325,Curd,Dairy,Dairy,Britannia,0.22,240,164,32,3,493,GOOGLE PAY,Delivered,44,4,Average,In Stock,Delivered
ORD101825,CUST5881,Saksham Korpal,26,Male,Delhi,New Delhi,Dwarka,965921,09-08-2024,10-08-2024,P855,Chips,Snacks,Snacks,Lay's,3.01,550,531,3,7,3720,UPI,Cancelled,50,1,Late delivery,In Stock,Pending
ORD103857,null,Warda Merchant,36,Female,Karnataka,Unknown,Whitefield,374960,14-08-2025,16-08-2025,P142,Frozen Peas,Frozen Food,Frozen Food, Safal ,3.01,406,323,5,2,1488,Unknown,Pending,31,2,Average,Limited,Pending
ORD103349,CUST5339,Edhitha Anne,47,Female,West Bengal,Kolkata,Park Street,603669,12-11-2025,13-12-2025,P620,Biscuits,Snacks,Snacks,Parle,4.84,451,374,17,3,1123,GPAY,Returned,44,5,Late delivery,Limited,Delivered
ORD102841,CUST3260,Simon Mukhopadhyay,75,Male,Karnataka,PUNE,VV Mohalla,695108,06-10-2024,10-07-2024,P818,Curd,Dairy,Dairy,Britannia,4.76,735,707,4,1,707,UPI,Returned,75,5,Damaged item,In Stock,Delivered
ORD102359,CUST2725,Nathaniel Kibe,40,Other,Delhi,New Delhi,Rohini,937525,02-09-2024,02-10-2024,P732,Paneer,Dairy,Dairy,Mother Dairy,0.19,472,459,3,7,3214,UPI,Returned,24,4,Late delivery,In Stock,Delivered
ORD100303,CUST4333,Sachi Mahal,23,Male,Tamil Nadu,Chennai,Velachery,218543,02-10-2024,10-06-2024,P272,Rice,Grocery,Grocery,India Gate,3.93,212,174,18,2,349,CASH,Returned,72,4,Good,In Stock,Returned
ORD102215,CUST1848,Dhruv Nath,31,Male,Tamil Nadu,Chennai,Velachery,981692,05-11-2025,08-11-2025,P327,Tea,Beverages,Beverages,Tata Tea,1.34,305,284,7,3,711,UPI,Returned,32,3,Damaged item,Out of Stock,Pending
ORD104335,CUST8047,Luke Hora,43,Other,Telangana,PUNE,Banjara Hills,402607,16-10-2025,18-10-2025,P286,Ice Cream,Frozen Food,Frozen Food,Amul,1.73,691,583,16,5,2917,GOOGLE PAY,Returned,90,2,Excellent,Out of Stock,Delivered
ORD101862,CUST7287,Ranbir Char,84,Other,Karnataka,Bangalore,Whitefield,287546,30-12-2024,30-12-2024,P325,Sugar,Grocery,Grocery, Madhur ,2.02,366,282,23,1,282,GPAY,Pending,89,4,Good,Out of Stock,Pending
ORD100288,CUST4802,Anusha Walia,14,Other,Tamil Nadu,Coimbatore,RS Puram,489988,03-03-2025,03-06-2025,P801,Tea,Beverages,Beverages,Tata Tea,1.76,406,396,2,2,792,CASH,Returned,64,3,Average,Limited,Returned
ORD102367,CUST7077,Onkar Kala,16,Male,Gujarat,Ahmedabad,Navrangpura,148254,09-11-2024,11-09-2024,P819,Rice,Grocery,Grocery,India Gate,2.09,76,58,24,7,405,GOOGLE PAY,Pending,40,1,Average,Out of Stock,Delivered
ORD101218,CUST3761,Shivani Seth,29,Other,maharashtra,Coimbatore,Peelamedu,634412,27-01-2024,31-01-2024,P109,Bread,Bakery,Bakery,Britannia,3.71,254,158,38,3,475,UPI,Pending,19,2,Excellent,Limited,Delivered
ORD104058,CUST7518,Radhika Dora,66,Female,Telangana,PUNE,Banjara Hills,351093,30-03-2024,01-04-2024,P809,Cleaner,Household Items,Household Items,Lizol,1.91,116,77,33,3,232,CASH,Cancelled,57,2,Average,In Stock,Cancelled
ORD103426,CUST5413,Sarthak Kaur,67,Female,Karnataka,Mysore,Gokulam,200341,05-12-2024,15-05-2024,P940,Apple,Fruits & Vegetables,Fruits & Vegetables,Kashmir Fresh,0.9,147,134,9,4,534,GPAY,Pending,34,3,Average,Limited,Pending
ORD100255,CUST9570,Eesha Sule,70,Female,Karnataka,Bangalore,Whitefield,525547,03-03-2025,03-06-2025,P411,Detergent,Household Items,Household Items, Surf Excel ,0.24,111,72,-12,2,145,Debit Card,Delivered,84,2,Average,Limited,Pending
ORD103755,CUST8013,Neha Shan,19,Male,Tamil Nadu,Coimbatore,Peelamedu,36722,30-09-2024,10-04-2024,P661,Tomato,Fruits & Vegetables,Fruits & Vegetables,Organic India,0.94,625,416,33,1,416,Debit Card,Cancelled,9,4,Late delivery,Out of Stock,Pending
ORD102208,CUST2397,Zaitra Mander,48,Female,Telangana,Hyderabad,Gachibowli,263153,30-04-2024,05-02-2024,P232,Juice,Beverages,Beverages,Real,2.26,130,116,10,8,930,Debit Card,Cancelled,33,4,Good,In Stock,Pending
ORD100820,CUST7365,Bachittar Hayer,45,Male,Tamil Nadu,Coimbatore,RS Puram,753509,08-07-2025,10-07-2025,P123,Frozen Peas,Frozen Food,Frozen Food,Safal,4.61,444,416,6,5,2079,Debit Card,Cancelled,41,2,Late delivery,Out of Stock,Delivered
ORD101199,CUST8231,Yatan Ahuja,66,Other,Karnataka,Mysore,VV Mohalla,303272,18-09-2024,20-09-2024,P199,Soap,Personal Care,Personal Care,Dove,4.52,41,35,15,6,208,UPI,Delivered,26,5,Excellent,Limited,Delivered
ORD102307,CUST4239,Ekansh Rajagopal,63,Male,Karnataka,Mysore,Gokulam,273168,02-09-2024,09-06-2024,P566,Tea,Beverages,Beverages, Tata Tea ,3.76,623,514,18,3,1541,Debit Card,Pending,39,4,Good,Out of Stock,Delivered
ORD102279,CUST4502,Karan Chandra,11,Other,Maharashtra,Pune,Baner,248978,06-03-2024,09-03-2024,P876,Detergent,Household Items,Household Items,Surf Excel,2.09,593,459,22,2,919,CASH ON DELIVERY,Cancelled,72,1,Damaged item,In Stock,Cancelled
ORD103129,CUST5265,Yash Kala,34,Female,Telangana,Hyderabad,Banjara Hills,401440,20-11-2024,23-11-2024,P167,Frozen Peas,Frozen Food,Frozen Food,Safal,3.61,229,159,31,1,159,UPI,Returned,56,1,Average,Limited,Delivered
ORD104469,CUST5230,Sanaya Bose,49,Male,Telangana,Hyderabad,Gachibowli,729335,05-12-2025,12-08-2025,P795,Atta,Grocery,Grocery,Aashirvaad,1.01,550,411,25,6,2465,GPAY,Delivered,55,5,Average,Out of Stock,Pending
ORD103605,CUST3667,Neelima Bumb,54,Other,Karnataka,Mysore,Gokulam,227445,11-10-2025,10-12-2025,P965,Biscuits,Snacks,Snacks,Parle,4.37,531,503,5,5,2515,Debit Card,Cancelled,14,2,Average,Limited,Delivered
ORD102479,CUST8815,Hiral Bhatia,65,Female,Gujarat,Ahmedabad,Satellite,294567,14-03-2025,15-03-2025,P709,Curd,Dairy,Dairy,Britannia,4.43,181,109,40,3,326,CASH ON DELIVERY,Delivered,53,4,Late delivery,In Stock,Cancelled
ORD100490,CUST5774,Zayan Munshi,60,Other,Gujarat,Ahmedabad,Satellite,835366,03-06-2024,07-06-2024,P890,Frozen Peas,Frozen Food,Frozen Food,Safal,3.87,468,386,18,5,1929,Debit Card,Cancelled,75,4,Average,In Stock,Pending
ORD101404,null,Nilima Zacharia,33,Male,Delhi,pune,Dwarka,82745,20-09-2024,21-09-2024,P784,Chips,Snacks,Snacks,Lay's,0.21,406,323,18,1,1488,Unknown,Pending,18,5,Average,Out of Stock,Pending
ORD104348,CUST2903, Noah Raj ,55,Male,West Bengal,Kolkata,Howrah,121955,15-01-2024,18-01-2024,P975,Shampoo,Personal Care,Personal Care,Clinic Plus,0.97,77,53,30,2,107,Debit Card,Pending,47,3,Late delivery,Out of Stock,Delivered
ORD103450,CUST3043,Amol Tailor,16,Female,Gujarat,Surat,Adajan,982020,19-02-2025,22-02-2025,P528,Ice Cream,Frozen Food,Frozen Food,Amul,1.01,763,744,3,4,2977,CASH,Pending,29,2,Average,Limited,Pending
ORD102121,CUST1551,Udyati Bora,21,Male,Maharashtra,Nagpur,Sitabuldi,123764,02-10-2024,11-02-2024,P454,Banana,Fruits & Vegetables,Fruits & Vegetables,FreshFarm,2.32,335,331,1,6,1986,Debit Card,Cancelled,88,1,Good,In Stock,Cancelled
ORD102767,CUST6482,Jatin Rastogi,27,Other,Gujarat,Surat,Vesu,603140,09-05-2024,09-09-2024,P264,Rice,Grocery,Grocery,India Gate,4.31,170,145,14,7,1016,CASH,Delivered,77,3,Average,Limited,Pending
ORD100086,CUST4974,Sneha Rajagopal,65,Other,West Bengal,Kolkata,Salt Lake,198351,05-05-2025,05-06-2025,P309,Detergent,Household Items,Household Items,Surf Excel,2.04,256,247,4,6,1483,UPI,Cancelled,69,4,Damaged item,Limited,Cancelled
ORD103458,CUST8497,Maanas Chacko,38,Male,Telangana,Hyderabad,Banjara Hills,93479,12-02-2024,12-04-2024,P171,Soap,Personal Care,Personal Care,Dove,3.13,734,552,25,6,3311,Debit Card,Returned,53,5,Average,Out of Stock,Cancelled
ORD104082,CUST4030,Upasna Sridhar,60,Male,Karnataka,pune,Whitefield,798022,04-01-2025,04-01-2025,P759,Biscuits,Snacks,Snacks,Parle,0.31,714,506,29,3,1518,UPI,Cancelled,69,5,Good,In Stock,Cancelled
ORD103781,CUST5873,Yochana Shan,38,Other,Tamil Nadu,Coimbatore,Peelamedu,952991,17-03-2025,21-03-2025,P980,Juice,Beverages,Beverages,Real,1.29,522,314,40,5,1568,CASH ON DELIVERY,Pending,39,1,Excellent,Limited,Returned
ORD102428,CUST7531,Warda Khatri,26,Male,Delhi,New Delhi,Saket,874971,19-01-2024,19-01-2024,P334,Frozen Peas,Frozen Food,Frozen Food,Safal,2.59,162,112,31,4,448,GOOGLE PAY,Cancelled,76,3,Good,Out of Stock,Delivered
ORD101918,CUST6662, Udant Rastogi ,23,Other,Delhi,New Delhi,Saket,372197,08-10-2025,14-08-2025,P745,Atta,Grocery,Grocery,Aashirvaad,4.56,130,94,28,4,377,GPAY,Delivered,86,5,Good,Limited,Delivered
ORD103315,CUST4510,Sanaya Bakshi,51,Other,Karnataka,Mysore,VV Mohalla,777754,24-02-2024,27-02-2024,P705,Juice,Beverages,Beverages,Real,2.54,693,434,37,8,3473,GPAY,Returned,21,5,Average,Out of Stock,Pending
ORD100037,CUST6881,Jasmit Sawhney,24,Other,Gujarat,Ahmedabad,Navrangpura,500772,24-08-2025,26-08-2025,P402,Cake,Bakery,Bakery,Monginis,0.21,558,437,22,7,3060,Debit Card,Returned,81,1,Average,Limited,Delivered
ORD101394,CUST7115, Lekha Nadkarni ,22,Female,Gujarat,Ahmedabad,Satellite,71862,13-07-2025,13-07-2025,P542,Atta,Grocery,Grocery,Aashirvaad,4.51,364,261,28,5,1303,CASH,Pending,65,2,Average,Limited,Pending
ORD104982,CUST1190,Nathan Patla,71,Female,Delhi,New Delhi,Saket,331018,24-04-2024,24-04-2024,P268,Tomato,Fruits & Vegetables,Fruits & Vegetables, Organic India ,1.75,215,136,37,7,951,UPI,Pending,69,5,Average,In Stock,Delivered
ORD100893,CUST2920,Balhaar Puri,63,Other,Gujarat,Surat,Adajan,793598,18-02-2024,21-02-2024,P879,Tomato,Fruits & Vegetables,Fruits & Vegetables,Organic India,1.32,22,16,29,8,126,Debit Card,Pending,47,1,Average,Limited,Delivered
ORD102864,null,Avi Varma,75,Female,Gujarat,Unknown,Satellite,249754,11-08-2024,15-08-2024,P297,Atta,Grocery,Grocery, Aashirvaad ,1.33,406,323,38,3,1488,Unknown,Pending,24,5,Average,Limited,Pending
ORD101623,CUST8220,Yashoda Ray,68,Female,Maharashtra,Pune,Kothrud,599870,08-02-2024,08-02-2024,P516,Paneer,Dairy,Dairy,Mother Dairy,0.19,576,405,30,5,2023,CASH,Pending,76,4,Damaged item,In Stock,Cancelled
ORD101285,CUST2553,Wridesh Deo,42,Male,Maharashtra,Pune, Wakad ,627017,24-07-2025,24-07-2025,P844,Atta,Grocery,Grocery,Aashirvaad,1.76,611,371,39,8,2968,GOOGLE PAY,Cancelled,75,5,Average,Limited,Cancelled
ORD102106,CUST1257,Siya Borah,54,Male,West Bengal,Kolkata,Park Street,635491,07-10-2024,10-09-2024,P562,Rice,Grocery,Grocery,India Gate,2.16,318,250,21,5,1249,CASH ON DELIVERY,Pending,46,3,Excellent,In Stock,Delivered
ORD102493,CUST8749,Nihal Date,60,Male,Gujarat,Surat,Adajan,835526,10-07-2025,07-12-2025,P569,Atta,Grocery,Grocery,Aashirvaad,3.89,562,415,26,2,830,Debit Card,Delivered,972,5,Average,In Stock,Delivered
ORD103768,CUST6190,Ishita Grover,23,Other,West Bengal,Kolkata,Howrah,273103,20-06-2025,20-06-2025,P561,Detergent,Household Items,Household Items,Surf Excel,1.09,288,284,1,7,1987,CASH ON DELIVERY,Pending,38,3,Good,In Stock,Cancelled
ORD102510,CUST9508,Nathaniel Vasa,33,Female,West Bengal,Kolkata,Salt Lake,261644,05-06-2024,06-09-2024,P354,Curd,Dairy,Dairy,Britannia,4.43,533,461,13,7,3227,GOOGLE PAY,Delivered,48,5,Average,Out of Stock,Returned
ORD104070,CUST9546,Parth Ramanathan,40,Male,West Bengal,Kolkata,Salt Lake,814365,02-04-2025,05-02-2025,P267,Sugar,Grocery,Grocery,Madhur,0.79,737,590,20,1,590,UPI,Returned,87,1,Average,Limited,Pending
ORD101482,CUST3093,Hemani Bhalla,29,Female,West Bengal,Kolkata,Park Street,815551,30-06-2025,30-06-2025,P896,Cleaner,Household Items,Household Items,Lizol,2.59,683,500,27,1,500,UPI,Delivered,61,3,Average,In Stock,Cancelled
ORD102364,CUST4297,Tanveer Tailor,75,Female,Maharashtra,Pune,Kothrud,592676,25-03-2024,26-03-2024,P881,Juice,Beverages,Beverages,Real,4.99,438,337,23,7,2362,UPI,Cancelled,72,3,Good,Out of Stock,Cancelled
ORD101332,CUST8997,Ekanta Krish,33,Other,Gujarat,Ahmedabad,Navrangpura,527539,03-12-2025,05-12-2025,P394,Banana,Fruits & Vegetables,Fruits & Vegetables,FreshFarm,3.25,716,599,16,6,3592,UPI,Cancelled,17,3,Good,Out of Stock,Cancelled
ORD103627,CUST9366,Chanchal Kumer,72,Other,Gujarat,Ahmedabad,Navrangpura,67643,08-01-2025,08-05-2025,P501,Soft Drink,Beverages,Beverages,Coca-Cola,2.33,661,535,19,2,1070,CASH,Returned,35,4,Good,In Stock,Returned
ORD102878,CUST2446,Pallavi Saran,74,Female,Tamil Nadu,Chennai,Anna Nagar,861302,09-01-2024,09-01-2024,P461,Cake,Bakery,Bakery,Monginis,4.82,429,396,8,4,1586,UPI,Delivered,8,3,Average,In Stock,Cancelled
ORD102022,CUST8820,Vihaan Mukhopadhyay,65,Other,Delhi,New Delhi,Dwarka,962408,07-09-2024,09-07-2024,P597,Apple,Fruits & Vegetables,Fruits & Vegetables,Kashmir Fresh,1.07,190,184,3,1,184,CASH ON DELIVERY,Pending,31,2,Good,Limited,Delivered
ORD102004,CUST9952,Kashvi Sama,40,Female,Gujarat,Surat,Adajan,111883,01-04-2025,05-04-2025,P861,Tomato,Fruits & Vegetables,Fruits & Vegetables,Organic India,2.21,644,482,25,6,2894,UPI,Pending,87,5,Excellent,In Stock,Delivered
ORD102802,CUST3070,Shravya Oak,24,Female,Karnataka,Bangalore,Indiranagar,313719,08-07-2024,07-12-2024,P822,Milk,Dairy,Dairy,Amul,1.85,543,535,2,5,2673,CASH,Pending,71,1,Average,Limited,Pending
ORD103081,CUST2092,Jalsa Randhawa,31,Female,Gujarat,Surat,Adajan,226463,25-04-2024,27-04-2024,P441,Sugar,Grocery,Grocery,Madhur,3.34,491,361,27,4,1442,GOOGLE PAY,Delivered,24,3,Late delivery,In Stock,Pending
ORD102589,CUST3640,Triveni Soman,77,Female,West Bengal,Kolkata,Park Street,754503,01-12-2024,01-12-2024,P177,Juice,Beverages,Beverages,Real,0.19,632,463,27,6,2969,GOOGLE PAY,Delivered,89,5,Good,Out of Stock,Delivered
ORD104726,CUST2999,Zayan Chakrabarti,62,Female,Karnataka,pune,Whitefield,941629,10-05-2024,13-05-2024,P818,Detergent,Household Items,Household Items,Surf Excel,2.42,566,472,17,2,943,CASH,Pending,83,3,Late delivery,Out of Stock,Delivered
ORD100821,CUST6063,Vedika Ganguly,50,Male,Maharashtra,Nagpur,Dharampeth,866,08-04-2024,12-04-2024,P751,Bread,Bakery,Bakery,Britannia,1.37,268,232,14,2,464,Debit Card,Delivered,81,3,Late delivery,Out of Stock,Pending
ORD103986,CUST7725,Gaurangi Bassi,30,Female,Delhi,New Delhi,Saket,1471,14-06-2025,17-06-2025,P135,Paneer,Dairy,Dairy,Mother Dairy,1.36,529,448,15,2,896,Debit Card,Returned,72,1,Late delivery,Limited,Delivered
ORD100602,CUST2559,Forum Chadha,72,Female,Maharashtra,Mumbai,Powai,798170,24-01-2024,24-01-2024,P226,Soft Drink,Beverages,Beverages,Coca-Cola,0.99,276,244,12,5,1219,UPI,Delivered,22,1,Excellent,Out of Stock,Delivered
ORD101409,CUST4090,Max Bir,20,Other,Tamil Nadu,Chennai,T Nagar,550563,04-02-2025,06-02-2025,P231,Milk,Dairy,Dairy,Amul,1.68,338,289,15,7,2020,CASH ON DELIVERY,Delivered,44,1,Late delivery,In Stock,Returned
ORD100737,CUST1862,Rachit Wason,42,Other,Telangana,Hyderabad,Gachibowli,240490,14-01-2024,17-01-2024,P657,Banana,Fruits & Vegetables,Fruits & Vegetables,FreshFarm,2.96,127,95,25,5,473,UPI,Pending,44,1,Excellent,Out of Stock,Cancelled
ORD103427,CUST7672,Udarsh Parikh,68,Female,Telangana,Hyderabad,Banjara Hills,140922,20-12-2025,23-12-2025,P826,Biscuits,Snacks,Snacks,Parle,3.68,701,661,6,5,3306,CASH ON DELIVERY,Pending,80,3,Excellent,Out of Stock,Cancelled
ORD102985,CUST6263,Yashodhara Ravel,59,Male,Tamil Nadu,PUNE,RS Puram,234820,07-03-2024,04-07-2024,P922,Cake,Bakery,Bakery,Monginis,1.06,402,337,16,6,2022,UPI,Delivered,43,3,Good,In Stock,Pending
ORD100725,CUST9009,Kalpit Rao,51,Other,Tamil Nadu,Mumbai,Whitefield,222935,18-12-2025,19-12-2025,P474,Atta,Grocery,Grocery,Aashirvaad,2.87,525,442,16,2,885,GPAY,Delivered,74,5,Damaged item,In Stock,Cancelled
ORD100406,CUST6002,Turvi Nigam,64,Other,Tamil Nadu,pune,RS Puram,987312,09-12-2025,11-12-2025,P422,Sugar,Grocery,Grocery,Madhur,3.44,180,165,9,8,1320,UPI,Pending,757,4,Late delivery,In Stock,Returned
ORD102003,CUST6568,Hamsini Munshi,29,Female,Tamil Nadu,Coimbatore,RS Puram,363004,14-06-2024,16-06-2024,P127,Cleaner,Household Items,Household Items,Lizol,3.67,657,515,22,6,3088,GOOGLE PAY,Pending,44,1,Good,In Stock,Cancelled
ORD104295,CUST5303,Amara Tara,40,Male,Delhi,New Delhi,Dwarka,192330,05-01-2024,02-05-2024,P904,Cleaner,Household Items,Household Items,Lizol,1.12,647,490,24,6,2938,UPI,Pending,40,3,Average,Limited,Returned
ORD102875,CUST4433,Yashica Lal,76,Other,Gujarat,Surat,Vesu,418843,10-05-2025,10-08-2025,P269,Frozen Peas,Frozen Food,Frozen Food,Safal,1,31,24,23,2,48,GOOGLE PAY,Pending,26,3,Excellent,Limited,Returned
ORD103878,CUST9446,Harshil De,60,Other,Maharashtra,Nagpur,Dharampeth,435580,21-04-2024,21-04-2024,P613,Bread,Bakery,Bakery,Britannia,3.16,279,189,32,7,1320,GOOGLE PAY,Cancelled,31,3,Late delivery,Limited,Pending
ORD104294,CUST6742,Vidhi Murty,67,Other,Tamil Nadu,Chennai,Velachery,837394,01-03-2024,03-04-2024,P740,Rice,Grocery,Grocery,India Gate,3.9,532,527,1,2,1055,Debit Card,Pending,42,3,Damaged item,Out of Stock,Returned
ORD102337,CUST1632,Anusha Sarin,21,Male,Gujarat,Surat,Vesu,477380,21-03-2025,22-03-2025,P643,Apple,Fruits & Vegetables,Fruits & Vegetables,Kashmir Fresh,4.75,331,304,8,8,2428,UPI,Pending,36,2,Average,Limited,Delivered
ORD103714,CUST8735,Arunima Soman,70,Female,West Bengal,Kolkata,Park Street,364115,26-02-2024,26-02-2024,P848,Rice,Grocery,Grocery, India Gate ,1.29,670,467,30,8,3733,UPI,Returned,28,3,Late delivery,In Stock,Pending
ORD103207,CUST5766,Lopa Nagar,51,Other,Maharashtra,Nagpur,Dharampeth,645258,15-05-2024,18-05-2024,P516,Cleaner,Household Items,Household Items,Lizol,3.36,709,436,38,5,2180,GPAY,Pending,40,2,Damaged item,Limited,Cancelled
ORD104603,CUST5595,Udarsh Pandit,77,Male,Tamil Nadu,Coimbatore,Peelamedu,610056,20-12-2024,24-12-2024,P812,Shampoo,Personal Care,Personal Care, Clinic Plus ,2.9,429,426,-5,4,1706,GOOGLE PAY,Pending,15,4,Damaged item,In Stock,Cancelled
ORD104298,CUST5996,Akshay Wason,69,Male,Tamil Nadu,pune,RS Puram,356805,01-10-2025,01-10-2025,P903,Rice,Grocery,Grocery,India Gate,3.91,113,112,0,5,562,CASH,Pending,29,5,Average,Out of Stock,Pending
ORD104839,CUST5256,Chakrika Chakrabarti,41,Female,Tamil Nadu,Coimbatore,RS Puram,626441,27-02-2024,28-02-2024,P583,Tomato,Fruits & Vegetables,Fruits & Vegetables,Organic India,1.5,638,401,37,1,401,UPI,Cancelled,83,4,Good,In Stock,Pending
ORD103952,CUST4031,Tarak Sahni,58,Other,West Bengal,Kolkata,Park Street,825088,07-11-2025,11-11-2025,P672,Tea,Beverages,Beverages,Tata Tea,3.11,496,306,38,5,1674,Debit Card,Delivered,26,3,Excellent,Out of Stock,Returned
ORD100226,CUST6617,Leena Mall,29,Male,West Bengal,Kolkata,Salt Lake,856539,27-06-2024,07-01-2024,P941,Apple,Fruits & Vegetables,Fruits & Vegetables,Kashmir Fresh,0.86,534,399,25,3,1198,GPAY,Returned,12,2,Average,Out of Stock,Pending
ORD104018,CUST4402,Rajeshri More,54,Male,Delhi,New Delhi,Rohini,919184,17-06-2024,20-06-2024,P116,Tomato,Fruits & Vegetables,Fruits & Vegetables,Organic India,3.03,523,446,15,7,3123,CASH,Pending,9,4,Average,In Stock,Cancelled
ORD103216,null,Charita Badal,76,Female,Maharashtra,Unknown,Sitabuldi,221007,19-01-2024,21-01-2024,P969,Namkeen,Snacks,Snacks,Haldiram,4.46,406,323,7,7,1488,Unknown,Pending,84,1,Average,Out of Stock,Pending
ORD101292,CUST8281,Elijah Kari,34,Other,Karnataka,Mysore,VV Mohalla,63941,02-09-2025,12-02-2025,P494,Biscuits,Snacks,Snacks,Parle,3.13,710,644,9,7,4505,Debit Card,Cancelled,74,3,Good,Out of Stock,Cancelled
ORD101295,CUST6914,Irya Bora,65,Other,West Bengal,Kolkata,Salt Lake,312652,30-01-2025,31-01-2025,P562,Shampoo,Personal Care,Personal Care,Clinic Plus,3.2,652,576,12,3,1727,GPAY,Pending,60,3,Damaged item,Out of Stock,Cancelled
ORD103886,CUST1176,Qadim Kaul,18,Female,Telangana,Hyderabad,Gachibowli,120042,23-02-2024,25-02-2024,P182,Soap,Personal Care,Personal Care,Dove,3.53,124,93,25,8,746,CASH ON DELIVERY,Returned,80,2,Excellent,In Stock,Delivered
ORD104674,CUST3748,Lohit Kala,80,Male,Maharashtra,Mumbai,Bandra,686044,29-04-2024,01-05-2024,P464,Juice,Beverages,Beverages,Real,3.24,342,313,8,7,2189,GPAY,Returned,25,4,Good,Out of Stock,Cancelled
ORD102263,CUST4322,Manthan Krishnan,41,Female,West Bengal,Kolkata,Howrah,581520,15-09-2025,17-09-2025,P260,Milk,Dairy,Dairy,Amul,4.88,296,268,10,3,803,UPI,Returned,55,3,Damaged item,In Stock,Returned
ORD100434,CUST4782,Indrajit Nath,69,Female,Delhi,New Delhi,Saket,485394,28-04-2025,05-02-2025,P218,Curd,Dairy,Dairy,Britannia,3.5,267,181,32,8,1449,GPAY,Returned,54,1,Excellent,Limited,Delivered
ORD100382,CUST9151,Robert Vora,22,Male,Tamil Nadu,Chennai,Velachery,612777,30-09-2025,03-10-2025,P884,Soft Drink,Beverages,Beverages,Coca-Cola,4.37,715,650,9,1,650,CASH,Delivered,80,1,Damaged item,Out of Stock,Pending
ORD100628,CUST5699,Veda Gaba,51,Male,Gujarat,Surat,Adajan,32297,01-11-2025,15-01-2025,P331,Atta,Grocery,Grocery,Aashirvaad,1.23,124,78,38,6,465,CASH,Returned,81,1,Average,In Stock,Returned
ORD101839,CUST4555,Shaurya Khurana,22,Male,Maharashtra,Nagpur,Sitabuldi,221221,28-09-2024,28-09-2024,P634,Juice,Beverages,Beverages,Real,2.62,77,61,22,3,182,CASH,Cancelled,-9,4,Damaged item,In Stock,Returned
ORD101188,CUST4820,Dhriti Rao,26,Other,West Bengal,Kolkata,Salt Lake,651026,17-08-2024,17-08-2024,P866,Paneer,Dairy,Dairy,Mother Dairy,1.47,86,58,33,8,462,GPAY,Delivered,73,3,Average,Limited,Cancelled
ORD104333,CUST3064,Chaaya Tara,40,Female,Gujarat,Surat,Adajan,90680,01-02-2024,03-02-2024,P787,Tea,Beverages,Beverages,Tata Tea,4.08,680,650,4,8,5198,GOOGLE PAY,Returned,23,5,Average,In Stock,Returned
ORD101529,CUST6401,Joshua Sem,55,Other,West Bengal,Kolkata,Howrah,875202,14-05-2025,18-05-2025,P659,Detergent,Household Items,Household Items,Surf Excel,0.69,26,16,39,4,64,UPI,Pending,9,3,Average,In Stock,Cancelled
ORD103566,CUST2051,Aarush Sidhu,40,Male,Maharashtra,Pune,Hinjewadi,245309,27-06-2025,29-06-2025,P266,Curd,Dairy,Dairy,Britannia,3.26,195,120,38,8,961,GPAY,Returned,54,1,Average,Limited,Delivered
ORD102861,CUST9498,Unnati Sunder,48,Male,Karnataka,Mysore,Gokulam,351302,12-08-2024,12-12-2024,P554,Cleaner,Household Items,Household Items,Lizol,0.19,742,710,4,8,5681,GPAY,Pending,44,4,Average,Limited,Returned
ORD104384,CUST5030,Shravya Dave,79,Female,maharashtra,Mysore,Gokulam,419436,25-08-2025,28-08-2025,P959,Toothpaste,Personal Care,Personal Care,Colgate,4.79,607,590,3,7,4130,UPI,Returned,11,4,Late delivery,Limited,Cancelled
ORD101491,CUST7033,Raagini Wagle,65,Male,Maharashtra,Pune, Kothrud ,793048,19-03-2025,22-03-2025,P868,Toothpaste,Personal Care,Personal Care,Colgate,4.34,634,518,18,4,2073,CASH,Delivered,12,5,Late delivery,Limited,Pending
ORD102776,CUST7682,Hemal Jayaraman,63,Other,Gujarat,Ahmedabad,Satellite,621462,10-12-2025,12-12-2025,P662,Atta,Grocery,Grocery, Aashirvaad ,4.52,752,584,22,8,4670,GPAY,Delivered,57,1,Average,Out of Stock,Cancelled
ORD100325,null,Bachittar Sha,40,Other,Maharashtra,Unknown,Bandra,664181,05-08-2025,08-08-2025,P355,Cleaner,Household Items,Household Items,Lizol,0.98,406,323,38,8,1488,Unknown,Pending,46,4,Average,In Stock,Pending
ORD104583,CUST2504,Abhimanyu Chaudhuri,19,Female,Telangana,Hyderabad, Banjara Hills ,484018,09-10-2024,11-09-2024,P890,Frozen Peas,Frozen Food,Frozen Food,Safal,3.91,232,196,16,8,1567,GOOGLE PAY,Returned,35,3,Late delivery,Limited,Pending
ORD100747,CUST7542,Nikita Mukhopadhyay,60,Male,Maharashtra,Mumbai,Powai,363348,11-08-2024,11-08-2024,P584,Sugar,Grocery,Grocery,Madhur,3.32,136,130,4,6,779,GPAY,Delivered,44,3,Excellent,Out of Stock,Delivered
ORD104968,CUST7940,Yashica Dada,67,Other,West Bengal,Kolkata,Howrah,147670,10-06-2025,10-08-2025,P603,Juice,Beverages,Beverages,Real,0.11,721,624,14,8,4990,UPI,Cancelled,25,3,Average,In Stock,Delivered
ORD104210,CUST4788,Hredhaan Warrior,43,Male,Maharashtra,Nagpur,Sitabuldi,545640,08-08-2024,08-11-2024,P677,Soap,Personal Care,Personal Care,Dove,2.75,378,349,8,1,349,GOOGLE PAY,Delivered,64,4,Damaged item,In Stock,Delivered
ORD104877,CUST7076,Vansha Ben,54,Female,Tamil Nadu,Chennai,Anna Nagar,539750,20-01-2025,24-01-2025,P836,Soap,Personal Care,Personal Care,Dove,4.38,388,233,40,2,466,CASH ON DELIVERY,Delivered,69,1,Damaged item,Out of Stock,Delivered
ORD101125,CUST8538,Charita Mangal,47,Male,Tamil Nadu,Mumbai,Wakad,367538,01-09-2025,01-09-2025,P418,Rice,Grocery,Grocery,India Gate,4.57,740,630,15,5,3151,GOOGLE PAY,Returned,22,4,Average,In Stock,Delivered
ORD104391,CUST5351, Vaishnavi Pillai ,62,Other,Telangana,Hyderabad,Madhapur,728635,24-08-2025,26-08-2025,P800,Tea,Beverages,Beverages,Tata Tea,3.08,532,387,27,3,1162,CASH ON DELIVERY,Pending,43,2,Damaged item,Out of Stock,Returned
ORD103996,CUST5251,Champak Choudhury,30,Female,Karnataka,Bangalore,Koramangala,205270,19-10-2025,19-10-2025,P220,Paneer,Dairy,Dairy,Mother Dairy,4.51,253,164,35,4,657,GOOGLE PAY,Pending,66,1,Excellent,Limited,Returned
ORD103169,CUST2954,Chanakya Narula,49,Male,Maharashtra,Nagpur,Dharampeth,684218,17-04-2024,21-04-2024,P230,Milk,Dairy,Dairy,Amul,3.86,282,214,24,6,1283,CASH,Returned,56,1,Excellent,In Stock,Pending
ORD103973,CUST1152,Sai Sekhon,51,Other,Maharashtra,Nagpur,Sitabuldi,80189,09-09-2025,11-09-2025,P938,Juice,Beverages,Beverages,Real,3.5,316,270,15,1,270,Debit Card,Cancelled,77,3,Average,Limited,Cancelled
ORD100563,CUST2132, Ubika Lalla ,19,Other,Delhi,New Delhi,Dwarka,828989,19-07-2025,22-07-2025,P381,Soap,Personal Care,Personal Care,Dove,3.52,499,318,36,4,1273,GPAY,Delivered,64,5,Good,Limited,Returned
ORD104188,CUST5990,Upasna Kant,67,Other,Karnataka,Bangalore,Koramangala,537878,07-09-2025,07-09-2025,P586,Rice,Grocery,Grocery,India Gate,1.06,567,534,6,8,4274,UPI,Delivered,73,5,Good,In Stock,Returned
ORD103181,CUST9406,Jhalak Narasimhan,31,Other,Gujarat,Surat,Adajan,453626,04-06-2025,05-06-2025,P531,Cleaner,Household Items,Household Items,Lizol,0.87,285,177,38,7,1237,UPI,Returned,44,1,Average,In Stock,Pending
ORD103732,CUST4345,Mitali Dhar,33,Female,Tamil Nadu,Mumbai,Dwarka,927845,28-01-2024,31-01-2024,P520,Paneer,Dairy,Dairy,Mother Dairy,3.39,102,81,20,5,407,UPI,Delivered,75,3,Average,Limited,Cancelled
ORD100636,null,Aadhya Choudhry,69,Male,Delhi,Unknown,Rohini,188689,09-08-2024,09-08-2024,P895,Frozen Peas,Frozen Food,Frozen Food,Safal,1.41,406,323,36,8,1488,Unknown,Pending,81,5,Average,Out of Stock,Pending
ORD101161,CUST4055,Vrishti Patla,57,Female,Telangana,Hyderabad,Banjara Hills,357836,15-02-2025,18-02-2025,P524,Namkeen,Snacks,Snacks,Haldiram,3.83,156,149,4,2,299,GOOGLE PAY,Cancelled,29,5,Excellent,In Stock,Returned
ORD103963,CUST3949,Osha Kala,68,Other,West Bengal,Kolkata,Howrah,947071,13-05-2025,14-05-2025,P588,Frozen Peas,Frozen Food,Frozen Food,Safal,4.36,285,258,10,6,1547,CASH,Pending,75,5,Excellent,Limited,Pending
ORD100743,CUST8522,Brijesh Kalla,23,Male,Maharashtra,pune,Powai,276030,28-12-2024,29-12-2024,P498,Bread,Bakery,Bakery,Britannia,3.07,197,152,23,3,455,Debit Card,Delivered,78,2,Average,In Stock,Returned
ORD103869,CUST1683,Abdul Mahal,40,Other,Tamil Nadu,Chennai,Anna Nagar,282349,18-04-2025,20-04-2025,P364,Paneer,Dairy,Dairy,Mother Dairy,3.92,625,530,15,2,1059,CASH,Pending,46,1,Average,Limited,Delivered
ORD104992,CUST9032,Jeet Bala,25,Female,Karnataka,Mysore,VV Mohalla,699324,26-03-2025,27-03-2025,P302,Toothpaste,Personal Care,Personal Care,Colgate,3.59,441,270,39,5,1349,UPI,Pending,81,2,Late delivery,Limited,Delivered
ORD104571,CUST8821,Thomas Rajan,59,Female,Maharashtra,Nagpur,Sitabuldi,383504,09-05-2024,10-05-2024,P589,Cake,Bakery,Bakery,Monginis,0.39,520,476,8,8,3809,Debit Card,Cancelled,31,3,Good,Out of Stock,Returned
ORD104219,CUST8824, Benjamin Deshmukh ,29,Male,West Bengal,Kolkata,Salt Lake,736091,02-07-2025,03-07-2025,P426,Cake,Bakery,Bakery,Monginis,2.07,542,423,22,8,3387,CASH,Returned,43,5,Average,Limited,Pending
ORD103456,CUST3808,Hemal Dayal,42,Female,Delhi,New Delhi,Dwarka,282986,04-11-2025,08-11-2025,P584,Cake,Bakery,Bakery,Monginis,4.38,711,700,2,3,2101,GOOGLE PAY,Delivered,28,1,Average,In Stock,Returned
ORD100077,CUST8668,Aashi Bahl,74,Female,Karnataka,Mysore,VV Mohalla,718707,04-08-2025,08-08-2025,P438,Paneer,Dairy,Dairy,Mother Dairy,0.9,744,546,27,2,1093,GPAY,Cancelled,72,2,Good,Limited,Cancelled
ORD103309,CUST8513,Shivani Virk,56,Male,Tamil Nadu,Coimbatore,RS Puram,708640,11-10-2025,11-10-2025,P352,Rice,Grocery,Grocery,India Gate,2.46,289,193,33,5,966,UPI,Delivered,61,3,Average,In Stock,Delivered
ORD101054,CUST4209,Ekapad Ahuja,73,Female,Tamil Nadu,Chennai,Velachery,256784,14-03-2024,17-03-2024,P326,Tea,Beverages,Beverages, Tata Tea ,0.19,424,303,29,4,1211,Debit Card,Delivered,57,1,Average,In Stock,Returned
ORD100072,CUST8871, Gauri Chowdhury ,17,Male,Gujarat,Surat,Vesu,850943,12-05-2024,12-05-2024,P838,Paneer,Dairy,Dairy,Mother Dairy,3.14,475,437,8,7,3057,Debit Card,Returned,82,3,Late delivery,In Stock,Delivered
ORD104941,CUST9654,Edhitha Apte,61,Other,maharashtra,Kolkata,Salt Lake,73021,31-07-2025,31-07-2025,P764,Bread,Bakery,Bakery,Britannia,3.12,506,469,7,5,2347,CASH ON DELIVERY,Cancelled,75,3,Late delivery,Limited,Pending
ORD101901,CUST7670,Falguni Balay,25,Male,Telangana,Hyderabad,Madhapur,847881,02-03-2025,06-02-2025,P857,Atta,Grocery,Grocery,Aashirvaad,2.5,244,199,18,1,199,GPAY,Pending,17,4,Damaged item,Out of Stock,Returned
ORD104516,CUST5115,Ekta Ramanathan,39,Male,Tamil Nadu,Coimbatore,RS Puram,748113,26-02-2024,28-02-2024,P263,Banana,Fruits & Vegetables,Fruits & Vegetables,FreshFarm,4.36,150,99,34,3,296,GPAY,Cancelled,41,5,Damaged item,Limited,Returned
ORD102680,CUST9077,Balendra Sami,52,Male,Maharashtra,Nagpur,Sitabuldi,138501,20-06-2025,20-06-2025,P320,Ice Cream,Frozen Food,Frozen Food,Amul,4.67,155,117,25,7,816,UPI,Pending,54,1,Average,Limited,Pending
ORD104467,CUST6492,Ekavir Pandya,34,Female,Karnataka,Bangalore,Indiranagar,668761,31-12-2024,31-12-2024,P155,Tomato,Fruits & Vegetables,Fruits & Vegetables,Organic India,3.14,160,101,37,5,758,GPAY,Delivered,42,1,Average,Limited,Delivered
ORD102410,CUST3703,Lakshit Seth,22,Other,Maharashtra,Mumbai,Dadar,578842,28-12-2024,28-12-2024,P516,Bread,Bakery,Bakery,Britannia,4.3,650,523,20,4,2093,UPI,Pending,31,4,Average,Limited,Delivered
ORD102384,CUST2975,Divya Gade,46,Female,West Bengal,Kolkata,Howrah,360533,18-08-2025,22-08-2025,P188,Atta,Grocery,Grocery,Aashirvaad,3.23,608,581,5,2,1162,CASH ON DELIVERY,Returned,66,1,Late delivery,Limited,Pending
ORD103340,CUST3312,Ganga Gara,48,Male,Delhi,New Delhi,Dwarka,267384,14-10-2024,14-10-2024,P645,Tea,Beverages,Beverages,Tata Tea,4.02,571,510,11,7,3570,Debit Card,Delivered,24,3,Average,Limited,Delivered
ORD100841,CUST8129,Tanmayi Shah,27,Other,Tamil Nadu,Mumbai,Rohini,665367,07-06-2024,10-06-2024,P532,Soap,Personal Care,Personal Care,Dove,3.89,615,568,8,1,568,GPAY,Pending,45,3,Good,Out of Stock,Delivered
ORD101349,CUST5429,Omya Roy,36,Other,Delhi,New Delhi,Saket,369722,07-11-2024,11-11-2024,P212,Shampoo,Personal Care,Personal Care,Clinic Plus,1.49,153,141,7,3,424,Debit Card,Delivered,82,5,Excellent,Limited,Returned
ORD102611,CUST6591,Reyansh Pall,46,Other,Tamil Nadu,Coimbatore,Peelamedu,173350,22-06-2025,26-06-2025,P452,Detergent,Household Items,Household Items,Surf Excel,2.75,647,604,7,4,2415,CASH,Pending,53,1,Average,Limited,Returned
ORD104554,CUST3566,Bhavika Oza,13,Male,Gujarat,Ahmedabad,Satellite,504432,26-01-2025,30-01-2025,P489,Cake,Bakery,Bakery,Monginis,4.78,751,461,39,6,3059,GOOGLE PAY,Pending,-11,3,Average,Limited,Pending
ORD103563,CUST1715,Aadi Sachdeva,30,Male,West Bengal,Kolkata,Salt Lake,898327,22-01-2025,25-01-2025,P906,Toothpaste,Personal Care,Personal Care,Colgate,2.07,691,630,9,8,5037,UPI,Pending,38,3,Average,Out of Stock,Cancelled
ORD101051,CUST2681,Harshil Sant,68,Female,Tamil Nadu,Chennai,Velachery,891744,24-09-2024,28-09-2024,P949,Milk,Dairy,Dairy,Amul,1.86,728,461,37,8,3685,GPAY,Cancelled,65,3,Excellent,In Stock,Returned
ORD104886,CUST4254,Raghav Sengupta,18,Male,West Bengal,Kolkata,Howrah,351305,18-06-2024,18-06-2024,P145,Frozen Peas,Frozen Food,Frozen Food,Safal,3.14,227,137,39,6,825,Debit Card,Pending,17,5,Late delivery,Out of Stock,Cancelled
ORD101087,CUST4647,Ronith Krishnamurthy,63,Female,Telangana,pune,Madhapur,697805,23-01-2025,25-01-2025,P773,Ice Cream,Frozen Food,Frozen Food,Amul,2.51,396,295,26,1,295,GOOGLE PAY,Returned,47,2,Late delivery,Limited,Delivered
ORD102457,CUST8027,Yadavi Mohanty,75,Female,Tamil Nadu,Coimbatore,RS Puram,50127,28-05-2025,01-06-2025,P323,Paneer,Dairy,Dairy,Mother Dairy,3.06,662,467,29,6,2800,UPI,Delivered,54,2,Average,In Stock,Returned
ORD104858,CUST7868,Aditya Chandra,69,Male,Gujarat,pune,Satellite,113890,06-07-2025,09-07-2025,P133,Shampoo,Personal Care,Personal Care,Clinic Plus,2.21,326,313,4,6,1878,Debit Card,Pending,45,1,Damaged item,Out of Stock,Cancelled
ORD100696,CUST3780,Rachit Tailor,71,Male,Gujarat,Ahmedabad,Satellite,640738,30-07-2024,31-07-2024,P831,Cake,Bakery,Bakery,Monginis,0.16,523,456,13,5,2279,CASH,Delivered,56,5,Average,Out of Stock,Pending
ORD104066,CUST1616,Warhi Mand,59,Other,West Bengal,Kolkata,Park Street,660969,18-08-2025,19-08-2025,P827,Ice Cream,Frozen Food,Frozen Food,Amul,0.12,259,164,37,2,328,GOOGLE PAY,Pending,43,1,Good,Limited,Returned
ORD102731,CUST3911,Hiral Nayar,51,Male,Karnataka,Bangalore, Whitefield ,209246,19-09-2024,20-09-2024,P263,Soft Drink,Beverages,Beverages,Coca-Cola,2.43,611,417,32,3,1251,GOOGLE PAY,Returned,57,4,Average,In Stock,Returned
ORD103083,CUST1680,Ucchal Mistry,79,Other,Maharashtra,Nagpur,Dharampeth,133154,31-10-2024,02-11-2024,P213,Paneer,Dairy,Dairy,Mother Dairy,0.55,297,254,14,3,761,Debit Card,Delivered,50,1,Damaged item,Limited,Delivered
ORD103883,CUST5931,Yochana Mangat,39,Male,Gujarat,Ahmedabad,Satellite,930066,10-09-2025,10-09-2025,P494,Milk,Dairy,Dairy,Amul,3.34,110,98,11,2,196,CASH ON DELIVERY,Pending,30,3,Average,In Stock,Returned
ORD102454,CUST9062,Harsh Ganguly,66,Other,West Bengal,Kolkata,Park Street,403963,31-05-2024,04-06-2024,P637,Ice Cream,Frozen Food,Frozen Food,Amul,4.32,601,531,12,7,3717,CASH,Returned,25,4,Good,Out of Stock,Cancelled
ORD101497,null,Balendra Kannan,58,Male,Gujarat,Unknown,Navrangpura,161468,01-10-2025,01-10-2025,P636,Rice,Grocery,Grocery,India Gate,4.14,406,323,18,7,1488,Unknown,Pending,64,1,Average,In Stock,Pending
ORD102192,null,Alexander Baria,63,Other,Maharashtra,Unknown,Wakad,186472,11-08-2024,11-08-2024,P762,Curd,Dairy,Dairy,Britannia,3.73,406,323,19,8,1488,Unknown,Pending,50,3,Average,Out of Stock,Pending
ORD104749,CUST3322,Parth Sampath,23,Male,Tamil Nadu,Coimbatore,Peelamedu,411764,03-04-2025,04-04-2025,P382,Bread,Bakery,Bakery,Britannia,3.14,118,83,30,4,330,Debit Card,Delivered,84,2,Good,In Stock,Cancelled
ORD103987,CUST6290,Elijah Swamy,67,Other,Tamil Nadu,Coimbatore,RS Puram,312321,24-04-2024,24-04-2024,P661,Detergent,Household Items,Household Items,Surf Excel,0.94,295,251,15,4,1002,Debit Card,Pending,9,5,Excellent,Out of Stock,Pending
ORD104124,CUST8199,Zashil Varghese,54,Male,Delhi,New Delhi,Dwarka,828239,12-12-2025,14-12-2025,P104,Frozen Peas,Frozen Food,Frozen Food,Safal,0.47,145,113,23,4,450,CASH,Delivered,23,3,Average,Out of Stock,Delivered
ORD103614,CUST3788,Samaksh Bobal,29,Female,Karnataka,Bangalore,Indiranagar,407700,13-06-2025,13-06-2025,P665,Ice Cream,Frozen Food,Frozen Food,Amul,4.68,154,149,3,4,595,GPAY,Cancelled,62,3,Damaged item,Out of Stock,Cancelled
ORD100387,CUST7375,Jacob Kaul,62,Male,Karnataka,Bangalore,Whitefield,263684,31-10-2024,11-01-2024,P303,Ice Cream,Frozen Food,Frozen Food,Amul,0.48,292,224,23,4,898,CASH ON DELIVERY,Pending,81,3,Average,Limited,Cancelled
ORD100581,CUST7021,Yuvraj Swaminathan,69,Female,Delhi,New Delhi, Saket ,458931,12-09-2025,16-09-2025,P522,Cake,Bakery,Bakery,Monginis,1.97,606,491,19,7,3435,GOOGLE PAY,Cancelled,17,3,Damaged item,In Stock,Delivered
ORD101548,null, Avni Khosla ,60,Male,West Bengal,Unknown,Howrah,106488,02-04-2024,05-04-2024,P496,Namkeen,Snacks,Snacks,Haldiram,4.66,406,323,33,2,1488,Unknown,Pending,14,2,Average,Out of Stock,Pending
ORD103876,CUST6683,Daksha Dubey,53,Female,Telangana,Hyderabad,Gachibowli,889652,24-01-2025,24-01-2025,P926,Banana,Fruits & Vegetables,Fruits & Vegetables,FreshFarm,4.27,384,291,-5,4,1164,Debit Card,Returned,33,1,Average,Out of Stock,Delivered
ORD102753,CUST1681,Amrita Krishnan,58,Other,Tamil Nadu,Mumbai,Saket,666700,23-07-2024,25-07-2024,P887,Paneer,Dairy,Dairy,Mother Dairy,0.35,304,218,28,1,218,CASH ON DELIVERY,Pending,35,3,Damaged item,Out of Stock,Delivered
ORD101233,CUST1315,Omkaar Arya,44,Male,Maharashtra,Nagpur,Dharampeth,178096,11-09-2025,15-09-2025,P743,Juice,Beverages,Beverages,Real,1.33,337,326,3,2,652,GOOGLE PAY,Pending,41,4,Average,Out of Stock,Delivered
ORD102134,CUST3976,Bhavna Sangha,23,Male,Gujarat,Surat,Adajan,572741,25-06-2024,28-06-2024,P198,Curd,Dairy,Dairy,Britannia,4.94,477,417,13,5,2085,CASH ON DELIVERY,Cancelled,12,2,Damaged item,Limited,Cancelled
ORD101263,CUST6990, Jonathan Bedi ,66,Male,Delhi,New Delhi,Saket,217085,09-05-2025,05-09-2025,P203,Bread,Bakery,Bakery,Britannia,3.04,521,440,16,1,440,UPI,Pending,79,2,Late delivery,In Stock,Delivered
ORD103507,CUST2369,Jagrati Trivedi,54,Female,West Bengal,Kolkata,Salt Lake,344260,04-10-2024,04-10-2024,P897,Juice,Beverages,Beverages,Real,0.4,297,293,2,5,1463,CASH ON DELIVERY,Delivered,88,2,Average,Limited,Returned
ORD103237,CUST6676,Lopa Goyal,59,Female,Tamil Nadu,Coimbatore,RS Puram,122659,19-11-2025,21-11-2025,P694,Detergent,Household Items,Household Items,Surf Excel,0.58,675,593,12,2,1214,CASH ON DELIVERY,Delivered,88,4,Excellent,Limited,Returned
ORD100618,CUST1447,Advay Mutti,19,Other,Tamil Nadu,Mumbai,Saket,80452,03-08-2025,12-03-2025,P983,Bread,Bakery,Bakery,Britannia,4.07,595,434,27,2,868,UPI,Delivered,9,2,Average,Limited,Delivered
ORD102352,null,Utkarsh Sachdev,62,Male,Tamil Nadu,Mumbai,Rohini,109159,06-03-2024,08-03-2024,P171,Chips,Snacks,Snacks,Lay's,2.34,406,323,24,8,1488,Unknown,Pending,88,3,Average,In Stock,Pending
ORD101011,null,Jack Badami,68,Male,West Bengal,Unknown,Park Street,551940,28-01-2025,29-01-2025,P924,Detergent,Household Items,Household Items,Surf Excel,2.91,406,323,2,1,1488,Unknown,Pending,57,3,Average,Out of Stock,Pending
ORD104403,null,Hemani Parmar,62,Other,Gujarat,Unknown,Navrangpura,603899,25-11-2025,29-11-2025,P985,Soap,Personal Care,Personal Care,Dove,2.87,406,323,7,3,1488,Unknown,Pending,72,3,Average,Limited,Pending
ORD100566,null,Noah Loke,34,Male,Tamil Nadu,Unknown,RS Puram,270321,25-01-2024,26-01-2024,P337,Chips,Snacks,Snacks,Lay's,1.09,406,323,13,2,1488,Unknown,Pending,31,3,Average,In Stock,Pending
ORD101174,CUST1300,Arunima Garde,55,Other,Maharashtra,Mumbai,Powai,647175,24-11-2024,27-11-2024,P578,Ice Cream,Frozen Food,Frozen Food,Amul,2.12,488,484,1,8,3874,UPI,Returned,36,3,Average,Limited,Delivered
ORD104929,CUST7617,Qarin Dar,79,Other,West Bengal,PUNE,Howrah,437676,16-05-2025,18-05-2025,P205,Ice Cream,Frozen Food,Frozen Food,Amul,0.13,44,35,20,4,140,UPI,Delivered,44,1,Average,Limited,Pending
ORD104038,CUST1452,Jalsa Sood,72,Other,Tamil Nadu,Mumbai,Navrangpura,861514,30-05-2024,06-01-2024,P506,Frozen Peas,Frozen Food,Frozen Food,Safal,4.66,143,101,29,4,504,UPI,Returned,71,5,Average,In Stock,Pending
ORD104127,CUST6723,Anthony Bora,56,Female,Tamil Nadu,Chennai, Anna Nagar ,897068,11-09-2025,10-11-2025,P487,Detergent,Household Items,Household Items,Surf Excel,3.8,258,182,29,6,1095,Debit Card,Returned,64,3,Late delivery,In Stock,Cancelled
ORD104730,CUST5040,Nilima Sekhon,91,Male,Tamil Nadu,Chennai,T Nagar,596838,02-06-2025,04-06-2025,P965,Chips,Snacks,Snacks,Lay's,1.71,757,732,3,8,5856,CASH ON DELIVERY,Pending,82,3,Average,Limited,Returned
ORD102818,CUST8228,Zilmil Rastogi,31,Male,Delhi,New Delhi,Rohini,888112,26-01-2025,28-01-2025,P748,Curd,Dairy,Dairy,Britannia,1.39,585,479,18,1,479,Debit Card,Returned,46,2,Average,Out of Stock,Delivered
ORD102911,null,Eiravati Soman,44,Male,Telangana,Unknown,Gachibowli,527958,05-11-2024,11-05-2024,P626,Bread,Bakery,Bakery,Britannia,4.73,406,323,17,8,1488,Unknown,Pending,23,1,Average,Out of Stock,Pending
ORD103573,CUST1234,Garima Mane,63,Male,Gujarat,pune,Satellite,488144,10-06-2025,10-06-2025,P301,Toothpaste,Personal Care,Personal Care,Colgate,2.16,613,421,31,8,3369,CASH,Pending,44,5,Good,Out of Stock,Returned
ORD102846,CUST7417,George Raman,43,Male,Telangana,Hyderabad,Banjara Hills,958731,11-04-2025,04-11-2025,P434,Juice,Beverages,Beverages,Real,0.22,550,441,20,2,783,UPI,Cancelled,34,2,Late delivery,Limited,Cancelled
ORD100460,CUST9026,Radha Ganguly,62,Female,Tamil Nadu,Coimbatore,RS Puram,499378,08-01-2025,03-08-2025,P457,Juice,Beverages,Beverages,Real,3.88,196,133,32,7,928,CASH,Returned,19,3,Average,In Stock,Delivered
ORD104405,CUST5318,Naveen Choudhry,68,Male,Maharashtra,Pune,Kothrud,721057,25-04-2024,27-04-2024,P722,Sugar,Grocery,Grocery,Madhur,3.35,306,284,7,1,284,CASH ON DELIVERY,Delivered,89,2,Average,Limited,Pending
ORD102951,CUST4190,Vasana Gupta,58,Male,Maharashtra,Mumbai,Andheri,1760,08-09-2024,12-09-2024,P478,Cake,Bakery,Bakery,Monginis,1.68,89,77,14,7,536,CASH,Cancelled,15,5,Damaged item,In Stock,Delivered
ORD100469,CUST9704,Banjeet Banik,25,Other,Telangana,Hyderabad,Madhapur,818745,09-07-2025,11-07-2025,P279,Juice,Beverages,Beverages,Real,0.51,249,191,23,3,572,UPI,Pending,12,2,Average,Out of Stock,Returned
ORD101597,CUST9165,Guneet Prasad,20,Female,Telangana,Hyderabad,Gachibowli,749520,18-08-2025,19-08-2025,P231,Biscuits,Snacks,Snacks,Parle,3.6,306,238,22,4,952,Debit Card,Returned,18,3,Average,Out of Stock,Pending
ORD103358,CUST1588,Zehaan Narang,43,Female,Karnataka,Mysore,VV Mohalla,730041,15-12-2025,15-12-2025,P514,Detergent,Household Items,Household Items,Surf Excel,3.29,577,358,38,2,716,CASH ON DELIVERY,Cancelled,34,3,Good,Limited,Cancelled
ORD100751,CUST3976,Lavanya Madan,68,Male,West Bengal,Kolkata,Park Street,574639,28-04-2024,02-05-2024,P146,Juice,Beverages,Beverages,Real,0.88,511,385,25,2,832,CASH,Delivered,50,1,Average,Out of Stock,Returned
ORD101082,CUST4342,Kamya Sen,80,Male,Telangana,pune, Madhapur ,117743,20-07-2025,20-07-2025,P105,Ice Cream,Frozen Food,Frozen Food,Amul,0.45,360,316,12,5,1580,Debit Card,Cancelled,9,4,Average,In Stock,Cancelled
ORD101046,CUST8090,Chanakya Sankar,48,Other,Maharashtra,Nagpur,Dharampeth,531412,23-11-2024,27-11-2024,P714,Soap,Personal Care,Personal Care,Dove,0.95,161,134,17,5,960,UPI,Cancelled,56,2,Average,Out of Stock,Delivered
ORD102733,CUST4842,Osha Som,48,Male,Telangana,Hyderabad,Madhapur,619439,11-10-2024,13-11-2024,P273,Apple,Fruits & Vegetables,Fruits & Vegetables,Kashmir Fresh,3.79,213,167,21,6,1004,Debit Card,Pending,74,4,Damaged item,Out of Stock,Delivered
ORD103219,CUST8334,Zarna Kumar,74,Male,Karnataka,Bangalore,Indiranagar,518359,02-10-2024,06-10-2024,P714,Chips,Snacks,Snacks,Lay's,0.55,703,551,22,5,2754,GOOGLE PAY,Delivered,50,3,Good,Limited,Returned
ORD100954,CUST4133,Mugdha Nath,40,Other,Delhi,New Delhi,Rohini,904407,27-11-2024,29-11-2024,P242,Frozen Peas,Frozen Food,Frozen Food,Safal,3.77,604,602,0,3,1806,CASH,Cancelled,34,2,Damaged item,Limited,Cancelled
ORD104386,CUST9082,Gabriel Deshpande,68,Other,Maharashtra,Nagpur,Sitabuldi,827612,15-09-2024,18-09-2024,P423,Tea,Beverages,Beverages,Tata Tea,3.19,608,603,1,5,3013,UPI,Returned,15,2,Average,Limited,Pending
ORD104518,CUST7699, Wriddhish Karpe ,54,Other,Gujarat,PUNE,Adajan,397450,05-03-2025,06-03-2025,P911,Juice,Beverages,Beverages,Real,4.86,92,72,22,1,72,GPAY,Delivered,49,3,Average,In Stock,Returned
ORD103685,CUST3385,Januja Pathak,72,Other,Tamil Nadu,Mumbai,Park Street,552774,15-02-2025,16-02-2025,P104,Biscuits,Snacks,Snacks,Parle,0.6,431,274,37,5,1368,GPAY,Returned,8,2,Excellent,In Stock,Returned
ORD101249,CUST6295, Laban Rajagopalan ,28,Male,Telangana,Hyderabad,Banjara Hills,969052,11-05-2024,06-11-2024,P744,Soap,Personal Care,Personal Care,Dove,4.14,307,266,13,2,532,UPI,Returned,11,5,Excellent,Limited,Pending
ORD104083,CUST9245,Praneel Jayaraman,80,Male,Karnataka,Mysore,Gokulam,893422,02-02-2024,06-02-2024,P376,Banana,Fruits & Vegetables,Fruits & Vegetables,FreshFarm,2.93,688,534,22,2,1067,CASH ON DELIVERY,Returned,11,4,Damaged item,In Stock,Returned
ORD100741,CUST7520,Ikbal Saini,25,Other,Gujarat,Ahmedabad,Navrangpura,18257,23-11-2024,26-11-2024,P188,Juice,Beverages,Beverages,Real,2.52,114,69,39,4,277,UPI,Delivered,35,1,Late delivery,Out of Stock,Cancelled
ORD103479,CUST4579,Abhiram Sethi,59,Male,Gujarat,Ahmedabad,Satellite,790978,22-01-2024,26-01-2024,P791,Namkeen,Snacks,Snacks,Haldiram,3.31,148,109,27,3,326,Debit Card,Delivered,27,3,Late delivery,Out of Stock,Returned
ORD104496,CUST8455,Balveer Loyal,60,Male,Maharashtra,Mumbai,Dadar,372893,26-07-2024,27-07-2024,P230,Bread,Bakery,Bakery,Britannia,0.46,746,549,26,5,2744,CASH,Delivered,82,5,Excellent,In Stock,Returned
ORD102842,CUST8729,Gaurika Gour,24,Other,Delhi,New Delhi,Rohini,355930,07-01-2024,11-01-2024,P727,Sugar,Grocery,Grocery, Madhur ,1.12,357,227,36,2,676,CASH,Returned,50,4,Good,In Stock,Delivered
ORD103163,CUST3796,Samaksh Kumar,50,Male,Tamil Nadu,pune,RS Puram,443264,08-09-2025,09-08-2025,P479,Biscuits,Snacks,Snacks,Parle,1.75,262,239,9,4,955,GOOGLE PAY,Returned,49,3,Excellent,Limited,Pending
ORD104236,CUST7421,Arya Oza,54,Female,Maharashtra,PUNE,Andheri,53726,05-09-2025,08-09-2025,P342,Bread,Bakery,Bakery,Britannia,3.22,483,377,22,4,1507,UPI,Cancelled,38,2,Damaged item,Out of Stock,Delivered
ORD104828,null,Ojasvi Gill,64,Other,Delhi,Unknown,Dwarka,822673,20-07-2024,23-07-2024,P526,Atta,Grocery,Grocery,Aashirvaad,1.85,406,323,10,4,1488,Unknown,Pending,58,5,Average,Limited,Pending
ORD102889,CUST5596,Manya Bora,44,Female,Delhi,New Delhi,Rohini,931468,22-10-2025,26-10-2025,P843,Tea,Beverages,Beverages,Tata Tea,3.79,783,760,3,1,760,UPI,Returned,47,1,Average,Out of Stock,Returned
ORD101260,CUST7697,Rachita Sridhar,38,Other,Gujarat,Ahmedabad,Satellite,576723,30-06-2024,30-06-2024,P818,Banana,Fruits & Vegetables,Fruits & Vegetables, FreshFarm ,0.44,55,49,10,6,295,CASH,Delivered,78,3,Good,Out of Stock,Pending
ORD100971,CUST6293,Rajata Saran,49,Male,Delhi,New Delhi,Dwarka,242225,22-09-2025,26-09-2025,P791,Cake,Bakery,Bakery,Monginis,1,519,488,6,3,1464,CASH ON DELIVERY,Pending,31,2,Late delivery,Out of Stock,Delivered
ORD101466,CUST8887,Manbir Bakshi,42,Female,maharashtra,Nagpur,Dharampeth,53748,10-04-2024,11-04-2024,P453,Tomato,Fruits & Vegetables,Fruits & Vegetables,Organic India,1.51,30,24,21,5,119,UPI,Pending,52,5,Average,Out of Stock,Returned
ORD100334,CUST2310,Waida Agate,30,Female,Karnataka,Bangalore,Indiranagar,431508,17-06-2024,18-06-2024,P271,Cake,Bakery,Bakery,Monginis,2.41,351,295,16,4,1182,GPAY,Returned,69,4,Good,Out of Stock,Returned
ORD101670,CUST5876,Yashawini Chand,45,Male,West Bengal,Kolkata,Park Street,330848,11-10-2025,10-12-2025,P720,Ice Cream,Frozen Food,Frozen Food,Amul,4.43,67,43,36,7,299,GPAY,Cancelled,61,3,Good,Limited,Returned
ORD101414,CUST2467,Chameli Sarkar,36,Female,Karnataka,Mysore,VV Mohalla,334337,28-03-2025,30-03-2025,P281,Banana,Fruits & Vegetables,Fruits & Vegetables,FreshFarm,0.26,463,423,9,4,1693,CASH ON DELIVERY,Returned,18,3,Average,Out of Stock,Delivered
ORD100575,CUST7335,Frederick Sathe,33,Female,West Bengal,Kolkata,Salt Lake,295980,20-02-2025,21-02-2025,P202,Banana,Fruits & Vegetables,Fruits & Vegetables,FreshFarm,4.25,378,252,33,4,1008,GPAY,Returned,63,2,Average,Out of Stock,Returned
ORD102175,CUST9871,Vedhika Mahal,26,Female,maharashtra,Bangalore,Indiranagar,203334,23-07-2024,26-07-2024,P725,Biscuits,Snacks,Snacks,Parle,0.14,326,293,10,4,1173,GOOGLE PAY,Returned,70,3,Good,Out of Stock,Returned
ORD102537,CUST1292,Diya Parsa,34,Female,Tamil Nadu,Chennai,Velachery,402057,23-11-2024,23-11-2024,P440,Ice Cream,Frozen Food,Frozen Food,Amul,4.16,269,208,23,2,416,CASH ON DELIVERY,Pending,87,4,Average,In Stock,Cancelled
ORD104799,CUST3355, Mahika Sidhu ,76,Female,Gujarat,Surat,Adajan,536953,11-03-2024,11-07-2024,P666,Cake,Bakery,Bakery,Monginis,3.18,597,528,12,7,3890,GPAY,Delivered,18,2,Damaged item,Limited,Cancelled
ORD103656,CUST3229,Pahal Mukhopadhyay,44,Other,Maharashtra,Nagpur,Dharampeth,197711,09-09-2024,09-11-2024,P925,Ice Cream,Frozen Food,Frozen Food,Amul,1.24,443,286,35,4,1430,UPI,Cancelled,44,3,Average,In Stock,Cancelled
ORD104091,null,Eshana Pant,60,Other,Delhi,Unknown,Rohini,785111,23-03-2024,25-03-2024,P502,Toothpaste,Personal Care,Personal Care,Colgate,4.51,406,323,6,7,1488,Unknown,Pending,38,4,Average,Out of Stock,Pending
ORD101569,CUST4676,Varenya Chowdhury,73,Female,Tamil Nadu,Chennai,T Nagar,421052,19-04-2024,21-04-2024,P889,Namkeen,Snacks,Snacks,Haldiram,0.86,447,367,18,7,2570,GOOGLE PAY,Pending,50,1,Late delivery,Out of Stock,Delivered
ORD101074,null,Samaksh Sundaram,69,Other,West Bengal,Unknown,Park Street,273292,22-03-2025,25-03-2025,P553,Cleaner,Household Items,Household Items,Lizol,3.67,406,323,36,5,1488,Unknown,Pending,73,3,Average,Limited,Pending
ORD102384,CUST2975,Divya Gade,46,Female,West Bengal,Kolkata,Howrah,360533,18-08-2025,22-08-2025,P188,Atta,Grocery,Grocery,Aashirvaad,3.23,608,581,5,2,1162,CASH ON DELIVERY,Returned,66,1,Late delivery,Limited,Pending
ORD104575,CUST7460,Bhavya Dalal,29,Other,Tamil Nadu,Chennai,Anna Nagar,503168,16-03-2025,17-03-2025,P344,Soap,Personal Care,Personal Care,Dove,4.97,359,266,26,6,1598,GPAY,Pending,87,5,Average,Out of Stock,Pending
ORD101196,CUST4769,Sachi Rao,62,Other,Gujarat,Ahmedabad,Navrangpura,464962,21-11-2025,22-11-2025,P709,Banana,Fruits & Vegetables,Fruits & Vegetables,FreshFarm,4.35,304,259,15,8,2069,GPAY,Cancelled,50,2,Excellent,In Stock,Returned
ORD104147,CUST6066,Garima Thaker,27,Other,West Bengal,Kolkata,Howrah,352160,05-05-2025,05-05-2025,P971,Detergent,Household Items,Household Items,Surf Excel,0.47,336,268,20,5,1342,CASH ON DELIVERY,Delivered,70,1,Good,Out of Stock,Delivered
ORD100960,CUST4913,Balvan Sama,45,Other,West Bengal,Kolkata,Howrah,777774,14-12-2025,14-12-2025,P752,Biscuits,Snacks,Snacks,Parle,2.55,776,614,21,4,2455,CASH,Delivered,17,4,Good,Limited,Cancelled
ORD101546,null,Ojasvi Venkataraman,46,Male,Gujarat,Unknown,Adajan,764748,10-08-2024,08-12-2024,P905,Namkeen,Snacks,Snacks,Haldiram,4.12,406,323,31,4,1488,Unknown,Pending,71,4,Average,In Stock,Pending
ORD102100,CUST4491,Vinaya Chaudhry,23,Other,Maharashtra,Nagpur,Dharampeth,729895,25-05-2024,29-05-2024,P379,Detergent,Household Items,Household Items,Surf Excel,4.17,782,672,14,5,3361,CASH,Cancelled,83,3,Average,Out of Stock,Pending
ORD103367,CUST8248,Yauvani Chanda,85,Male,Delhi,New Delhi,Dwarka,694077,12-08-2025,10-12-2025,P393,Toothpaste,Personal Care,Personal Care,Colgate,1.58,401,345,14,7,2418,Debit Card,Pending,22,4,Good,Limited,Delivered
ORD100413,CUST4975,Anjali Konda,16,Other,Tamil Nadu,Mumbai,Gokulam,238108,24-04-2025,26-04-2025,P230,Cleaner,Household Items,Household Items,Lizol,3.14,384,378,2,7,2646,CASH,Cancelled,46,4,Late delivery,Out of Stock,Delivered
ORD104453,CUST6926,Samuel Varty,22,Other,Delhi,New Delhi,Saket,282973,22-07-2024,25-07-2024,P344,Soft Drink,Beverages,Beverages,Coca-Cola,0.13,401,337,16,6,2022,CASH ON DELIVERY,Pending,84,5,Good,Limited,Pending
ORD103645,CUST4644,Kashvi Walia,69,Other,Telangana,Hyderabad,Banjara Hills,18724,12-02-2025,12-02-2025,P834,Chips,Snacks,Snacks,Lay's,4.6,719,619,14,2,1238,UPI,Returned,17,2,Average,Out of Stock,Pending
ORD104529,CUST3822,Neel Rau,25,Male,Tamil Nadu,Coimbatore,Peelamedu,313441,30-06-2025,07-03-2025,P266,Paneer,Dairy,Dairy,Mother Dairy,1.46,57,45,22,5,224,CASH,Delivered,47,5,Average,In Stock,Returned
ORD100173,CUST3867,Pallavi Madan,43,Female,Tamil Nadu,Mumbai,Navrangpura,539196,26-07-2025,30-07-2025,P672,Cleaner,Household Items,Household Items,Lizol,0.45,291,270,7,6,1617,GOOGLE PAY,Cancelled,41,5,Excellent,Limited,Cancelled
ORD104761,CUST9323,Ansh Mann,33,Male,Delhi,New Delhi,Rohini,47868,30-09-2024,03-10-2024,P267,Sugar,Grocery,Grocery,Madhur,4.15,738,519,30,2,1038,GPAY,Cancelled,56,1,Average,Out of Stock,Returned
ORD100184,CUST5664,Upkaar Rau,57,Other,Karnataka,Mysore,Gokulam,595217,16-06-2024,19-06-2024,P928,Frozen Peas,Frozen Food,Frozen Food,Safal,1.42,192,121,37,7,849,UPI,Delivered,42,2,Excellent,In Stock,Returned
ORD101443,CUST3731,Varenya Som,39,Male,Gujarat,Surat,Adajan,135332,30-05-2024,30-05-2024,P644,Soft Drink,Beverages,Beverages,Coca-Cola,3.62,102,75,26,2,150,UPI,Cancelled,44,2,Average,In Stock,Cancelled
ORD102471,CUST7918,Mohammed Gill,19,Male,Telangana,Hyderabad,Madhapur,434883,08-08-2024,08-12-2024,P251,Cleaner,Household Items,Household Items,Lizol,1.23,481,331,31,4,1325,UPI,Pending,26,3,Damaged item,Limited,Returned
ORD100739,CUST1414,Chakradhar Rout,30,Other,Karnataka,Mysore,Gokulam,569166,06-01-2025,04-06-2025,P915,Biscuits,Snacks,Snacks,Parle,1.77,228,199,13,5,996,CASH ON DELIVERY,Pending,28,4,Damaged item,Out of Stock,Pending
ORD101746,CUST4787,Jagdish Gara,68,Male,Karnataka,Bangalore,Whitefield,728633,10-09-2025,11-10-2025,P610,Bread,Bakery,Bakery,Britannia,2.81,97,85,13,7,594,UPI,Cancelled,28,4,Good,In Stock,Cancelled
ORD103791,CUST7100,Ekani Gill,48,Female,Maharashtra,Pune,Kothrud,323561,06-11-2025,12-06-2025,P533,Rice,Grocery,Grocery,India Gate,3.31,84,83,2,2,165,CASH ON DELIVERY,Cancelled,84,3,Good,In Stock,Delivered
ORD103640,CUST2610,Netra Nori,70,Female,Telangana,Hyderabad,Gachibowli,632898,06-04-2025,04-10-2025,P953,Tea,Beverages,Beverages,Tata Tea,2.48,660,584,12,5,2918,CASH ON DELIVERY,Cancelled,47,3,Late delivery,In Stock,Returned
ORD102046,CUST6549,Balveer Lala,38,Male,Maharashtra,pune,Andheri,719608,26-06-2025,28-06-2025,P230,Soap,Personal Care,Personal Care,Dove,0.57,696,666,4,4,2666,CASH ON DELIVERY,Cancelled,63,1,Late delivery,Limited,Cancelled
ORD101908,CUST8494,Idika Kaul,68,Male,Telangana,Hyderabad,Madhapur,23858,04-10-2024,05-10-2024,P674,Rice,Grocery,Grocery,India Gate,2.39,721,484,33,5,2368,CASH,Cancelled,66,5,Late delivery,Limited,Returned
ORD102915,CUST6365,Amrita Prashad,29,Other,West Bengal,Kolkata,Salt Lake,687432,23-09-2025,24-09-2025,P618,Atta,Grocery,Grocery,Aashirvaad,1,29,18,39,8,141,UPI,Cancelled,30,3,Average,Out of Stock,Returned
ORD100701,CUST2877,Lila Sinha,92,Male,Karnataka,Bangalore,Koramangala,580223,20-06-2024,21-06-2024,P961,Detergent,Household Items,Household Items,Surf Excel,3.19,55,36,35,2,71,CASH ON DELIVERY,Returned,56,4,Good,In Stock,Delivered
ORD101989,null,Nachiket Sahni,24,Other,Tamil Nadu,Unknown,Anna Nagar,411700,06-04-2024,06-04-2024,P819,Paneer,Dairy,Dairy,Mother Dairy,2.04,406,323,8,6,1488,Unknown,Pending,-16,1,Average,In Stock,Pending
ORD100928,CUST9384,Wahab Deep,53,Female,Telangana,Hyderabad,Banjara Hills,908499,17-08-2025,19-08-2025,P637,Curd,Dairy,Dairy,Britannia,0.21,418,352,16,6,2114,UPI,Delivered,41,4,Damaged item,In Stock,Pending
ORD102983,CUST1646, Indrajit Saraf ,42,Male,Maharashtra,Mumbai,Powai,847434,23-01-2024,23-01-2024,P716,Cleaner,Household Items,Household Items,Lizol,2.95,477,395,-3,3,1039,GPAY,Pending,82,3,Average,Limited,Pending
ORD100603,CUST1065,Prisha Purohit,22,Male,West Bengal,Kolkata,Park Street,339165,17-02-2025,17-02-2025,P580,Juice,Beverages,Beverages,Real,4.07,737,566,23,5,2829,GPAY,Delivered,83,2,Average,Limited,Pending
ORD103290,CUST4717,Lavanya Sur,30,Other,Maharashtra,Nagpur,Sitabuldi,337356,16-05-2025,17-05-2025,P201,Apple,Fruits & Vegetables,Fruits & Vegetables,Kashmir Fresh,1.49,622,452,27,5,2258,UPI,Cancelled,36,3,Damaged item,Out of Stock,Returned
ORD103047,CUST4210, Agastya Chad ,72,Male,Gujarat,Surat,Vesu,798960,01-12-2025,04-12-2025,P749,Apple,Fruits & Vegetables,Fruits & Vegetables,Kashmir Fresh,2.6,767,635,17,7,4446,CASH ON DELIVERY,Delivered,30,2,Damaged item,Out of Stock,Pending
ORD103126,CUST1129,Jagdish Panchal,65,Male,Karnataka,Mysore, Gokulam ,438492,27-12-2024,29-12-2024,P800,Detergent,Household Items,Household Items,Surf Excel,3.95,579,484,16,6,2906,CASH,Returned,50,5,Damaged item,Limited,Returned
ORD104137,CUST3606, Vedhika Kibe ,30,Other,Gujarat,Ahmedabad,Navrangpura,160419,08-02-2025,10-02-2025,P252,Soft Drink,Beverages,Beverages,Coca-Cola,4.46,415,321,23,1,321,CASH,Delivered,50,3,Average,Out of Stock,Pending
ORD102260,CUST1640,Aadhya Master,66,Female,Delhi,New Delhi,Rohini,804202,24-08-2025,25-08-2025,P749,Biscuits,Snacks,Snacks,Parle,1.61,55,40,27,1,40,Debit Card,Pending,60,2,Damaged item,Out of Stock,Cancelled
ORD101651,CUST1618,Niharika Talwar,47,Male,Tamil Nadu,Coimbatore,Peelamedu,435753,19-08-2024,23-08-2024,P114,Namkeen,Snacks,Snacks,Haldiram,0.49,325,291,11,8,2329,Debit Card,Returned,49,1,Average,Limited,Delivered
ORD103629,CUST2433,Jhalak Bhatt,23,Male,Delhi,New Delhi,Saket,345296,29-11-2024,12-01-2024,P644,Curd,Dairy,Dairy,Britannia,2.39,235,153,35,3,458,GPAY,Cancelled,27,1,Late delivery,Limited,Cancelled
ORD100211,CUST1025,Kashvi Krishnamurthy,63,Male,Tamil Nadu,Coimbatore,Peelamedu,405852,12-05-2024,16-05-2024,P740,Cleaner,Household Items,Household Items,Lizol,4,425,363,15,8,2902,CASH ON DELIVERY,Pending,32,4,Damaged item,In Stock,Cancelled
ORD102876,CUST7577,Januja Nadig,27,Female,Karnataka,Mysore,VV Mohalla,206848,15-05-2024,17-05-2024,P515,Toothpaste,Personal Care,Personal Care,Colgate,2.49,528,517,2,1,517,CASH ON DELIVERY,Returned,86,5,Damaged item,In Stock,Pending
ORD103900,CUST7527,Nicholas Sandhu,79,Other,Telangana,Hyderabad,Gachibowli,505101,15-04-2024,17-04-2024,P947,Juice,Beverages,Beverages,Real,1.34,558,513,8,3,1538,UPI,Returned,14,1,Average,In Stock,Cancelled
ORD100116,CUST2703,Tanish Varghese,81,Male,Delhi,New Delhi,Dwarka,54856,06-03-2024,03-06-2024,P529,Detergent,Household Items,Household Items,Surf Excel,2.51,39,32,18,7,221,UPI,Pending,47,3,Good,In Stock,Pending
ORD103894,CUST9671,Ekani Mall,23,Other,Gujarat,Surat,Vesu,135966,28-03-2024,30-03-2024,P473,Ice Cream,Frozen Food,Frozen Food,Amul,3.09,217,208,4,8,1660,UPI,Cancelled,44,4,Good,In Stock,Pending
ORD103277,null,Jagvi Raman,52,Female,Delhi,Unknown,Rohini,659913,01-01-2024,05-01-2024,P510,Rice,Grocery,Grocery,India Gate,1.62,406,323,8,8,1488,Unknown,Pending,18,3,Average,Limited,Pending
ORD102239,CUST7873,Oviya Ahluwalia,54,Male,West Bengal,Kolkata,Park Street,472150,27-08-2025,28-08-2025,P539,Curd,Dairy,Dairy,Britannia,4.17,708,624,12,4,2494,CASH,Returned,12,1,Average,In Stock,Delivered
ORD103604,null,Vidhi Pathak,24,Other,West Bengal,Unknown,Salt Lake,319603,17-04-2025,20-04-2025,P116,Soap,Personal Care,Personal Care,Dove,4.76,406,323,28,2,1488,Unknown,Pending,56,3,Average,Limited,Pending
ORD101423,CUST7998,Pranit Gole,29,Male,Tamil Nadu,PUNE,Anna Nagar,933439,14-06-2025,17-06-2025,P911,Juice,Beverages,Beverages,Real,1,705,633,10,3,1866,GPAY,Pending,89,2,Excellent,Out of Stock,Pending
ORD104956,CUST3595,Yashvi Nori,42,Male,Karnataka,Mysore,Gokulam,276513,12-05-2025,16-05-2025,P372,Cleaner,Household Items,Household Items,Lizol,4.36,439,299,-6,8,2389,GPAY,Returned,956,4,Average,Limited,Delivered
ORD102467,CUST4911,Samar Sura,79,Other,Delhi,PUNE,Dwarka,651777,23-04-2024,27-04-2024,P863,Cake,Bakery,Bakery,Monginis,4.86,545,425,22,1,425,Debit Card,Returned,73,2,Late delivery,Limited,Cancelled
ORD101072,CUST3110,Osha Sagar,53,Female,Tamil Nadu,Chennai,T Nagar,123693,20-02-2024,21-02-2024,P574,Cleaner,Household Items,Household Items,Lizol,4.7,134,83,38,3,248,UPI,Cancelled,71,3,Excellent,In Stock,Delivered
ORD100112,CUST2083, Ekansh Mall ,55,Female,Tamil Nadu,Mumbai,RS Puram,544591,10-11-2024,11-10-2024,P847,Detergent,Household Items,Household Items,Surf Excel,4.77,82,79,3,5,395,UPI,Delivered,90,1,Damaged item,In Stock,Returned
ORD101103,CUST3854,Gautami Konda,43,Male,Telangana,PUNE,Gachibowli,145772,09-03-2024,13-03-2024,P852,Shampoo,Personal Care,Personal Care,Clinic Plus,4.65,517,393,24,4,1571,UPI,Returned,25,3,Average,In Stock,Pending
ORD101959,CUST5240,Yatan Dhillon,13,Female,West Bengal,Kolkata,Howrah,916059,30-01-2024,02-02-2024,P896,Tea,Beverages,Beverages,Tata Tea,1.98,684,587,14,1,587,UPI,Cancelled,11,2,Average,Out of Stock,Cancelled
ORD102642,CUST4901,Bhavini Dube,80,Female,Karnataka,Bangalore,Indiranagar,388289,11-12-2024,14-12-2024,P128,Ice Cream,Frozen Food,Frozen Food,Amul,2.75,349,311,11,8,2485,UPI,Pending,41,5,Good,In Stock,Delivered
ORD100486,CUST6243,Tarak Chakrabarti,31,Other,Karnataka,Bangalore,Whitefield,783496,06-04-2024,09-04-2024,P801,Ice Cream,Frozen Food,Frozen Food,Amul,1.57,518,422,18,6,2532,CASH,Pending,47,3,Late delivery,Out of Stock,Pending
ORD100876,CUST5553,Lakshit Sanghvi,35,Other,Tamil Nadu,Chennai, Velachery ,340045,23-09-2025,25-09-2025,P814,Chips,Snacks,Snacks,Lay's,0.82,168,126,25,8,1005,Debit Card,Delivered,73,3,Average,In Stock,Returned
ORD102724,CUST1105,Indali Jha,46,Female,Tamil Nadu,Coimbatore,RS Puram,34493,25-10-2024,29-10-2024,P704,Frozen Peas,Frozen Food,Frozen Food,Safal,1.54,208,136,35,4,546,GPAY,Delivered,48,5,Average,In Stock,Returned
ORD104837,CUST7684,Dipta Bala,78,Female,Telangana,Hyderabad,Banjara Hills,432487,01-09-2025,01-09-2025,P812,Namkeen,Snacks,Snacks,Haldiram,4.13,797,621,22,4,2484,Debit Card,Pending,88,3,Average,In Stock,Pending
ORD103828,CUST8910,Chakradev Dave,78,Other,Telangana,Hyderabad,Madhapur,560402,02-08-2025,02-11-2025,P968,Rice,Grocery,Grocery,India Gate,4.03,586,537,8,4,2149,GOOGLE PAY,Delivered,43,2,Late delivery,Out of Stock,Pending
ORD102174,CUST1064,Gaurika Sood,42,Male,Delhi,New Delhi,Saket,72053,20-03-2024,24-03-2024,P973,Detergent,Household Items,Household Items,Surf Excel,3.25,246,186,25,3,558,CASH ON DELIVERY,Returned,70,2,Average,In Stock,Pending
ORD101012,CUST9892,Darika Tank,49,Female,Gujarat,Surat,Vesu,478554,10-10-2024,12-10-2024,P761,Apple,Fruits & Vegetables,Fruits & Vegetables,Kashmir Fresh,1.59,758,746,2,7,5223,GOOGLE PAY,Pending,56,3,Average,In Stock,Cancelled
ORD101854,CUST3315, Girindra Desai ,63,Male,Tamil Nadu,Coimbatore,Peelamedu,111009,09-05-2025,05-09-2025,P577,Soft Drink,Beverages,Beverages,Coca-Cola,3.48,194,162,16,5,812,GPAY,Pending,90,1,Good,Out of Stock,Cancelled
ORD101228,CUST7771,Nathaniel Pau,46,Female,Tamil Nadu,Coimbatore,RS Puram,305868,19-07-2024,22-07-2024,P541,Cleaner,Household Items,Household Items,Lizol,3.72,133,93,-9,4,371,CASH ON DELIVERY,Cancelled,47,4,Late delivery,Out of Stock,Delivered
ORD100680,CUST9832,Yochana Oommen,41,Male,Telangana,Hyderabad,Banjara Hills,49675,03-05-2024,06-05-2024,P365,Chips,Snacks,Snacks, Lay's ,2.75,427,382,11,6,2294,GPAY,Returned,9,4,Average,In Stock,Pending
ORD104220,CUST2473,Omaja Vig,38,Female,Karnataka,Bangalore,Indiranagar,990820,19-05-2025,19-05-2025,P716,Tomato,Fruits & Vegetables,Fruits & Vegetables,Organic India,2.51,299,294,2,3,882,UPI,Returned,84,5,Late delivery,In Stock,Cancelled
ORD102472,CUST3997,Kamala Subramaniam,70,Female,Telangana,Hyderabad,Madhapur,818125,27-11-2025,27-11-2025,P998,Soap,Personal Care,Personal Care,Dove,1.62,538,462,14,4,1849,CASH,Delivered,82,2,Average,Limited,Returned
ORD104289,CUST6698,Kritika Parekh,73,Female,Tamil Nadu,Chennai,Velachery,511653,28-05-2025,30-05-2025,P539,Tomato,Fruits & Vegetables,Fruits & Vegetables,Organic India,1.67,620,536,14,5,2678,UPI,Pending,29,1,Late delivery,Out of Stock,Cancelled
ORD104740,CUST6427, Diya Kohli ,50,Other,Tamil Nadu,Coimbatore,RS Puram,897119,28-10-2024,29-10-2024,P244,Paneer,Dairy,Dairy,Mother Dairy,4.31,493,390,21,1,390,GPAY,Cancelled,25,1,Average,Out of Stock,Delivered
ORD100509,CUST8307,Hamsini Singh,80,Male,Karnataka,Bangalore,Whitefield,720702,26-10-2024,29-10-2024,P815,Shampoo,Personal Care,Personal Care,Clinic Plus,4.96,589,553,6,1,553,GOOGLE PAY,Pending,43,5,Average,Limited,Cancelled
ORD101808,CUST1746,Chatresh Bora,70,Other,Delhi,PUNE,Saket,355422,08-12-2025,11-12-2025,P299,Milk,Dairy,Dairy,Amul,0.18,228,179,22,4,716,Debit Card,Returned,25,4,Late delivery,In Stock,Returned
ORD101420,CUST3358,Nicholas Balan,20,Female,Karnataka,Mysore,VV Mohalla,531579,27-12-2024,30-12-2024,P158,Soft Drink,Beverages,Beverages,Coca-Cola,1.01,675,458,32,6,2749,Debit Card,Returned,44,5,Good,In Stock,Returned
ORD103595,CUST2356,Zaitra Srivastava,31,Other,West Bengal,Kolkata,Salt Lake,17488,20-07-2025,20-07-2025,P120,Tomato,Fruits & Vegetables,Fruits & Vegetables,Organic India,0.14,60,40,34,2,79,UPI,Returned,60,1,Damaged item,Out of Stock,Returned
ORD103318,CUST3749,Ranbir Golla,76,Other,West Bengal,Kolkata,Park Street,119370,08-03-2025,06-08-2025,P995,Sugar,Grocery,Grocery,Madhur,2.61,112,83,25,5,417,UPI,Returned,89,1,Late delivery,Out of Stock,Returned
ORD101009,CUST5419, Pahal Gokhale ,63,Other,maharashtra,Kolkata,Park Street,708253,23-03-2024,23-03-2024,P285,Cleaner,Household Items,Household Items,Lizol,2.66,430,265,38,5,1324,GPAY,Returned,41,3,Damaged item,In Stock,Pending
ORD100388,CUST2596,Henry Cheema,58,Male,Maharashtra,Pune,Wakad,282424,20-11-2024,20-11-2024,P292,Biscuits,Snacks,Snacks,Parle,2.16,225,200,11,7,1400,CASH,Pending,82,4,Late delivery,Out of Stock,Pending
ORD104987,CUST2170,Aadhya Bansal,30,Male,Gujarat,Ahmedabad,Navrangpura,640116,13-10-2025,14-10-2025,P887,Tea,Beverages,Beverages,Tata Tea,1.51,674,672,0,4,2688,Debit Card,Delivered,68,3,Damaged item,In Stock,Cancelled
ORD102657,CUST5490,Falguni Bhardwaj,45,Other,Karnataka,Mysore,VV Mohalla,850962,04-06-2024,06-08-2024,P381,Juice,Beverages,Beverages,Real,1.41,409,309,25,5,1543,GPAY,Pending,17,3,Average,In Stock,Delivered
ORD102053,CUST3758,Patrick Chaudhuri,29,Male,Gujarat,Surat,Adajan,788322,21-05-2024,24-05-2024,P932,Banana,Fruits & Vegetables,Fruits & Vegetables,FreshFarm,3.2,727,515,29,7,3607,UPI,Pending,37,3,Damaged item,Limited,Pending
ORD100328,CUST4541,Ayaan Sharaf,31,Female,West Bengal,Kolkata,Park Street,511276,28-10-2024,28-10-2024,P956,Banana,Fruits & Vegetables,Fruits & Vegetables,FreshFarm,3.21,151,131,-9,7,920,CASH,Delivered,76,3,Excellent,Out of Stock,Delivered
ORD100160,CUST8557,Ishanvi Madan,21,Other,Gujarat,Surat,Adajan,862953,13-06-2024,14-06-2024,P397,Frozen Peas,Frozen Food,Frozen Food,Safal,3.39,501,351,30,4,1405,GOOGLE PAY,Delivered,78,3,Average,Out of Stock,Cancelled
ORD100982,CUST9011, Wyatt Balakrishnan ,79,Female,Tamil Nadu,Coimbatore,RS Puram,744696,13-08-2024,15-08-2024,P421,Ice Cream,Frozen Food,Frozen Food,Amul,4.66,648,515,20,2,1031,GPAY,Returned,39,3,Average,Out of Stock,Cancelled
ORD104759,null,Chanakya Joshi,52,Male,Tamil Nadu,Unknown,RS Puram,770032,22-09-2025,23-09-2025,P883,Detergent,Household Items,Household Items,Surf Excel,3.11,406,323,-8,7,1488,Unknown,Pending,65,3,Average,Limited,Pending
ORD101352,CUST5107,Udyati Chakraborty,33,Other,Maharashtra,Pune,Hinjewadi,472174,18-11-2024,19-11-2024,P228,Curd,Dairy,Dairy, Britannia ,0.82,100,76,24,4,304,CASH ON DELIVERY,Cancelled,77,2,Damaged item,Out of Stock,Delivered
ORD100810,CUST4039,Avi Dugar,49,Female,Delhi,New Delhi,Dwarka,958182,03-06-2024,06-06-2024,P952,Cleaner,Household Items,Household Items,Lizol,4.46,695,577,17,5,2884,CASH ON DELIVERY,Pending,26,4,Good,In Stock,Delivered
ORD100938,CUST7807,Lipika Shroff,47,Female,Karnataka,Bangalore,Whitefield,463927,31-01-2024,04-02-2024,P101,Ice Cream,Frozen Food,Frozen Food,Amul,0.78,572,386,33,7,2700,GOOGLE PAY,Returned,56,3,Late delivery,In Stock,Pending
ORD104923,CUST6466,Tanvi Khare,21,Female,West Bengal,Kolkata,Salt Lake,531896,07-05-2024,07-07-2024,P593,Ice Cream,Frozen Food,Frozen Food,Amul,3.67,210,146,31,4,583,UPI,Pending,38,1,Damaged item,In Stock,Cancelled
ORD100323,CUST7322,Eshana Divan,19,Female,Karnataka,Mysore,VV Mohalla,533753,07-04-2025,09-04-2025,P398,Toothpaste,Personal Care,Personal Care,Colgate,3.33,154,134,13,2,267,UPI,Returned,16,3,Average,In Stock,Pending
ORD103090,null,Deepa Goel,64,Male,Tamil Nadu,pune,RS Puram,426768,21-06-2024,25-06-2024,P386,Namkeen,Snacks,Snacks,Haldiram,1.22,406,323,33,2,1488,Unknown,Pending,50,1,Average,Limited,Pending
ORD104218,CUST6685,Bhavya Rajagopalan,70,Male,Delhi,New Delhi, Rohini ,13717,09-12-2025,12-11-2025,P113,Toothpaste,Personal Care,Personal Care,Colgate,0.43,350,239,32,2,478,UPI,Pending,17,3,Average,Limited,Returned
ORD101162,CUST6697,Liam Date,17,Other,West Bengal,pune,Park Street,321384,17-03-2024,19-03-2024,P900,Banana,Fruits & Vegetables,Fruits & Vegetables,FreshFarm,3.5,192,148,23,4,592,Debit Card,Returned,48,2,Average,Out of Stock,Returned
ORD100795,CUST2392,Laksh Bail,63,Other,Delhi,New Delhi,Saket,66836,19-02-2024,23-02-2024,P779,Milk,Dairy,Dairy,Amul,2.66,394,328,17,6,1965,GOOGLE PAY,Pending,20,3,Damaged item,Out of Stock,Cancelled
ORD101948,CUST4406,Darsh Ghosh,36,Male,West Bengal,PUNE,Salt Lake,252993,23-04-2025,26-04-2025,P690,Shampoo,Personal Care,Personal Care,Clinic Plus,4.46,361,293,19,7,2053,GOOGLE PAY,Pending,20,5,Excellent,Out of Stock,Cancelled
ORD103473,CUST5042,Finn Pandya,20,Male,Maharashtra,Mumbai,Powai,426169,11-05-2024,11-06-2024,P483,Sugar,Grocery,Grocery,Madhur,1.54,347,312,10,5,1674,UPI,Returned,39,2,Average,Limited,Returned
ORD102395,CUST9100,Imaran Pradhan,78,Male,Tamil Nadu,Mumbai,Madhapur,450865,19-03-2024,23-03-2024,P329,Paneer,Dairy,Dairy,Mother Dairy,4.81,63,54,14,3,162,CASH ON DELIVERY,Cancelled,75,2,Late delivery,Out of Stock,Pending
ORD103123,CUST7611, Gavin Sani ,73,Male,Gujarat,Ahmedabad,Navrangpura,278843,04-07-2024,07-04-2024,P649,Cake,Bakery,Bakery,Monginis,3.01,634,461,27,5,2305,UPI,Returned,42,1,Good,Limited,Cancelled
ORD100254,CUST6761,Priya Dalal,62,Male,Delhi,New Delhi,Saket,534633,05-09-2025,06-09-2025,P630,Chips,Snacks,Snacks,Lay's,1.48,701,652,7,6,3912,Debit Card,Returned,76,3,Late delivery,In Stock,Pending
ORD103033,CUST6619,Yashica Gokhale,76,Other,Maharashtra,Nagpur,Dharampeth,52262,28-02-2024,29-02-2024,P972,Soft Drink,Beverages,Beverages,Coca-Cola,3.27,652,489,25,8,3910,GPAY,Delivered,30,3,Good,Out of Stock,Cancelled
ORD104418,CUST9945,Max Nazareth,26,Female,Karnataka,Bangalore,Indiranagar,402795,12-08-2025,13-08-2025,P375,Cleaner,Household Items,Household Items,Lizol,0.26,790,619,22,8,4950,UPI,Returned,11,1,Average,Limited,Pending
ORD104025,CUST1469,Vinaya Khare,67,Other,Gujarat,Surat,Adajan,926661,23-05-2024,25-05-2024,P890,Shampoo,Personal Care,Personal Care,Clinic Plus,0.73,482,412,15,1,412,UPI,Delivered,15,2,Average,Limited,Delivered
ORD101065,CUST6214,Wahab Buch,89,Other,Tamil Nadu,Coimbatore,Peelamedu,707567,07-04-2024,08-04-2024,P315,Cake,Bakery,Bakery,Monginis,4.76,776,751,3,2,1502,CASH,Cancelled,61,2,Average,In Stock,Returned
ORD100041,CUST8285,Kiaan Karnik,62,Male,Tamil Nadu,Coimbatore, Peelamedu ,726459,24-08-2025,25-08-2025,P802,Cleaner,Household Items,Household Items,Lizol,1.9,531,496,7,7,3469,CASH ON DELIVERY,Cancelled,64,4,Excellent,In Stock,Delivered
ORD101410,CUST1237,Orinder Jhaveri,21,Other,Telangana,Hyderabad,Banjara Hills,578400,03-08-2024,10-03-2024,P855,Cleaner,Household Items,Household Items,Lizol,4.35,68,65,5,3,194,UPI,Delivered,55,3,Average,Limited,Returned
ORD102636,null,Lekha Mistry,57,Male,Gujarat,Hyderbad,Vesu,53123,22-01-2024,24-01-2024,P343,Rice,Grocery,Grocery,India Gate,3.71,406,323,19,4,1488,Unknown,Pending,47,1,Average,Limited,Pending
ORD102829,CUST7588,Yauvani Minhas,29,Other,Delhi,New Delhi,Dwarka,687513,05-10-2025,07-10-2025,P845,Detergent,Household Items,Household Items,Surf Excel,2.33,376,235,38,4,938,UPI,Returned,83,5,Damaged item,Out of Stock,Pending
ORD102216,CUST9090,Hemani Dhar,57,Male,Tamil Nadu,Chennai,Velachery,660474,21-03-2025,23-03-2025,P483,Cake,Bakery,Bakery, Monginis ,1.67,38,32,15,5,161,UPI,Pending,50,4,Average,Limited,Cancelled
ORD103515,CUST9191, Eta Talwar ,53,Female,Gujarat,Ahmedabad,Navrangpura,445780,24-03-2025,28-03-2025,P349,Banana,Fruits & Vegetables,Fruits & Vegetables,FreshFarm,1.45,554,444,20,2,889,CASH ON DELIVERY,Pending,79,2,Average,Limited,Pending
ORD102278,CUST6784,Aarna Shukla,16,Female,Delhi,New Delhi,Rohini,511593,09-05-2024,13-05-2024,P605,Tea,Beverages,Beverages,Tata Tea,4.66,338,266,21,4,1025,Debit Card,Delivered,52,5,Damaged item,Limited,Returned
ORD100891,null,Yatan Ganesan,73,Male,West Bengal,Unknown,Howrah,90698,17-07-2025,21-07-2025,P957,Cake,Bakery,Bakery,Monginis,2.41,406,323,20,1,1488,Unknown,Pending,36,1,Average,Out of Stock,Pending
ORD102782,CUST1226,Ekta Solanki,70,Male,Gujarat,pune,Adajan,151258,23-02-2025,25-02-2025,P158,Sugar,Grocery,Grocery,Madhur,3.11,231,167,28,2,334,Debit Card,Pending,76,2,Excellent,In Stock,Pending
ORD103357,CUST2250,Oliver Prasad,18,Female,Maharashtra,Nagpur,Sitabuldi,821856,30-05-2025,30-05-2025,P761,Curd,Dairy,Dairy,Britannia,3,350,340,3,5,1698,UPI,Pending,69,5,Good,In Stock,Returned
ORD104323,CUST9957,Qushi Natarajan,75,Other,Telangana,Hyderabad,Madhapur,659856,21-02-2025,24-02-2025,P125,Soap,Personal Care,Personal Care,Dove,4.8,282,186,-6,8,1489,CASH,Returned,35,1,Average,Limited,Delivered
ORD103465,CUST6601,Aarnav Kannan,51,Other,Gujarat,Ahmedabad,Satellite,288924,04-08-2024,08-06-2024,P996,Cleaner,Household Items,Household Items,Lizol,1.38,266,252,5,1,252,UPI,Cancelled,66,1,Excellent,In Stock,Delivered
ORD101099,CUST1187,Zehaan Ahluwalia,28,Male,maharashtra,Bangalore,Whitefield,214189,18-06-2025,19-06-2025,P593,Tea,Beverages,Beverages,Tata Tea,4.4,209,148,29,4,592,GPAY,Cancelled,57,4,Good,Limited,Delivered
ORD100719,CUST4627,Jonathan Pillay,58,Other,Maharashtra,Mumbai,Powai,720449,07-08-2024,08-10-2024,P731,Chips,Snacks,Snacks,Lay's,4.47,415,365,12,1,365,CASH,Cancelled,20,2,Excellent,Limited,Cancelled
ORD101377,CUST6094,Qadim Nair,35,Male,West Bengal,Kolkata,Howrah,812083,20-11-2024,24-11-2024,P236,Atta,Grocery,Grocery,Aashirvaad,1.05,333,217,35,3,651,CASH,Cancelled,82,2,Average,Out of Stock,Delivered
ORD102305,CUST6491,Warinder Iyengar,23,Female,Maharashtra,Pune,Wakad,882288,02-01-2024,02-03-2024,P931,Detergent,Household Items,Household Items,Surf Excel,4.67,459,407,11,8,3256,UPI,Returned,33,4,Average,Limited,Cancelled
ORD100718,null,Ishwar Pau,41,Male,Tamil Nadu,Unknown,RS Puram,968363,29-03-2025,30-03-2025,P394,Bread,Bakery,Bakery,Britannia,4.79,406,323,18,3,1488,Unknown,Pending,37,3,Average,In Stock,Pending
ORD103155,CUST6787,Hemal Bava,21,Other,Maharashtra,Nagpur,Dharampeth,270656,13-01-2025,17-01-2025,P764,Shampoo,Personal Care,Personal Care,Clinic Plus,4.21,329,266,19,4,1065,UPI,Returned,43,3,Damaged item,Limited,Pending
ORD103596,CUST5833,Vrishti Nayak,33,Female,Karnataka,Mysore,VV Mohalla,265011,11-07-2025,11-07-2025,P260,Curd,Dairy,Dairy,Britannia,3.14,226,142,37,8,1175,UPI,Returned,77,5,Late delivery,Out of Stock,Cancelled
ORD104254,CUST4482,Luke Jani,78,Female,West Bengal,pune,Salt Lake,993130,06-11-2024,10-11-2024,P362,Soft Drink,Beverages,Beverages,Coca-Cola,4.47,576,475,18,4,1900,CASH,Cancelled,615,5,Late delivery,Out of Stock,Cancelled
ORD101925,null,Samar Kade,28,Female,Tamil Nadu,Unknown,RS Puram,565579,29-06-2024,07-03-2024,P430,Curd,Dairy,Dairy,Britannia,0.53,406,323,11,6,1488,Unknown,Pending,11,4,Average,In Stock,Pending
ORD102541,CUST3544, Jyoti Nadkarni ,50,Female,Maharashtra,Pune,Wakad,105821,27-10-2024,29-10-2024,P859,Tea,Beverages,Beverages,Tata Tea,1.18,163,132,19,3,395,Debit Card,Cancelled,45,3,Average,Limited,Cancelled
ORD103012,CUST3878,Indali Srinivasan,43,Other,Telangana,Hyderabad,Madhapur,735980,30-10-2024,30-10-2024,P468,Namkeen,Snacks,Snacks,Haldiram,2.48,245,159,35,6,955,Debit Card,Cancelled,67,3,Good,Out of Stock,Returned
ORD102246,CUST8464,Yashica Parikh,64,Female,Gujarat,Surat,Vesu,954037,13-06-2024,16-06-2024,P501,Soft Drink,Beverages,Beverages,Coca-Cola,2.83,573,536,7,8,4284,GPAY,Cancelled,17,1,Average,Out of Stock,Delivered
ORD102596,CUST8561,Tanmayi Prakash,76,Male,Karnataka,Bangalore,Whitefield,923448,29-03-2025,31-03-2025,P128,Banana,Fruits & Vegetables,Fruits & Vegetables,FreshFarm,2.6,159,151,5,6,903,GOOGLE PAY,Delivered,16,3,Good,Out of Stock,Delivered
ORD102946,CUST5394,Rajata Trivedi,61,Other,Tamil Nadu,Mumbai,Dwarka,145562,12-01-2025,14-01-2025,P158,Milk,Dairy,Dairy,Amul,0.82,378,237,37,5,1183,UPI,Pending,77,5,Damaged item,Limited,Delivered
ORD101157,CUST1907,Theodore Narain,23,Male,Tamil Nadu,Chennai,Velachery,687413,10-09-2025,10-09-2025,P175,Shampoo,Personal Care,Personal Care,Clinic Plus,2.13,39,37,3,6,225,Debit Card,Returned,22,5,Excellent,Out of Stock,Delivered
ORD101391,CUST5430,Neha Bose,68,Other,Gujarat,Surat,Adajan,34323,28-05-2025,31-05-2025,P798,Bread,Bakery,Bakery,Britannia,4.78,101,98,4,6,587,GOOGLE PAY,Returned,36,1,Damaged item,Out of Stock,Cancelled
ORD103445,CUST8798,Ladli Butala,62,Other,Maharashtra,Pune,Baner,791721,16-06-2025,20-06-2025,P421,Juice,Beverages,Beverages,Real,0.6,34,32,5,6,194,CASH,Pending,33,3,Excellent,Limited,Pending
ORD104628,CUST3927,Triya Tata,95,Male,Telangana,Hyderabad,Banjara Hills,343044,09-07-2024,07-12-2024,P623,Chips,Snacks,Snacks,Lay's,3.63,426,425,0,1,425,CASH ON DELIVERY,Pending,697,2,Average,Limited,Cancelled
ORD104839,CUST5256,Chakrika Chakrabarti,41,Female,Tamil Nadu,Coimbatore,RS Puram,626441,27-02-2024,28-02-2024,P583,Tomato,Fruits & Vegetables,Fruits & Vegetables,Organic India,1.5,638,401,37,1,401,UPI,Cancelled,83,4,Good,In Stock,Pending
ORD101533,CUST6291,Avi Mishra,64,Male,West Bengal,Kolkata,Howrah,440897,06-08-2025,09-08-2025,P967,Sugar,Grocery,Grocery,Madhur,1.21,526,400,24,5,1998,GPAY,Pending,80,3,Average,Out of Stock,Returned
ORD102956,CUST9723,Riya Hora,38,Male,Gujarat,Ahmedabad,Navrangpura,735149,21-08-2024,23-08-2024,P931,Namkeen,Snacks,Snacks,Haldiram,2.14,232,200,14,4,799,Debit Card,Returned,29,3,Excellent,Out of Stock,Returned
ORD104440,CUST1519,Chandran Bajwa,42,Other,Karnataka,Bangalore, Indiranagar ,395426,09-04-2024,13-04-2024,P816,Ice Cream,Frozen Food,Frozen Food,Amul,3.7,198,130,34,1,130,CASH,Cancelled,80,3,Average,In Stock,Delivered
ORD104343,CUST9522,Wakeeta Magar,21,Female,Karnataka,pune,Whitefield,545939,24-09-2025,26-09-2025,P570,Paneer,Dairy,Dairy,Mother Dairy,3.31,380,367,4,4,1466,CASH,Returned,42,3,Average,Limited,Returned
ORD103912,CUST1666,Nicholas Luthra,33,Other,Maharashtra,Nagpur,Sitabuldi,105233,29-03-2024,29-03-2024,P266,Banana,Fruits & Vegetables,Fruits & Vegetables,FreshFarm,4.06,115,84,27,4,336,UPI,Returned,80,4,Average,Out of Stock,Cancelled
ORD102323,CUST9364,Chaitaly Tiwari,55,Female,West Bengal,Kolkata,Salt Lake,735848,05-10-2025,09-10-2025,P839,Shampoo,Personal Care,Personal Care,Clinic Plus,1.24,572,380,34,1,380,CASH ON DELIVERY,Cancelled,76,4,Damaged item,Limited,Pending
ORD104564,CUST6836,Rehaan Zacharia,45,Other,Maharashtra,Pune,Wakad,857613,19-02-2024,21-02-2024,P296,Bread,Bakery,Bakery,Britannia,4.78,354,240,32,5,1198,GPAY,Returned,14,2,Good,In Stock,Delivered
ORD104275,CUST4041,Gautam Pal,43,Male,Karnataka,Mysore,VV Mohalla,24113,04-11-2025,04-12-2025,P159,Cleaner,Household Items,Household Items,Lizol,0.81,268,263,2,8,2107,UPI,Cancelled,18,3,Good,Out of Stock,Pending
ORD104527,CUST7598,Elijah Kapadia,51,Other,Karnataka,Mysore,VV Mohalla,282757,03-12-2025,06-12-2025,P326,Cake,Bakery,Bakery,Monginis,1.2,328,272,17,3,815,CASH ON DELIVERY,Delivered,32,3,Good,In Stock,Cancelled
ORD104916,CUST3258,Arya Venkatesh,34,Male,West Bengal,Kolkata,Howrah,895315,28-10-2024,30-10-2024,P853,Biscuits,Snacks,Snacks,Parle,4.59,792,636,20,7,4455,GOOGLE PAY,Returned,20,3,Good,Out of Stock,Pending
ORD104291,CUST3963,Anmol Saran,94,Male,Gujarat,Ahmedabad,Satellite,208050,08-09-2025,08-09-2025,P877,Biscuits,Snacks,Snacks,Parle,1.66,48,35,26,7,246,UPI,Pending,15,1,Good,In Stock,Cancelled
ORD102086,CUST4339,Yatan Loke,21,Male,Delhi,New Delhi,Saket,37342,01-01-2025,01-01-2025,P585,Frozen Peas,Frozen Food,Frozen Food,Safal,0.11,506,319,37,6,1911,GPAY,Delivered,52,3,Late delivery,Out of Stock,Returned
ORD101429,CUST7106,Nihal Deol,76,Male,Gujarat,Ahmedabad,Satellite,794375,05-08-2024,06-08-2024,P836,Ice Cream,Frozen Food,Frozen Food,Amul,2.51,683,554,19,5,2772,GPAY,Delivered,22,4,Average,In Stock,Returned
ORD100175,CUST4387,Urvashi Gopal,33,Male,Maharashtra,Nagpur,Dharampeth,100520,28-12-2024,29-12-2024,P956,Cake,Bakery,Bakery,Monginis,3.13,163,146,10,5,730,UPI,Delivered,41,1,Average,Limited,Returned
ORD103444,CUST1675,Ucchal Kala,23,Male,Gujarat,Surat,Adajan,507803,02-01-2025,05-01-2025,P720,Curd,Dairy,Dairy,Britannia,3.37,315,218,31,3,653,GPAY,Delivered,44,3,Average,Out of Stock,Cancelled
ORD100495,CUST6871,Anirudh Goswami,66,Other,Tamil Nadu,pune,Peelamedu,256966,24-01-2025,28-01-2025,P295,Rice,Grocery,Grocery,India Gate,1.13,92,62,33,2,124,UPI,Cancelled,70,3,Average,In Stock,Returned
ORD102676,CUST2964,Gayathri Hari,36,Male,Karnataka,Bangalore,Whitefield,287271,09-01-2025,01-11-2025,P213,Banana,Fruits & Vegetables,Fruits & Vegetables,FreshFarm,4.38,265,199,25,3,598,GOOGLE PAY,Returned,36,2,Damaged item,Limited,Pending
ORD101637,CUST1645,Vrinda Bhat,37,Male,Maharashtra,Nagpur, Dharampeth ,686178,23-01-2025,27-01-2025,P655,Apple,Fruits & Vegetables,Fruits & Vegetables,Kashmir Fresh,0.86,728,615,15,6,3692,GPAY,Delivered,41,4,Excellent,Limited,Cancelled
ORD101875,CUST3629,Gaurangi Baria,64,Female,Tamil Nadu,Coimbatore,RS Puram,324162,09-01-2024,01-10-2024,P513,Soap,Personal Care,Personal Care,Dove,2.31,211,185,12,6,1111,Debit Card,Delivered,20,5,Average,Limited,Cancelled
ORD100318,CUST4581,Krishna Nori,46,Female,Gujarat,Surat,Vesu,116322,01-10-2024,05-10-2024,P685,Cake,Bakery,Bakery,Monginis,0.87,518,474,8,7,3321,Debit Card,Cancelled,58,5,Good,In Stock,Delivered
ORD103822,CUST4138,Zarna Ravi,14,Female,Gujarat,Surat,Adajan,695191,21-11-2025,25-11-2025,P795,Tomato,Fruits & Vegetables,Fruits & Vegetables,Organic India,2.09,72,69,5,7,748,GPAY,Pending,80,1,Average,Limited,Cancelled
ORD100992,CUST5045,Tanmayi Palla,63,Female,Gujarat,Surat,Adajan,421008,31-07-2024,02-08-2024,P692,Toothpaste,Personal Care,Personal Care,Colgate,3.32,219,188,14,4,752,Debit Card,Pending,55,2,Damaged item,Out of Stock,Pending
ORD102778,CUST6565,Zinal Narasimhan,30,Other,Tamil Nadu,Chennai,Anna Nagar,812074,27-05-2024,29-05-2024,P740,Atta,Grocery,Grocery, Aashirvaad ,4.75,622,440,29,1,440,CASH,Returned,82,2,Average,Out of Stock,Pending
ORD101834,CUST9313,Ishita More,60,Male,West Bengal,pune,Park Street,817787,14-11-2025,14-11-2025,P947,Banana,Fruits & Vegetables,Fruits & Vegetables,FreshFarm,1.4,297,227,24,6,1362,UPI,Cancelled,61,4,Excellent,Out of Stock,Delivered
ORD100008,CUST3724,Falak Sant,18,Female,Karnataka,Mysore,VV Mohalla,542869,12-09-2024,12-09-2024,P318,Soft Drink,Beverages,Beverages,Coca-Cola,4.34,650,613,6,8,4902,UPI,Pending,38,1,Damaged item,Out of Stock,Returned
ORD100071,CUST9446,David Dubey,48,Male,Maharashtra,Mumbai,Powai,150229,09-01-2025,01-10-2025,P426,Toothpaste,Personal Care,Personal Care,Colgate,0.9,490,373,24,4,1655,CASH,Cancelled,27,3,Average,Limited,Returned
ORD101461,CUST8080,Varenya Palla,27,Male,Gujarat,pune, Navrangpura ,469680,08-01-2025,08-01-2025,P494,Banana,Fruits & Vegetables,Fruits & Vegetables, FreshFarm ,2.26,780,630,19,5,3150,CASH ON DELIVERY,Delivered,10,3,Good,Limited,Cancelled
ORD100637,CUST9255,Caleb Saran,21,Male,Gujarat,Ahmedabad,Navrangpura,404744,17-08-2024,17-08-2024,P784,Biscuits,Snacks,Snacks,Parle,1.05,541,436,19,1,436,CASH,Cancelled,57,1,Good,Out of Stock,Delivered
ORD101820,CUST4885,Gabriel Bhagat,38,Male,Delhi,New Delhi,Dwarka,134551,10-10-2025,11-10-2025,P218,Frozen Peas,Frozen Food,Frozen Food,Safal,4.97,280,242,14,4,967,CASH,Delivered,54,3,Excellent,Limited,Pending
ORD101787,CUST9049,Logan Pandit,55,Other,West Bengal,Kolkata, Howrah ,405231,15-07-2024,18-07-2024,P796,Cleaner,Household Items,Household Items,Lizol,4.17,782,576,26,5,2882,GOOGLE PAY,Delivered,89,3,Damaged item,In Stock,Pending
ORD103752,CUST6196,Raagini Bains,50,Other,Telangana,Hyderabad,Banjara Hills,495092,23-11-2024,24-11-2024,P448,Rice,Grocery,Grocery,India Gate,0.32,733,563,23,6,3379,GPAY,Delivered,14,3,Damaged item,In Stock,Pending
ORD103071,null,Anthony Palla,63,Male,Gujarat,Unknown,Vesu,811069,05-03-2024,07-05-2024,P998,Banana,Fruits & Vegetables,Fruits & Vegetables,FreshFarm,3.57,406,323,31,8,1488,Unknown,Pending,29,5,Average,Out of Stock,Pending
ORD100228,CUST4193,Yasti Zachariah,33,Other,Maharashtra,Nagpur,Sitabuldi,311956,09-12-2024,12-11-2024,P806,Ice Cream,Frozen Food,Frozen Food,Amul,4.97,646,453,30,5,2267,GOOGLE PAY,Delivered,83,1,Average,In Stock,Delivered
ORD103896,CUST8335,Shravya Rau,51,Other,Telangana,Hyderabad,Madhapur,110473,22-03-2024,26-03-2024,P799,Toothpaste,Personal Care,Personal Care,Colgate,0.24,577,457,21,1,457,Debit Card,Cancelled,82,1,Damaged item,Limited,Returned
ORD100801,CUST8206,Peter Tiwari,42,Male,Telangana,Hyderabad,Gachibowli,333624,17-04-2025,18-04-2025,P457,Juice,Beverages,Beverages,Real,2.6,74,55,26,7,384,CASH,Returned,25,2,Late delivery,Out of Stock,Pending
ORD101253,CUST9413,Jeevika Ganesh,30,Female,Delhi,New Delhi,Dwarka,872897,30-07-2025,01-08-2025,P154,Sugar,Grocery,Grocery,Madhur,0.83,635,453,29,6,2720,Debit Card,Delivered,15,3,Late delivery,Limited,Returned
ORD103460,CUST7492,Aradhana Banerjee,65,Other,Telangana,Hyderabad,Banjara Hills,175860,06-04-2024,09-04-2024,P753,Ice Cream,Frozen Food,Frozen Food,Amul,3.07,464,447,4,6,2680,GPAY,Returned,82,1,Late delivery,Limited,Pending
ORD103942,CUST7422,Hemangini Ganesan,63,Female,Telangana,Hyderabad,Gachibowli,758138,22-03-2025,25-03-2025,P894,Detergent,Household Items,Household Items,Surf Excel,1.82,709,634,10,5,3172,GOOGLE PAY,Delivered,54,1,Excellent,Out of Stock,Pending
ORD102102,CUST1961,Charan Palla,30,Male,Telangana,Hyderabad,Banjara Hills,63263,25-02-2025,27-02-2025,P952,Banana,Fruits & Vegetables,Fruits & Vegetables,FreshFarm,3.06,577,441,24,5,2206,UPI,Cancelled,87,3,Average,Out of Stock,Delivered
ORD100140,CUST6279,Hemang Dora,30,Other,Telangana,Hyderabad,Gachibowli,342483,31-03-2024,01-04-2024,P792,Biscuits,Snacks,Snacks,Parle,0.12,514,391,24,7,2740,CASH ON DELIVERY,Pending,9,3,Excellent,Out of Stock,Pending
ORD104934,CUST8655,Ishaan Sarraf,41,Other,West Bengal,Kolkata,Salt Lake,15156,09-03-2024,13-03-2024,P641,Juice,Beverages,Beverages,Real,1.3,670,605,10,6,3629,GPAY,Returned,14,1,Average,Out of Stock,Delivered
ORD104622,CUST3804,Varenya Mand,57,Other,West Bengal,Kolkata,Howrah,4296,18-08-2025,22-08-2025,P647,Atta,Grocery,Grocery,Aashirvaad,2.36,230,214,7,7,1496,CASH,Cancelled,79,2,Average,In Stock,Pending
ORD102616,CUST3231,Libni Atwal,22,Male,Telangana,Hyderabad,Madhapur,547648,06-12-2024,12-06-2024,P166,Bread,Bakery,Bakery,Britannia,3.51,254,208,18,3,624,CASH,Delivered,68,5,Damaged item,Limited,Pending
ORD104805,CUST8716,Abeer Ratti,40,Male,Delhi,New Delhi,Saket,864195,17-08-2024,19-08-2024,P224,Bread,Bakery,Bakery,Britannia,1.3,430,259,40,3,777,CASH,Returned,86,2,Average,Limited,Delivered
ORD103180,CUST8801,Jeet Bhandari,68,Other,Maharashtra,Nagpur,Dharampeth,724283,22-01-2024,23-01-2024,P605,Cleaner,Household Items,Household Items,Lizol,2.37,395,326,17,8,2608,GPAY,Pending,18,3,Average,Limited,Returned
ORD100536,CUST7671,Warda Anand,69,Other,Karnataka,Bangalore,Koramangala,541214,24-01-2025,25-01-2025,P454,Paneer,Dairy,Dairy,Mother Dairy,3.62,316,194,39,8,1555,CASH,Pending,62,3,Excellent,In Stock,Returned
ORD100409,CUST9632,Agastya Balay,52,Male,Tamil Nadu,Chennai, T Nagar ,743261,30-07-2024,30-07-2024,P457,Ice Cream,Frozen Food,Frozen Food,Amul,4.45,738,554,25,4,2218,GPAY,Returned,65,3,Late delivery,In Stock,Cancelled
ORD102961,CUST6680,Saanvi Sani,48,Male,Maharashtra,Nagpur,Dharampeth,527786,31-01-2025,02-04-2025,P938,Chips,Snacks,Snacks,Lay's,0.89,112,78,30,5,390,UPI,Delivered,9,2,Average,Out of Stock,Pending
ORD103152,null,Arya Choudhury,37,Male,Delhi,Unknown,Dwarka,27903,29-10-2024,31-10-2024,P886,Cleaner,Household Items,Household Items,Lizol,0.53,406,323,34,7,1488,Unknown,Pending,71,1,Average,Limited,Pending
ORD102308,CUST1191,Keya Sani,50,Female,Telangana,Hyderabad,Banjara Hills,921194,09-12-2025,14-09-2025,P716,Frozen Peas,Frozen Food,Frozen Food,Safal,1.51,713,548,23,6,3288,UPI,Pending,17,2,Good,Limited,Returned
ORD104632,CUST9467,Teerth Boase,55,Female,West Bengal,Kolkata,Salt Lake,825642,28-12-2024,31-12-2024,P652,Juice,Beverages,Beverages,Real,1.68,461,395,14,4,1578,GOOGLE PAY,Pending,28,5,Average,Out of Stock,Cancelled
ORD102021,CUST8218,Logan Sodhi,32,Other,Delhi,New Delhi,Rohini,655185,07-03-2025,08-03-2025,P362,Ice Cream,Frozen Food,Frozen Food,Amul,1.63,704,653,7,1,653,UPI,Delivered,56,3,Average,Out of Stock,Pending
ORD104053,CUST8531,Daksha Badami,23,Other,maharashtra,Mumbai,Bandra,905243,08-12-2025,13-08-2025,P486,Juice,Beverages,Beverages,Real,2.5,681,445,35,4,1780,Debit Card,Returned,81,1,Excellent,In Stock,Pending
ORD101207,CUST6178,Yash Tara,42,Other,Tamil Nadu,Coimbatore,Peelamedu,400850,30-01-2024,31-01-2024,P703,Apple,Fruits & Vegetables,Fruits & Vegetables,Kashmir Fresh,4.62,284,179,37,3,537,CASH,Cancelled,13,5,Average,In Stock,Cancelled
ORD103995,CUST4708,Balveer Cheema,73,Male,Gujarat,Ahmedabad,Satellite,695808,23-01-2024,27-01-2024,P670,Milk,Dairy,Dairy,Amul,0.81,273,214,22,5,1068,GPAY,Returned,-11,3,Late delivery,Out of Stock,Cancelled
ORD103774,CUST1269,Ishaan Taneja,54,Other,Delhi,New Delhi,Saket,446077,10-04-2025,14-04-2025,P207,Atta,Grocery,Grocery,Aashirvaad,1.43,566,365,36,7,2786,CASH,Delivered,70,5,Excellent,In Stock,Returned
ORD104887,null,Chanakya Buch,29,Other,Maharashtra,Unknown,Kothrud,440248,16-09-2025,20-09-2025,P694,Atta,Grocery,Grocery,Aashirvaad,3,406,323,35,6,1488,Unknown,Pending,56,1,Average,Limited,Pending
ORD100477,CUST9195,Vedika Kuruvilla,68,Other,Karnataka,Mysore,VV Mohalla,634158,27-10-2024,27-10-2024,P957,Shampoo,Personal Care,Personal Care,Clinic Plus,1.72,181,142,22,1,142,UPI,Pending,67,3,Good,In Stock,Delivered
ORD101282,CUST1205,Yashawini Dani,80,Male,West Bengal,Kolkata,Park Street,236443,15-04-2025,18-04-2025,P486,Cake,Bakery,Bakery,Monginis,4.82,220,172,22,8,1376,UPI,Pending,59,2,Good,In Stock,Pending
ORD103998,CUST9686,Aachal Palla,19,Male,Karnataka,Mysore,VV Mohalla,408663,29-03-2025,31-03-2025,P945,Frozen Peas,Frozen Food,Frozen Food, Safal ,1.76,128,106,18,3,317,GPAY,Delivered,82,5,Average,Out of Stock,Cancelled
ORD101235,null,Udarsh Narain,59,Female,Tamil Nadu,Unknown,RS Puram,295162,13-01-2024,13-01-2024,P778,Detergent,Household Items,Household Items,Surf Excel,3.94,406,323,10,7,1488,Unknown,Pending,34,2,Average,Out of Stock,Pending
ORD100835,CUST2976,Arunima Gera,42,Other,maharashtra,Mumbai,Andheri,348165,22-09-2025,25-09-2025,P446,Detergent,Household Items,Household Items,Surf Excel,4.2,121,83,32,3,248,UPI,Returned,70,5,Average,In Stock,Delivered
ORD100563,CUST2132,Ubika Lalla,19,Other,Delhi,New Delhi,Dwarka,828989,19-07-2025,22-07-2025,P381,Soap,Personal Care,Personal Care,Dove,3.52,499,318,36,4,1273,GPAY,Delivered,64,5,Good,Limited,Returned
ORD104255,CUST8061,Finn Rao,39,Female,Tamil Nadu,Coimbatore,Peelamedu,162341,16-08-2024,20-08-2024,P653,Detergent,Household Items,Household Items,Surf Excel,0.54,595,404,32,8,3233,GOOGLE PAY,Returned,18,4,Good,In Stock,Cancelled
ORD101999,CUST2051,Nidra Bobal,43,Female,Gujarat,Hyderbad,Adajan,793498,28-12-2024,29-12-2024,P559,Rice,Grocery,Grocery,India Gate,4.41,145,91,37,5,457,GOOGLE PAY,Delivered,81,4,Average,Limited,Pending
ORD104517,CUST4260,Rachita Handa,24,Male,Telangana,Hyderabad,Gachibowli,632169,15-04-2024,18-04-2024,P348,Atta,Grocery,Grocery,Aashirvaad,3.3,614,507,17,5,2537,Debit Card,Cancelled,46,2,Excellent,In Stock,Pending
ORD102495,CUST2898,Abha Raju,41,Female,Delhi,New Delhi,Rohini,551807,01-08-2024,09-01-2024,P284,Paneer,Dairy,Dairy,Mother Dairy,3.05,187,169,10,8,1351,CASH ON DELIVERY,Returned,27,3,Average,Limited,Pending
ORD104633,CUST7328,Christopher Lad,52,Other,Maharashtra,Pune,Baner,953908,21-03-2025,24-03-2025,P435,Namkeen,Snacks,Snacks, Haldiram ,3.34,527,376,29,5,1878,GOOGLE PAY,Cancelled,53,3,Good,Limited,Cancelled
ORD104195,CUST1342,Laksh Rajagopalan,76,Female,Delhi,New Delhi,Saket,592645,11-05-2024,13-05-2024,P451,Cleaner,Household Items,Household Items,Lizol,4.39,762,593,22,7,4149,CASH,Returned,78,4,Average,Out of Stock,Cancelled
ORD103644,CUST2873,Ekani Divan,21,Male,Karnataka,pune,Koramangala,219874,20-01-2025,22-01-2025,P867,Juice,Beverages,Beverages,Real,0.44,469,403,14,8,3224,Debit Card,Delivered,74,3,Damaged item,Limited,Delivered
ORD103813,CUST9408,Triveni Contractor,55,Male,Tamil Nadu,Coimbatore,RS Puram,312660,21-05-2025,23-05-2025,P859,Juice,Beverages,Beverages,Real,3.79,206,185,10,5,926,GPAY,Delivered,27,3,Late delivery,Limited,Cancelled
ORD103449,CUST7401,Brinda Sur,46,Male,Tamil Nadu,Mumbai,Gokulam,467771,20-09-2024,23-09-2024,P993,Sugar,Grocery,Grocery,Madhur,2.63,736,616,16,7,4310,UPI,Delivered,38,4,Average,In Stock,Pending
ORD103893,CUST4061,Xavier Toor,23,Male,Gujarat,Ahmedabad,Navrangpura,372869,27-11-2025,28-11-2025,P485,Shampoo,Personal Care,Personal Care,Clinic Plus,3.03,43,29,32,3,86,Debit Card,Returned,84,3,Late delivery,Limited,Cancelled
ORD104945,CUST8289,Aarush Agate,52,Male,Telangana,Hyderbad,Madhapur,94906,12-07-2025,16-07-2025,P786,Cleaner,Household Items,Household Items,Lizol,2.6,274,262,4,6,1571,CASH,Cancelled,68,3,Average,Out of Stock,Cancelled
ORD102882,CUST6770,Wriddhish Gara,20,Female,Maharashtra,Pune,Wakad,483742,25-01-2025,29-01-2025,P882,Namkeen,Snacks,Snacks,Haldiram,1.59,126,110,13,6,659,Debit Card,Delivered,31,5,Late delivery,In Stock,Cancelled
ORD100441,CUST4607,Yutika Lalla,58,Other,Gujarat,Surat,Adajan,452184,23-12-2025,27-12-2025,P581,Frozen Peas,Frozen Food,Frozen Food,Safal,0.84,169,139,18,6,832,Debit Card,Pending,800,4,Excellent,In Stock,Pending
ORD100264,CUST2391,Abha Dora,33,Other,Karnataka,Mysore,Gokulam,787910,15-12-2024,18-12-2024,P217,Curd,Dairy,Dairy,Britannia,1.75,354,353,0,2,706,UPI,Cancelled,83,4,Average,Out of Stock,Returned
ORD103331,CUST5586,Warhi Kashyap,26,Male,Gujarat,Ahmedabad,Navrangpura,467598,06-09-2025,10-06-2025,P291,Namkeen,Snacks,Snacks,Haldiram,3.59,603,474,21,6,2842,CASH,Pending,10,3,Average,Limited,Delivered
ORD102030,CUST7911,Rudra Dayal,19,Male,West Bengal,Kolkata,Howrah,795732,30-09-2024,04-10-2024,P247,Biscuits,Snacks,Snacks,Parle,1.44,83,61,26,3,184,UPI,Cancelled,70,4,Average,In Stock,Returned
ORD103120,CUST9250,Arunima Shanker,78,Other,West Bengal,Kolkata,Salt Lake,889113,06-10-2025,13-06-2025,P250,Soap,Personal Care,Personal Care,Dove,0.31,430,265,38,1,265,GOOGLE PAY,Cancelled,26,2,Damaged item,Limited,Pending
ORD103291,CUST1186,Azad Reddy,75,Female,Tamil Nadu,Chennai,Anna Nagar,54836,11-07-2024,15-07-2024,P696,Tomato,Fruits & Vegetables,Fruits & Vegetables,Organic India,0.35,579,569,2,6,3412,GPAY,Delivered,56,3,Average,In Stock,Delivered
ORD100062,null,Dayita Dora,56,Female,Telangana,Unknown,Gachibowli,487079,16-03-2025,20-03-2025,P844,Frozen Peas,Frozen Food,Frozen Food,Safal,4.36,406,323,27,3,1488,Unknown,Pending,29,3,Average,In Stock,Pending
ORD102505,CUST1739,Anvi Murty,52,Other,Karnataka,PUNE,VV Mohalla,984718,12-06-2024,12-06-2024,P915,Toothpaste,Personal Care,Personal Care, Colgate ,1.25,83,71,14,3,214,UPI,Returned,10,3,Excellent,Out of Stock,Pending
ORD102165,CUST1738,Mahika Chowdhury,25,Female,Gujarat,Ahmedabad,Navrangpura,2662,11-02-2025,14-02-2025,P987,Tomato,Fruits & Vegetables,Fruits & Vegetables,Organic India,3.08,68,59,13,8,476,CASH ON DELIVERY,Delivered,5,2,Good,In Stock,Delivered
ORD100870,null,Henry Kamdar,27,Male,Gujarat,Unknown,Adajan,590191,01-11-2025,13-01-2025,P442,Frozen Peas,Frozen Food,Frozen Food,Safal,0.3,406,323,7,2,1488,Unknown,Pending,29,3,Average,Out of Stock,Pending
ORD101281,CUST6267,Dayita Sani,29,Female,Karnataka,Mysore,Gokulam,71830,05-10-2024,13-05-2024,P549,Sugar,Grocery,Grocery,Madhur,0.17,475,294,38,5,1468,GPAY,Pending,85,1,Excellent,Limited,Pending
ORD100716,CUST3902,Keya Karpe,46,Male,Karnataka,Bangalore,Whitefield,906748,06-03-2025,06-06-2025,P515,Tomato,Fruits & Vegetables,Fruits & Vegetables,Organic India,3.61,489,428,13,2,855,GOOGLE PAY,Pending,14,3,Average,In Stock,Pending
ORD100724,null,Chandani Mody,41,Female,Karnataka,Unknown,Gokulam,649811,17-02-2024,18-02-2024,P125,Biscuits,Snacks,Snacks,Parle,3.51,406,323,8,4,1488,Unknown,Pending,31,1,Average,Out of Stock,Pending
ORD102964,null,Rehaan Golla,36,Male,Tamil Nadu,Unknown,T Nagar,227968,26-11-2024,30-11-2024,P338,Detergent,Household Items,Household Items,Surf Excel,4.8,406,323,40,4,1488,Unknown,Pending,33,2,Average,Out of Stock,Pending
ORD104609,CUST2123,Bimala Padmanabhan,47,Female,Karnataka,Mysore,VV Mohalla,625098,24-08-2025,27-08-2025,P922,Soft Drink,Beverages,Beverages,Coca-Cola,0.6,646,586,9,2,1172,CASH,Pending,36,5,Good,Limited,Pending
ORD103533,CUST3837,Harish Dar,51,Other,Karnataka,Bangalore,Whitefield,875844,20-05-2025,21-05-2025,P320,Namkeen,Snacks,Snacks,Haldiram,0.28,394,263,33,6,1577,UPI,Delivered,48,5,Damaged item,Limited,Cancelled
ORD104367,CUST4470,Anusha Chatterjee,20,Other,Maharashtra,Mumbai,Dadar,409690,20-02-2024,24-02-2024,P213,Detergent,Household Items,Household Items,Surf Excel,4.47,328,202,39,3,605,CASH,Pending,49,5,Damaged item,Limited,Cancelled
ORD102051,null,Wishi Sharaf,74,Male,Karnataka,Unknown, Koramangala ,808996,05-02-2025,05-02-2025,P743,Paneer,Dairy,Dairy,Mother Dairy,1.94,406,323,24,5,1488,Unknown,Pending,36,3,Average,Out of Stock,Pending
ORD103550,CUST6183,Ekapad Balakrishnan,53,Male,Telangana,Hyderabad,Gachibowli,804262,20-04-2025,24-04-2025,P271,Rice,Grocery,Grocery,India Gate,1.44,270,230,15,5,1261,CASH,Pending,75,5,Average,Out of Stock,Returned
ORD104912,CUST1551,Ishwar Sanghvi,68,Other,maharashtra,Hyderabad,Madhapur,1772,21-12-2025,25-12-2025,P637,Tea,Beverages,Beverages,Tata Tea,4.87,614,519,15,8,4156,UPI,Pending,27,3,Excellent,Limited,Cancelled
ORD103117,CUST3713,Anay Viswanathan,24,Male,West Bengal,Kolkata,Salt Lake,249580,20-11-2025,20-11-2025,P123,Banana,Fruits & Vegetables,Fruits & Vegetables,FreshFarm,4.21,506,491,3,1,491,UPI,Returned,21,3,Average,In Stock,Delivered
ORD104656,CUST9587,Jeevika Ramachandran,42,Male,maharashtra,Kolkata,Salt Lake,89705,17-05-2024,20-05-2024,P819,Soap,Personal Care,Personal Care,Dove,4.18,198,182,8,3,545,Debit Card,Pending,48,3,Excellent,In Stock,Returned
ORD100908,CUST3265,Vivaan Sehgal,29,Male,Maharashtra,Pune,Hinjewadi,344961,12-08-2025,12-08-2025,P775,Chips,Snacks,Snacks,Lay's,0.45,557,334,40,5,1672,CASH,Pending,45,1,Average,Limited,Returned
ORD103587,null,Oscar Yohannan,38,Female,Gujarat,Hyderbad,Adajan,420042,17-04-2025,19-04-2025,P971,Tomato,Fruits & Vegetables,Fruits & Vegetables,Organic India,4.32,406,323,2,6,1488,Unknown,Pending,36,3,Average,In Stock,Pending
ORD102470,CUST4369,Unni Jani,76,Male,West Bengal,Kolkata, Howrah ,744949,01-10-2025,04-10-2025,P635,Toothpaste,Personal Care,Personal Care,Colgate,4.88,249,167,33,1,167,UPI,Pending,-12,3,Excellent,In Stock,Pending
ORD100019,CUST6421,Maya Kale,31,Other,Tamil Nadu,Chennai, Anna Nagar ,652935,05-10-2024,07-10-2024,P163,Juice,Beverages,Beverages,Real,1.11,717,453,37,6,2718,GPAY,Returned,60,3,Good,Limited,Returned
ORD102938,CUST3534, Radha Verma ,56,Male,Tamil Nadu,Chennai,T Nagar,766744,15-08-2024,15-08-2024,P821,Atta,Grocery,Grocery,Aashirvaad,3.09,194,131,33,6,783,GPAY,Pending,74,3,Damaged item,In Stock,Returned
ORD100749,CUST3452,Jasmit Rama,49,Female,Telangana,Hyderabad,Gachibowli,725899,20-05-2024,20-05-2024,P685,Bread,Bakery,Bakery,Britannia,1.29,152,150,1,5,751,CASH ON DELIVERY,Returned,19,4,Damaged item,Limited,Returned
ORD100314,CUST8643,Geetika Khalsa,58,Other,Delhi,New Delhi,Saket,779404,02-11-2024,05-11-2024,P592,Toothpaste,Personal Care,Personal Care,Colgate,3.7,147,115,22,6,599,Debit Card,Cancelled,37,4,Late delivery,Out of Stock,Pending
ORD100625,CUST4423,Ishita Goswami,36,Female,Delhi,New Delhi,Rohini,596749,17-05-2024,20-05-2024,P363,Toothpaste,Personal Care,Personal Care,Colgate,2.98,545,401,26,1,401,CASH ON DELIVERY,Delivered,35,3,Late delivery,In Stock,Delivered
ORD104763,CUST4479,George Deep,26,Male,Tamil Nadu,Chennai,T Nagar,622340,26-09-2024,30-09-2024,P384,Juice,Beverages,Beverages,Real,1.78,611,451,26,6,2708,CASH,Cancelled,66,2,Good,Limited,Cancelled
ORD103408,CUST3847,Upasna Chandra,70,Male,Telangana,Hyderabad,Banjara Hills,512737,16-11-2025,20-11-2025,P178,Frozen Peas,Frozen Food,Frozen Food,Safal,2.81,772,701,9,2,1402,GPAY,Delivered,12,3,Average,Limited,Returned
ORD103165,CUST2353,Manan Samra,65,Other,Delhi,New Delhi,Rohini,554733,14-01-2025,14-01-2025,P766,Frozen Peas,Frozen Food,Frozen Food,Safal,3.36,387,324,16,6,1945,CASH,Cancelled,28,3,Excellent,Limited,Cancelled
ORD103149,CUST6608,Jatin Devan,52,Other,Karnataka,Bangalore,Whitefield,811040,30-03-2025,03-04-2025,P286,Chips,Snacks,Snacks,Lay's,3.29,97,78,20,7,387,GOOGLE PAY,Pending,52,3,Average,In Stock,Delivered
ORD103798,CUST8329,Anmol Tailor,21,Male,maharashtra,Hyderabad,Madhapur,780378,14-03-2025,15-03-2025,P583,Sugar,Grocery,Grocery, Madhur ,3.73,484,360,26,8,2882,GOOGLE PAY,Pending,44,3,Average,Out of Stock,Cancelled
ORD102105,CUST9473,Imaran Mukhopadhyay,58,Male,Telangana,Hyderabad,Banjara Hills,82989,22-12-2024,22-12-2024,P216,Bread,Bakery,Bakery,Britannia,3.55,526,476,9,1,476,CASH ON DELIVERY,Cancelled,31,2,Excellent,Limited,Delivered
ORD103256,CUST1967,Mason Mohan,43,Male,Maharashtra,Nagpur,Dharampeth,125558,15-01-2024,15-01-2024,P333,Sugar,Grocery,Grocery,Madhur,4.17,94,87,8,3,260,Debit Card,Cancelled,33,5,Average,Limited,Pending
ORD101622,CUST8843,Zashil Balay,58,Male,Tamil Nadu,Mumbai,Park Street,112471,25-01-2024,25-01-2024,P963,Rice,Grocery,Grocery,India Gate,1.35,710,671,5,4,2685,Debit Card,Cancelled,57,3,Excellent,Limited,Cancelled
ORD100134,CUST7102,Utkarsh Thaker,25,Female,Karnataka,Bangalore, Whitefield ,731199,04-12-2025,12-04-2025,P281,Rice,Grocery,Grocery, India Gate ,4.81,570,404,29,6,2425,GPAY,Cancelled,38,2,Average,Out of Stock,Delivered
ORD104581,CUST5322,Quincy D’Alia,26,Other,Telangana,pune,Banjara Hills,982905,23-05-2024,27-05-2024,P631,Cake,Bakery,Bakery,Monginis,1.15,313,242,23,5,1210,CASH ON DELIVERY,Cancelled,60,1,Damaged item,Out of Stock,Pending
ORD103909,CUST7650,Ikbal Sarraf,74,Female,Karnataka,Mysore,Gokulam,952618,13-05-2025,13-05-2025,P229,Juice,Beverages,Beverages,Real,3.36,666,519,22,6,3111,GPAY,Cancelled,58,2,Good,Limited,Returned
ORD100243,CUST1898,Akshay Seth,61,Other,West Bengal,Kolkata,Howrah,987397,02-03-2024,05-02-2024,P152,Toothpaste,Personal Care,Personal Care,Colgate,0.64,607,534,12,7,3737,GOOGLE PAY,Returned,50,1,Excellent,Out of Stock,Pending
ORD102562,CUST1431,Fariq Yogi,26,Other,Delhi,New Delhi,Saket,289133,17-07-2024,19-07-2024,P583,Bread,Bakery,Bakery, Britannia ,0.17,315,306,3,7,2141,CASH,Returned,14,3,Average,Out of Stock,Cancelled
ORD103195,CUST4783,Ijaya Mohan,27,Female,Gujarat,Hyderbad,Adajan,725352,24-04-2025,26-04-2025,P660,Tomato,Fruits & Vegetables,Fruits & Vegetables,Organic India,0.93,793,594,25,5,2970,CASH,Returned,31,5,Damaged item,In Stock,Pending
ORD101050,null,Eiravati Gokhale,36,Other,Maharashtra,Unknown,Dharampeth,893736,29-08-2025,09-02-2025,P544,Milk,Dairy,Dairy,Amul,2.21,406,323,18,6,1488,Unknown,Pending,86,1,Average,Limited,Pending
ORD104222,CUST7908,Vaishnavi Pai,43,Female,Maharashtra,Pune,Wakad,421809,28-05-2025,28-05-2025,P408,Tomato,Fruits & Vegetables,Fruits & Vegetables,Organic India,3.87,388,372,4,2,744,UPI,Delivered,9,3,Excellent,Limited,Delivered
ORD103690,CUST8994,Libni Batra,29,Other,Tamil Nadu,Chennai,Velachery,695223,28-03-2024,31-03-2024,P468,Paneer,Dairy,Dairy,Mother Dairy,0.5,203,153,24,2,306,GOOGLE PAY,Returned,40,3,Late delivery,Limited,Cancelled
ORD104444,CUST7199,Balhaar Chakrabarti,38,Male,West Bengal,Kolkata,Salt Lake,577580,06-11-2024,07-11-2024,P778,Tomato,Fruits & Vegetables,Fruits & Vegetables,Organic India,1.58,760,709,7,1,709,CASH,Delivered,48,3,Damaged item,Limited,Delivered
ORD101142,CUST1612,Radha Nadig,18,Male,Delhi,New Delhi,Saket,313063,12-04-2024,16-04-2024,P139,Atta,Grocery,Grocery,Aashirvaad,1.92,142,105,27,7,732,CASH ON DELIVERY,Returned,39,1,Late delivery,Out of Stock,Delivered
ORD101127,CUST1910,Azad Sekhon,54,Female,West Bengal,Kolkata,Salt Lake,634870,04-11-2024,07-11-2024,P516,Frozen Peas,Frozen Food,Frozen Food,Safal,0.43,334,202,40,4,807,Debit Card,Cancelled,89,2,Damaged item,Limited,Returned
ORD102581,CUST3110,Dalaja Chanda,80,Female,Maharashtra,Nagpur,Sitabuldi,318241,05-04-2024,04-06-2024,P266,Bread,Bakery,Bakery,Britannia,4.48,555,499,10,7,3490,GPAY,Pending,87,1,Late delivery,Out of Stock,Pending
ORD100123,CUST4584,Hritik Bala,20,Male,Delhi,New Delhi,Saket,81696,31-07-2025,01-08-2025,P100,Toothpaste,Personal Care,Personal Care,Colgate,1.73,673,622,8,4,2486,CASH,Pending,37,3,Average,In Stock,Cancelled
ORD101545,CUST3105,Omisha Palla,79,Other,Gujarat,Surat,Vesu,318134,09-06-2024,06-10-2024,P303,Biscuits,Snacks,Snacks,Parle,4.28,689,661,4,8,5292,GOOGLE PAY,Delivered,52,1,Average,Out of Stock,Pending
ORD104848,CUST6208,Quincy Khatri,61,Female,West Bengal,Kolkata,Park Street,842319,22-09-2025,25-09-2025,P339,Paneer,Dairy,Dairy,Mother Dairy,1.68,461,303,34,7,2118,GOOGLE PAY,Returned,20,3,Excellent,In Stock,Delivered
ORD100407,CUST5762,Jason Vohra,25,Male,Tamil Nadu,Coimbatore,RS Puram,799101,19-03-2024,20-03-2024,P271,Biscuits,Snacks,Snacks,Parle,3.8,483,477,1,1,477,Debit Card,Delivered,10,3,Average,Limited,Cancelled
ORD101234,CUST8008,Vidhi Chawla,36,Other,Maharashtra,Nagpur,Sitabuldi,159059,07-08-2025,09-08-2025,P241,Biscuits,Snacks,Snacks,Parle,4.19,703,457,35,6,2742,CASH ON DELIVERY,Returned,57,3,Excellent,Out of Stock,Pending
ORD100880,CUST5146,Lajita Baria,42,Female,Delhi,New Delhi,Rohini,769836,28-06-2024,07-01-2024,P941,Curd,Dairy,Dairy,Britannia,4.39,545,519,5,4,2076,UPI,Delivered,31,1,Average,Limited,Cancelled
ORD101518,null,Girik Mukhopadhyay,72,Other,Gujarat,Unknown,Adajan,12033,30-09-2024,02-10-2024,P517,Bread,Bakery,Bakery,Britannia,3.19,406,323,10,8,1488,Unknown,Pending,84,3,Average,Limited,Pending
ORD103960,CUST5810,Sanaya Bail,49,Female,Gujarat,Surat,Vesu,540286,02-04-2025,05-02-2025,P257,Toothpaste,Personal Care,Personal Care,Colgate,2.33,429,314,27,2,648,Debit Card,Delivered,-16,1,Average,Out of Stock,Returned
ORD100202,CUST3262,Harrison Char,52,Female,Delhi,New Delhi,Rohini,485927,06-05-2024,06-08-2024,P636,Sugar,Grocery,Grocery,Madhur,4.56,730,534,27,5,2669,GPAY,Pending,33,5,Late delivery,Out of Stock,Delivered
ORD100028,CUST8699,Atharv Warrior,44,Female,West Bengal,Kolkata,Howrah,149737,11-04-2024,12-04-2024,P395,Curd,Dairy,Dairy,Britannia,3.56,226,143,37,4,573,CASH ON DELIVERY,Returned,84,3,Late delivery,Out of Stock,Pending
ORD104480,null,Advika Balakrishnan,80,Male,Maharashtra,Unknown, Baner ,240122,28-08-2024,29-08-2024,P642,Apple,Fruits & Vegetables,Fruits & Vegetables,Kashmir Fresh,1.16,406,323,32,4,1488,Unknown,Pending,42,2,Average,Out of Stock,Pending
ORD101766,null,Xalak Kara,18,Other,Tamil Nadu,Unknown,Peelamedu,549730,22-03-2024,26-03-2024,P626,Milk,Dairy,Dairy,Amul,3.48,406,323,32,3,1488,Unknown,Pending,23,4,Average,Out of Stock,Pending
ORD102522,CUST4595,Shaurya Basak,35,Female,Maharashtra,Nagpur,Dharampeth,271914,11-05-2024,05-12-2024,P799,Bread,Bakery,Bakery,Britannia,3,351,282,19,4,1129,GPAY,Delivered,28,3,Good,Out of Stock,Cancelled
ORD101752,CUST5766,Sai Amble,28,Male,West Bengal,Kolkata,Park Street,687707,22-05-2025,26-05-2025,P167,Bread,Bakery,Bakery, Britannia ,4.45,507,346,32,4,1385,GPAY,Cancelled,54,3,Excellent,Out of Stock,Returned
ORD101312,CUST5940,Max Hora,68,Other,Tamil Nadu,Chennai,T Nagar,624771,27-07-2024,29-07-2024,P130,Frozen Peas,Frozen Food,Frozen Food,Safal,2.56,566,534,6,8,4272,Debit Card,Delivered,8,2,Good,Out of Stock,Delivered
ORD101364,null, Theodore Sridhar ,22,Male,Karnataka,Unknown,Indiranagar,219720,16-04-2024,16-04-2024,P441,Juice,Beverages,Beverages,Real,4.8,406,323,5,7,1488,Unknown,Pending,-11,1,Average,Out of Stock,Pending
ORD101576,CUST9156,Divya Bumb,78,Male,Telangana,Hyderabad,Madhapur,685467,16-04-2024,18-04-2024,P218,Biscuits,Snacks,Snacks,Parle,4.45,556,417,25,1,417,GPAY,Delivered,17,1,Late delivery,Limited,Cancelled
ORD101274,CUST2880,Mekhala Patil,20,Female,West Bengal,PUNE,Park Street,522598,28-09-2024,29-09-2024,P333,Bread,Bakery,Bakery,Britannia,0.55,703,557,21,8,4460,GPAY,Delivered,20,1,Average,In Stock,Delivered
ORD104439,CUST6315,Gayathri Sridhar,44,Female,Gujarat,Surat,Adajan,223873,02-03-2025,03-05-2025,P521,Frozen Peas,Frozen Food,Frozen Food,Safal,4.46,616,389,37,5,1943,Debit Card,Pending,51,5,Damaged item,Out of Stock,Returned
ORD104155,CUST4348,Chatresh Wali,22,Other,Delhi,pune,Rohini,254107,30-06-2024,02-07-2024,P996,Detergent,Household Items,Household Items,Surf Excel,1.57,180,139,23,3,488,Debit Card,Pending,27,4,Good,In Stock,Delivered
ORD100911,CUST9127,Lekha Sama,37,Female,Tamil Nadu,Chennai, Velachery ,12350,30-09-2025,10-04-2025,P763,Shampoo,Personal Care,Personal Care,Clinic Plus,4.36,126,90,28,5,491,GPAY,Cancelled,24,2,Damaged item,Out of Stock,Returned
ORD104802,CUST7432,Wriddhish Biswas,53,Female,maharashtra,Hyderabad,Gachibowli,99824,04-09-2024,13-04-2024,P785,Soft Drink,Beverages,Beverages,Coca-Cola,4.88,676,550,19,2,1100,UPI,Pending,17,1,Good,In Stock,Pending
ORD102497,CUST5640,Aachal Suri,73,Female,Karnataka,Bangalore,Indiranagar,480787,07-04-2024,10-04-2024,P364,Juice,Beverages,Beverages,Real,0.22,797,573,28,6,3441,Debit Card,Cancelled,9,3,Excellent,In Stock,Returned
ORD102188,null,Eiravati Mahal,79,Other,Maharashtra,Unknown,Andheri,673331,01-09-2024,04-09-2024,P637,Soap,Personal Care,Personal Care,Dove,0.33,406,323,4,1,1488,Unknown,Pending,11,4,Average,Out of Stock,Pending
ORD104800,CUST7091,Megha Lad,29,Female,Gujarat,Surat,Adajan,716891,06-03-2024,09-03-2024,P302,Cake,Bakery,Bakery,Monginis,4.1,676,666,1,1,666,GPAY,Pending,26,5,Excellent,Limited,Delivered
ORD104958,CUST3095,Ethan Prasad,64,Male,Karnataka,Bangalore,Indiranagar,580971,02-05-2024,05-02-2024,P764,Bread,Bakery,Bakery,Britannia,2.47,776,648,17,8,5180,UPI,Returned,17,3,Average,In Stock,Delivered
ORD101090,CUST6933,Rajata De,65,Other,Karnataka,Bangalore,Whitefield,712275,16-01-2025,18-01-2025,P518,Cleaner,Household Items,Household Items, Lizol ,2.07,671,583,13,1,583,UPI,Cancelled,70,3,Good,In Stock,Returned
ORD102916,null,Yatan Saran,41,Other,Telangana,Unknown,Madhapur,192171,09-10-2025,11-10-2025,P125,Tomato,Fruits & Vegetables,Fruits & Vegetables,Organic India,2.16,406,323,33,8,1488,Unknown,Pending,32,5,Average,Out of Stock,Pending
ORD101308,CUST8317,Oliver Sehgal,63,Female,West Bengal,pune,Park Street,366778,26-12-2024,30-12-2024,P557,Soap,Personal Care,Personal Care,Dove,3.86,307,225,27,4,901,GPAY,Returned,27,3,Excellent,Limited,Pending
ORD102079,null,Hema Dey,18,Female,Gujarat,Unknown,Navrangpura,673517,29-11-2025,02-12-2025,P606,Tea,Beverages,Beverages,Tata Tea,4.26,406,323,33,5,1488,Unknown,Pending,45,4,Average,Out of Stock,Pending
ORD103803,CUST8613,Orinder Sengupta,52,Female,Maharashtra,Nagpur,Dharampeth,879064,11-03-2024,14-03-2024,P891,Soft Drink,Beverages,Beverages,Coca-Cola,1.85,510,440,14,7,3083,CASH,Returned,61,4,Average,Out of Stock,Pending
ORD100964,CUST7747,Ladli Cheema,24,Female,West Bengal,Kolkata,Salt Lake,699398,22-01-2025,26-01-2025,P160,Rice,Grocery,Grocery,India Gate,3.39,692,487,30,7,3410,Debit Card,Delivered,8,2,Average,In Stock,Delivered
ORD103202,CUST7648,Quincy Bhatia,48,Female,Karnataka,Mysore,VV Mohalla,695349,31-05-2025,04-06-2025,P710,Rice,Grocery,Grocery,India Gate,3.43,286,188,35,8,1500,CASH ON DELIVERY,Returned,31,3,Late delivery,Out of Stock,Cancelled
ORD100542,CUST1268,Elijah Nadkarni,78,Female,Tamil Nadu,Chennai,T Nagar,514444,09-10-2025,10-10-2025,P377,Soap,Personal Care,Personal Care,Dove,1.75,305,236,23,7,1653,UPI,Returned,20,2,Excellent,Limited,Cancelled
ORD103661,CUST4598,Caleb Batra,94,Male,Karnataka,Mysore,Gokulam,376020,18-07-2024,22-07-2024,P193,Paneer,Dairy,Dairy,Mother Dairy,1.85,219,146,33,5,728,GOOGLE PAY,Returned,16,3,Late delivery,Limited,Cancelled
ORD100914,CUST2199,Chanakya Agrawal,32,Male,Delhi,New Delhi,Rohini,331726,13-04-2024,14-04-2024,P547,Banana,Fruits & Vegetables,Fruits & Vegetables,FreshFarm,3.73,535,516,4,2,1032,UPI,Pending,8,5,Average,Limited,Cancelled
ORD104233,CUST5425,Hredhaan Mitter,42,Female,Tamil Nadu,Coimbatore,Peelamedu,936654,22-08-2025,23-08-2025,P771,Cake,Bakery,Bakery,Monginis,1.97,122,74,40,3,221,GPAY,Returned,62,5,Good,Out of Stock,Cancelled
ORD103468,CUST1956,Vasatika Soni,48,Male,Karnataka,Mysore,Gokulam,31157,03-03-2024,03-06-2024,P325,Soap,Personal Care,Personal Care,Dove,4.67,565,530,6,5,2652,CASH,Cancelled,81,1,Average,Out of Stock,Delivered
ORD102374,CUST7539,Ganga Wagle,68,Other,Delhi,New Delhi, Dwarka ,940309,09-09-2025,11-09-2025,P112,Cleaner,Household Items,Household Items,Lizol,1.93,246,232,6,3,639,CASH,Delivered,10,3,Average,In Stock,Cancelled
ORD104109,CUST5634,Adya More,38,Male,Tamil Nadu,Coimbatore,Peelamedu,959210,28-06-2025,30-06-2025,P929,Shampoo,Personal Care,Personal Care,Clinic Plus,4.62,345,320,7,2,640,UPI,Returned,82,1,Good,Out of Stock,Returned
ORD100458,CUST9281,Falguni Sawhney,20,Female,Delhi,New Delhi,Saket,377128,14-11-2025,14-11-2025,P864,Ice Cream,Frozen Food,Frozen Food,Amul,4.23,170,154,10,2,308,UPI,Cancelled,33,5,Excellent,In Stock,Cancelled
ORD101968,CUST5882, Charvi Dhingra ,66,Female,Telangana,PUNE,Madhapur,104092,12-11-2024,16-11-2024,P673,Soap,Personal Care,Personal Care,Dove,3.09,643,576,10,2,1151,UPI,Cancelled,58,1,Damaged item,Limited,Cancelled
ORD104479,CUST4630,Isaiah Patil,18,Female,Tamil Nadu,Coimbatore,Peelamedu,746173,07-08-2024,08-11-2024,P271,Namkeen,Snacks,Snacks, Haldiram ,4.99,37,23,37,4,92,CASH,Pending,46,5,Damaged item,In Stock,Pending
ORD104655,CUST9651,Dhruv Sura,22,Female,Tamil Nadu,Chennai,Velachery,828182,03-06-2024,06-05-2024,P929,Sugar,Grocery,Grocery,Madhur,3.04,749,500,33,1,500,CASH ON DELIVERY,Returned,83,2,Average,Limited,Pending
ORD103729,CUST6133,Isaiah Gupta,38,Female,Telangana,Hyderabad,Gachibowli,182327,23-05-2025,23-05-2025,P831,Tomato,Fruits & Vegetables,Fruits & Vegetables,Organic India,1.56,574,384,33,5,1918,UPI,Returned,65,4,Good,In Stock,Cancelled
ORD101655,CUST3019,Nandini Mishra,74,Female,West Bengal,Kolkata,Park Street,344377,31-10-2025,03-11-2025,P871,Curd,Dairy,Dairy,Britannia,0.48,377,260,31,4,1041,CASH ON DELIVERY,Returned,48,5,Damaged item,Out of Stock,Returned
ORD104696,CUST8952,Michael Shukla,79,Other,Maharashtra,Mumbai,Andheri,885160,26-07-2025,29-07-2025,P415,Bread,Bakery,Bakery,Britannia,2.64,472,421,11,1,421,CASH,Returned,42,1,Damaged item,In Stock,Cancelled
ORD103637,CUST8500,Devansh Vala,38,Female,Telangana,Hyderabad,Madhapur,462655,07-07-2025,08-07-2025,P672,Shampoo,Personal Care,Personal Care,Clinic Plus,2.76,408,266,35,8,2131,GOOGLE PAY,Pending,32,3,Average,Limited,Delivered
ORD104710,CUST1627,Charvi Nadkarni,35,Male,Karnataka,Mysore,Gokulam,114140,12-09-2024,13-09-2024,P299,Bread,Bakery,Bakery,Britannia,2.98,251,205,19,7,1433,Debit Card,Returned,64,3,Average,Limited,Cancelled
ORD102972,CUST4292,Daniel Ray,52,Other,Karnataka,Mysore,VV Mohalla,528560,18-05-2024,22-05-2024,P801,Shampoo,Personal Care,Personal Care,Clinic Plus,4.13,778,641,18,4,2564,GOOGLE PAY,Pending,82,4,Average,In Stock,Returned
ORD104321,CUST7909,Fiyaz Madan,75,Male,Karnataka,Mysore,Gokulam,956532,04-06-2025,09-04-2025,P556,Frozen Peas,Frozen Food,Frozen Food,Safal,2.39,65,40,39,4,160,UPI,Pending,74,3,Excellent,In Stock,Pending
ORD102434,CUST3553,Varsha Dave,76,Female,Maharashtra,Nagpur,Sitabuldi,111217,19-07-2024,19-07-2024,P729,Rice,Grocery,Grocery,India Gate,2.28,56,53,6,8,424,CASH ON DELIVERY,Pending,54,3,Excellent,Out of Stock,Pending
ORD104111,CUST8861,Baghyawati Solanki,45,Male,Maharashtra,Pune,Kothrud,279951,06-10-2024,13-06-2024,P353,Banana,Fruits & Vegetables,Fruits & Vegetables,FreshFarm,3.15,242,152,37,6,909,CASH,Cancelled,40,4,Excellent,In Stock,Delivered
ORD102815,CUST5035,Hemang Dyal,26,Male,West Bengal,PUNE,Salt Lake,114294,01-03-2025,05-03-2025,P149,Curd,Dairy,Dairy,Britannia,3.88,770,710,-5,8,5677,GPAY,Returned,877,5,Average,In Stock,Returned
ORD102212,CUST1573,Jagvi Mani,56,Male,Telangana,Hyderabad,Banjara Hills,61827,02-10-2024,04-10-2024,P494,Tomato,Fruits & Vegetables,Fruits & Vegetables,Organic India,3.77,697,694,1,7,4855,UPI,Cancelled,34,3,Excellent,Out of Stock,Delivered
ORD104757,CUST3279, Vritti Yohannan ,29,Other,Tamil Nadu,Coimbatore,Peelamedu,276110,21-08-2024,22-08-2024,P383,Curd,Dairy,Dairy,Britannia,1.31,349,254,27,7,1775,CASH,Cancelled,62,1,Excellent,In Stock,Returned
ORD102697,CUST8327,Vedika Choudhary,66,Female,Telangana,Hyderabad,Banjara Hills,898486,22-08-2024,25-08-2024,P454,Cleaner,Household Items,Household Items,Lizol,4.39,413,277,33,7,1939,Debit Card,Returned,80,1,Excellent,Out of Stock,Pending
ORD101796,CUST2302,Damyanti Pandey,67,Other,Tamil Nadu,Coimbatore,Peelamedu,25556,25-09-2024,25-09-2024,P618,Frozen Peas,Frozen Food,Frozen Food,Safal,4.11,523,435,17,2,870,UPI,Cancelled,36,3,Excellent,Limited,Delivered
ORD102488,CUST5103, Jacob Dara ,72,Other,Telangana,Hyderabad,Gachibowli,373512,15-09-2024,17-09-2024,P163,Sugar,Grocery,Grocery,Madhur,3.7,501,302,40,5,1508,UPI,Pending,41,4,Average,Out of Stock,Delivered
ORD104808,CUST6612,Yadavi Mangal,38,Other,Karnataka,Mysore, Gokulam ,949747,02-03-2024,02-03-2024,P179,Atta,Grocery,Grocery,Aashirvaad,0.34,323,210,35,1,210,CASH ON DELIVERY,Delivered,31,2,Damaged item,Limited,Cancelled
ORD104500,CUST7578,Vivaan Ganesh,74,Female,Gujarat,Surat,Adajan,546091,23-08-2024,23-08-2024,P419,Tea,Beverages,Beverages,Tata Tea,3.29,768,691,10,6,4144,Debit Card,Returned,60,1,Late delivery,In Stock,Pending
ORD103026,CUST9620,Ria Sanghvi,72,Male,Karnataka,Bangalore,Koramangala,303584,01-08-2025,01-08-2025,P641,Juice,Beverages,Beverages,Real,0.83,46,37,20,8,295,UPI,Returned,35,5,Average,Out of Stock,Returned
ORD103560,CUST8532,Vrishti Om,67,Male,Maharashtra,Nagpur,Sitabuldi,720979,06-06-2025,06-10-2025,P950,Paneer,Dairy,Dairy,Mother Dairy,4.85,24,15,37,5,76,CASH ON DELIVERY,Cancelled,77,4,Good,Limited,Delivered
ORD104172,CUST2753,Vedika Agrawal,44,Female,Telangana,Hyderbad,Banjara Hills,945708,24-05-2024,26-05-2024,P141,Namkeen,Snacks,Snacks,Haldiram,4.61,99,75,24,8,601,UPI,Returned,45,4,Average,In Stock,Returned
ORD102719,CUST4087,Forum Mahajan,46,Female,Delhi,New Delhi,Saket,740407,29-07-2024,31-07-2024,P552,Cake,Bakery,Bakery,Monginis,2.87,799,554,31,1,554,GPAY,Returned,9,5,Average,In Stock,Pending
ORD101428,CUST2600,Ekapad Behl,75,Other,Maharashtra,Pune,Wakad,504972,07-09-2024,07-09-2024,P750,Milk,Dairy,Dairy,Amul,1.67,397,244,39,7,1708,CASH,Delivered,39,3,Good,Limited,Delivered
ORD103945,CUST9862,Onveer Dada,43,Other,Karnataka,Bangalore,Whitefield,279529,09-02-2024,09-06-2024,P754,Ice Cream,Frozen Food,Frozen Food,Amul,2.62,141,93,34,5,465,UPI,Cancelled,38,4,Damaged item,Limited,Pending
ORD104114,CUST5254,Pavani Parmar,18,Male,Delhi,New Delhi,Rohini,107454,23-08-2024,25-08-2024,P415,Sugar,Grocery,Grocery,Madhur,1.6,184,138,25,8,1107,GOOGLE PAY,Delivered,46,5,Damaged item,Limited,Pending
ORD103378,CUST9408,Shivansh Krishnamurthy,21,Male,West Bengal,Kolkata,Salt Lake,694630,29-05-2024,30-05-2024,P227,Namkeen,Snacks,Snacks,Haldiram,3.19,334,236,29,2,473,GOOGLE PAY,Delivered,17,3,Late delivery,Limited,Delivered
ORD102688,CUST3363,Jagvi Palan,51,Male,Tamil Nadu,Coimbatore,Peelamedu,89822,26-02-2024,29-02-2024,P753,Biscuits,Snacks,Snacks,Parle,3.98,762,705,7,4,2822,UPI,Cancelled,14,3,Good,Limited,Delivered
ORD102181,null,Unnati Manne,68,Female,Karnataka,Unknown,Indiranagar,828685,05-01-2024,08-01-2024,P490,Curd,Dairy,Dairy,Britannia,0.17,406,323,40,8,1488,Unknown,Pending,56,2,Average,In Stock,Pending
ORD101440,CUST9744,Ria Saraf,37,Female,Gujarat,Surat,Adajan,346736,18-09-2024,18-09-2024,P793,Namkeen,Snacks,Snacks,Haldiram,2.33,469,356,24,4,1426,CASH,Pending,44,3,Average,Out of Stock,Cancelled
ORD104829,CUST5692,Lekha Kar,32,Female,West Bengal,Kolkata,Salt Lake,597422,10-09-2025,10-10-2025,P756,Chips,Snacks,Snacks,Lay's,2.13,631,512,19,6,3070,GPAY,Pending,30,5,Damaged item,Out of Stock,Pending
ORD100278,CUST4766,Jeevika Agrawal,21,Male,Delhi,New Delhi,Saket,490853,17-06-2024,19-06-2024,P366,Soap,Personal Care,Personal Care,Dove,0.9,616,407,34,8,3253,GPAY,Returned,14,4,Good,Out of Stock,Cancelled
ORD103528,CUST9418,Osha Warrior,24,Female,Telangana,Hyderabad,Banjara Hills,363811,07-05-2025,07-05-2025,P254,Shampoo,Personal Care,Personal Care,Clinic Plus,3.29,501,433,14,3,1298,CASH,Delivered,30,3,Damaged item,Out of Stock,Cancelled
ORD101678,null,Dayita Kapadia,76,Male,Karnataka,Unknown,Indiranagar,467109,13-02-2025,17-02-2025,P358,Ice Cream,Frozen Food,Frozen Food,Amul,0.1,406,323,22,2,1488,Unknown,Pending,23,1,Average,Out of Stock,Pending
ORD100692,CUST7392,Chavvi De,66,Male,Karnataka,Bangalore,Whitefield,79018,28-10-2024,29-10-2024,P281,Chips,Snacks,Snacks,Lay's,1.48,354,337,5,8,2697,UPI,Delivered,16,5,Average,Out of Stock,Returned
ORD101920,CUST6541,Ishita Deep,23,Other,Telangana,Hyderabad,Gachibowli,226762,08-04-2024,11-04-2024,P104,Shampoo,Personal Care,Personal Care,Clinic Plus,2.78,626,422,33,4,1689,UPI,Cancelled,58,3,Good,In Stock,Pending
ORD101169,CUST5140,Xalak Lata,13,Male,West Bengal,Kolkata,Howrah,609853,06-05-2024,09-05-2024,P201,Frozen Peas,Frozen Food,Frozen Food,Safal,2.24,498,465,7,7,3254,GOOGLE PAY,Returned,43,1,Average,Limited,Cancelled
ORD100328,CUST4541,Ayaan Sharaf,31,Female,West Bengal,Kolkata,Park Street,511276,28-10-2024,28-10-2024,P956,Banana,Fruits & Vegetables,Fruits & Vegetables,FreshFarm,3.21,151,131,-9,7,920,CASH,Delivered,76,3,Excellent,Out of Stock,Delivered
ORD102564,CUST4757,Januja Nadig,63,Other,Gujarat,Surat,Vesu,519673,01-07-2024,01-07-2024,P704,Detergent,Household Items,Household Items,Surf Excel,2.81,662,638,4,7,4465,GOOGLE PAY,Returned,81,4,Average,In Stock,Delivered
ORD101463,CUST5917,Nihal Chacko,67,Other,Karnataka,Bangalore,Koramangala,236503,26-09-2025,27-09-2025,P493,Toothpaste,Personal Care,Personal Care,Colgate,3.43,380,245,36,8,1962,GOOGLE PAY,Delivered,18,3,Average,Limited,Cancelled
ORD102032,CUST3080,Sai Ramesh,49,Male,Karnataka,Bangalore,Koramangala,195669,11-02-2025,06-11-2025,P691,Sugar,Grocery,Grocery,Madhur,4.32,404,359,11,2,718,Debit Card,Pending,8,3,Excellent,Out of Stock,Pending
ORD102421,CUST9670,Leela Babu,38,Other,Telangana,Hyderabad, Madhapur ,105725,24-11-2025,27-11-2025,P306,Curd,Dairy,Dairy,Britannia,2.91,214,171,20,4,682,CASH,Cancelled,10,3,Excellent,In Stock,Cancelled
ORD103019,null,Sathvik Chhabra,36,Other,Gujarat,Unknown,Adajan,619281,14-02-2025,16-02-2025,P115,Soft Drink,Beverages,Beverages,Coca-Cola,0.92,406,323,15,6,1488,Unknown,Pending,90,1,Average,Out of Stock,Pending
ORD103193,CUST4156,Tanay Borra,75,Female,Tamil Nadu,Coimbatore,Peelamedu,800997,05-10-2025,08-10-2025,P795,Paneer,Dairy,Dairy,Mother Dairy,0.65,435,296,32,5,1482,GOOGLE PAY,Delivered,15,4,Damaged item,Out of Stock,Pending
ORD101417,CUST3714,Ishani Chakraborty,53,Other,Maharashtra,Nagpur,Sitabuldi,277160,23-05-2024,25-05-2024,P573,Sugar,Grocery,Grocery,Madhur,3.31,523,414,21,7,2896,UPI,Cancelled,69,4,Average,In Stock,Pending
ORD102453,CUST1569,Baljiwan Morar,22,Other,Maharashtra,Nagpur,Sitabuldi,146259,04-07-2024,04-07-2024,P363,Biscuits,Snacks,Snacks,Parle,1.15,458,360,21,7,2523,CASH,Cancelled,16,3,Good,Limited,Cancelled
ORD102496,CUST7606,Baljiwan Mody,18,Other,Tamil Nadu,Chennai,Velachery,557546,31-07-2025,31-07-2025,P439,Namkeen,Snacks,Snacks,Haldiram,4.69,153,125,18,5,624,CASH,Pending,88,1,Average,In Stock,Pending
ORD103631,null,Vivaan Pillay,58,Male,Maharashtra,Unknown,Bandra,783709,24-02-2024,28-02-2024,P959,Bread,Bakery,Bakery,Britannia,1.55,406,323,22,3,1488,Unknown,Pending,13,2,Average,In Stock,Pending
ORD103657,CUST7487, Samarth Vaidya ,59,Male,Telangana,PUNE,Gachibowli,77150,22-05-2025,24-05-2025,P160,Curd,Dairy,Dairy,Britannia,3.09,589,535,9,8,4280,CASH,Pending,69,3,Average,In Stock,Returned
ORD101993,CUST5588,Niharika Narula,93,Female,Tamil Nadu,PUNE,Anna Nagar,667821,01-03-2024,04-01-2024,P282,Rice,Grocery,Grocery,India Gate,2.6,332,291,12,1,291,GPAY,Delivered,67,2,Average,In Stock,Delivered
ORD102242,CUST9882,Ekiya Sani,42,Male,Maharashtra,Nagpur,Sitabuldi,466319,13-11-2025,14-11-2025,P549,Biscuits,Snacks,Snacks,Parle,3.81,74,48,35,4,191,Debit Card,Returned,37,4,Damaged item,Out of Stock,Delivered
ORD103969,CUST4083,Karan Lata,42,Female,West Bengal,PUNE,Salt Lake,138767,22-10-2024,25-10-2024,P370,Toothpaste,Personal Care,Personal Care, Colgate ,3.14,48,39,19,4,157,CASH,Pending,44,3,Excellent,Limited,Cancelled
ORD104178,CUST7513,Dalbir Sekhon,27,Female,Delhi,New Delhi,Dwarka,464146,30-01-2025,02-02-2025,P342,Sugar,Grocery,Grocery,Madhur,4.31,202,154,24,4,614,CASH,Returned,81,5,Good,Out of Stock,Delivered
ORD100588,CUST2937, Harita Chokshi ,80,Female,Telangana,Hyderabad,Gachibowli,274871,07-05-2025,07-05-2025,P603,Namkeen,Snacks,Snacks,Haldiram,4.65,742,462,38,6,2774,GPAY,Pending,55,4,Average,In Stock,Cancelled
ORD101679,CUST4153,Damini Ben,40,Female,Karnataka,Mysore, Gokulam ,272209,13-11-2024,17-11-2024,P788,Juice,Beverages,Beverages,Real,4.26,615,471,23,5,2354,UPI,Delivered,48,1,Late delivery,Limited,Cancelled
ORD102684,CUST4740,Akshay Ramanathan,63,Male,Gujarat,pune,Navrangpura,519285,18-11-2024,21-11-2024,P265,Cake,Bakery,Bakery,Monginis,2.23,169,140,17,6,839,GPAY,Returned,67,2,Good,In Stock,Cancelled
ORD102813,CUST3209,Imaran Deep,80,Female,Tamil Nadu,Coimbatore,RS Puram,283262,15-04-2024,16-04-2024,P816,Cleaner,Household Items,Household Items,Lizol,2.48,217,132,39,7,927,CASH ON DELIVERY,Delivered,30,4,Late delivery,In Stock,Returned
ORD100478,CUST7527,Hardik Muni,70,Other,Gujarat,Surat,Vesu,330355,03-03-2025,05-03-2025,P509,Frozen Peas,Frozen Food,Frozen Food,Safal,3.61,578,487,16,2,975,CASH,Returned,45,1,Good,In Stock,Cancelled
ORD104890,CUST4697,Agastya Jha,71,Female,Telangana,pune,Gachibowli,274230,19-10-2025,20-10-2025,P843,Tea,Beverages,Beverages,Tata Tea,0.97,321,285,11,3,856,CASH,Delivered,16,3,Excellent,Limited,Delivered
ORD100822,CUST3260,Chameli Nadig,63,Female,maharashtra,Hyderabad,Madhapur,864135,25-11-2024,28-11-2024,P116,Paneer,Dairy,Dairy,Mother Dairy,4.07,241,230,4,5,1152,CASH ON DELIVERY,Delivered,15,5,Late delivery,In Stock,Pending
ORD102909,CUST6196,Hemal Choudhary,73,Male,Delhi,New Delhi,Dwarka,526743,20-07-2025,22-07-2025,P512,Tomato,Fruits & Vegetables,Fruits & Vegetables,Organic India,0.42,482,373,23,3,1118,CASH ON DELIVERY,Cancelled,78,5,Average,Out of Stock,Pending
ORD101830,CUST6103,Hritik Nadkarni,35,Female,maharashtra,New Delhi,Rohini,516577,28-11-2025,28-11-2025,P704,Biscuits,Snacks,Snacks,Parle,4.94,737,684,7,5,3418,GOOGLE PAY,Cancelled,29,4,Average,In Stock,Pending
ORD101727,CUST2884,Avi Sanghvi,64,Other,West Bengal,Kolkata,Salt Lake,748044,27-01-2025,29-01-2025,P402,Milk,Dairy,Dairy,Amul,1.75,242,181,25,4,726,UPI,Cancelled,68,5,Excellent,Out of Stock,Delivered
ORD102422,CUST6125,Nicholas Andra,73,Male,Gujarat,Ahmedabad,Satellite,974046,09-05-2025,09-05-2025,P943,Shampoo,Personal Care,Personal Care,Clinic Plus,2.68,390,347,11,5,1735,GOOGLE PAY,Cancelled,38,2,Damaged item,Out of Stock,Cancelled
ORD101005,CUST7644,Lajita Aurora,40,Female,Delhi,New Delhi,Dwarka,632941,21-08-2025,21-08-2025,P806,Apple,Fruits & Vegetables,Fruits & Vegetables,Kashmir Fresh,4.35,129,99,23,5,497,CASH,Returned,21,4,Average,In Stock,Pending
ORD104586,CUST2087,Chaman Oommen,27,Other,Tamil Nadu,Chennai,Anna Nagar,7819,31-01-2025,04-02-2025,P818,Cake,Bakery,Bakery,Monginis,2.79,677,498,26,7,3489,Debit Card,Pending,74,5,Late delivery,Out of Stock,Pending
ORD103374,CUST3575,Krishna Jha,58,Male,Tamil Nadu,Coimbatore,RS Puram,246706,08-12-2025,12-10-2025,P122,Tea,Beverages,Beverages,Tata Tea,1.2,298,234,21,8,1872,CASH ON DELIVERY,Cancelled,34,4,Damaged item,Limited,Delivered
ORD100392,CUST7422,Dev Borde,26,Other,Karnataka,Mysore,VV Mohalla,345473,13-10-2025,16-10-2025,P262,Frozen Peas,Frozen Food,Frozen Food,Safal,4.75,334,243,27,3,730,UPI,Delivered,88,1,Damaged item,In Stock,Pending
ORD100317,CUST2333,Mitesh Venkataraman,55,Female,Gujarat,Ahmedabad,Navrangpura,532091,28-10-2024,29-10-2024,P166,Sugar,Grocery,Grocery,Madhur,0.92,213,181,15,6,1088,GPAY,Cancelled,34,5,Damaged item,In Stock,Cancelled
ORD101970,CUST8823,Krishna Rajagopalan,56,Male,Telangana,Hyderabad,Gachibowli,591301,20-05-2024,21-05-2024,P976,Soft Drink,Beverages,Beverages,Coca-Cola,2.21,780,735,6,4,2893,UPI,Pending,35,5,Average,Limited,Returned
ORD101373,CUST9382,Zilmil Sehgal,61,Female,West Bengal,Kolkata,Howrah,586377,24-09-2024,27-09-2024,P239,Detergent,Household Items,Household Items,Surf Excel,1.31,241,147,39,3,441,Debit Card,Cancelled,19,3,Damaged item,Out of Stock,Delivered
ORD101801,CUST7699,Bachittar Upadhyay,37,Male,Telangana,Hyderabad,Banjara Hills,954531,01-04-2025,04-01-2025,P887,Detergent,Household Items,Household Items,Surf Excel,4.27,374,245,35,3,734,GOOGLE PAY,Pending,27,4,Late delivery,Limited,Returned
ORD101354,CUST1586,Osha Sem,19,Female,Tamil Nadu,PUNE,RS Puram,253573,13-05-2025,14-05-2025,P804,Cleaner,Household Items,Household Items,Lizol,3.4,51,44,14,2,88,Debit Card,Returned,35,3,Average,Out of Stock,Pending
ORD104675,CUST5043,Hiral Nazareth,79,Male,Karnataka,Bangalore,Indiranagar,915674,20-04-2025,20-04-2025,P300,Juice,Beverages,Beverages, Real ,4.67,624,514,18,5,2569,UPI,Pending,88,3,Good,Out of Stock,Cancelled
ORD101680,CUST3681,Champak Vaidya,61,Other,Gujarat,Surat,Adajan,364775,17-12-2024,19-12-2024,P881,Cleaner,Household Items,Household Items,Lizol,1.22,740,611,17,8,4887,Debit Card,Delivered,49,3,Average,In Stock,Delivered
ORD101489,CUST7193,Gunbir Deol,48,Female,Gujarat,Ahmedabad,Navrangpura,547911,22-01-2025,25-01-2025,P165,Frozen Peas,Frozen Food,Frozen Food,Safal,1.03,433,279,36,8,2233,GPAY,Cancelled,30,4,Damaged item,Out of Stock,Cancelled
ORD103947,CUST1810,Riya Mahajan,55,Female,Tamil Nadu,Coimbatore,Peelamedu,462225,25-05-2024,27-05-2024,P748,Toothpaste,Personal Care,Personal Care,Colgate,1.04,452,319,29,1,319,CASH ON DELIVERY,Pending,59,1,Excellent,Limited,Cancelled
ORD102633,CUST7047,Yasti Pall,33,Male,Delhi,New Delhi,Saket,299979,19-01-2024,20-01-2024,P836,Banana,Fruits & Vegetables,Fruits & Vegetables,FreshFarm,2,474,324,32,5,1618,GOOGLE PAY,Returned,64,3,Average,In Stock,Delivered
ORD102425,CUST9891,Kiaan Shroff,79,Female,Karnataka,Mysore,VV Mohalla,693907,23-03-2024,27-03-2024,P844,Rice,Grocery,Grocery,India Gate,4.84,78,51,34,4,68,CASH,Delivered,35,4,Average,Out of Stock,Delivered
ORD103345,null,Nitesh Krishna,52,Female,Telangana,Unknown,Madhapur,782434,21-04-2025,22-04-2025,P542,Shampoo,Personal Care,Personal Care,Clinic Plus,1.97,406,323,29,8,1488,Unknown,Pending,50,3,Average,Limited,Pending
ORD103668,CUST6190,Bhavna Bora,43,Female,Maharashtra,PUNE,Dadar,42299,19-08-2024,21-08-2024,P942,Soft Drink,Beverages,Beverages, Coca-Cola ,0.35,510,394,23,1,394,UPI,Delivered,76,3,Damaged item,Out of Stock,Delivered
ORD103796,CUST1145,Panini Shetty,63,Female,Tamil Nadu,Coimbatore,RS Puram,435648,25-12-2024,28-12-2024,P602,Chips,Snacks,Snacks,Lay's,4.88,646,390,40,2,780,UPI,Returned,86,3,Average,Out of Stock,Delivered
ORD101360,CUST3826,Dayita Parmar,79,Male,Karnataka,Mysore,VV Mohalla,136558,24-09-2024,25-09-2024,P214,Chips,Snacks,Snacks,Lay's,0.79,696,553,21,7,3870,UPI,Returned,33,5,Average,Limited,Pending
ORD104174,CUST8630,Mahika Sidhu,28,Male,West Bengal,Kolkata,Park Street,770324,30-01-2025,02-02-2025,P801,Toothpaste,Personal Care,Personal Care,Colgate,1.88,500,391,22,5,1953,CASH ON DELIVERY,Pending,46,2,Average,Out of Stock,Returned
ORD101631,CUST3208, Samesh Kapur ,72,Female,Tamil Nadu,Chennai,Anna Nagar,131865,04-01-2025,04-04-2025,P813,Soft Drink,Beverages,Beverages,Coca-Cola,0.52,735,733,0,8,5867,GOOGLE PAY,Cancelled,15,5,Excellent,In Stock,Cancelled
ORD103218,CUST1358,Urvi Srivastava,68,Other,West Bengal,pune,Park Street,892299,02-06-2025,08-02-2025,P733,Biscuits,Snacks,Snacks, Parle ,0.92,371,303,18,1,303,UPI,Pending,38,2,Good,Limited,Delivered
ORD100149,CUST9067,Robert Barad,62,Male,Gujarat,Surat,Vesu,123097,11-05-2025,11-06-2025,P838,Banana,Fruits & Vegetables,Fruits & Vegetables,FreshFarm,2.11,286,267,7,1,267,GOOGLE PAY,Pending,29,1,Average,Out of Stock,Pending
ORD104339,CUST4626,Praneel Dani,48,Other,Tamil Nadu,Coimbatore,Peelamedu,928236,01-08-2025,01-08-2025,P442,Soap,Personal Care,Personal Care,Dove,0.76,482,330,31,1,330,CASH,Cancelled,-5,5,Good,Out of Stock,Cancelled
ORD104402,CUST3349,Siya Dugar,44,Male,Delhi,New Delhi,Rohini,315791,17-11-2025,19-11-2025,P578,Soft Drink,Beverages,Beverages,Coca-Cola,3.1,412,370,10,4,1480,GOOGLE PAY,Cancelled,67,3,Average,In Stock,Returned
ORD102115,CUST4160,Xiti Bal,54,Other,Gujarat,Ahmedabad,Satellite,626167,29-11-2025,02-12-2025,P643,Milk,Dairy,Dairy,Amul,3.8,232,157,32,1,157,UPI,Returned,74,4,Average,Out of Stock,Delivered
ORD104713,CUST7022,Vivaan Sachar,66,Male,Gujarat,Ahmedabad,Navrangpura,348241,02-12-2025,12-06-2025,P149,Banana,Fruits & Vegetables,Fruits & Vegetables,FreshFarm,4.73,496,450,9,7,3149,Debit Card,Cancelled,40,1,Excellent,In Stock,Cancelled
ORD103532,CUST2759, Zashil Sangha ,73,Female,Gujarat,Ahmedabad,Satellite,612780,27-02-2024,29-02-2024,P517,Ice Cream,Frozen Food,Frozen Food,Amul,0.84,782,733,6,4,2931,UPI,Pending,89,5,Late delivery,Limited,Delivered
ORD101943,CUST2233,Kalpit Desai,48,Female,Delhi,New Delhi,Dwarka,922354,09-11-2024,09-11-2024,P721,Frozen Peas,Frozen Food,Frozen Food,Safal,0.32,201,177,12,3,530,CASH ON DELIVERY,Delivered,87,2,Average,Limited,Cancelled
ORD101477,CUST1388,Wridesh Dash,59,Male,West Bengal,Kolkata, Howrah ,944786,20-05-2024,24-05-2024,P675,Ice Cream,Frozen Food,Frozen Food,Amul,4.29,768,677,12,3,2030,CASH,Cancelled,42,3,Average,Limited,Cancelled
ORD102119,CUST8889,Ekta Srivastava,31,Male,Telangana,Hyderabad,Madhapur,848217,15-11-2024,18-11-2024,P613,Frozen Peas,Frozen Food,Frozen Food, Safal ,3.34,556,377,32,7,2641,UPI,Pending,28,3,Average,Out of Stock,Cancelled
ORD102429,CUST2422, Rishi Randhawa ,63,Male,Gujarat,Ahmedabad,Satellite,128304,11-04-2024,05-11-2024,P154,Frozen Peas,Frozen Food,Frozen Food,Safal,3.2,637,418,34,7,2924,UPI,Returned,-12,5,Good,In Stock,Cancelled
ORD101530,CUST2731,Yashica Devi,55,Male,Maharashtra,Nagpur,Dharampeth,377795,20-01-2025,21-01-2025,P520,Paneer,Dairy,Dairy,Mother Dairy,3.54,767,619,19,6,3713,CASH,Cancelled,31,1,Late delivery,Limited,Delivered
ORD103698,CUST1843, Osha D’Alia ,55,Male,Karnataka,Bangalore,Whitefield,768430,15-01-2024,16-01-2024,P413,Tea,Beverages,Beverages,Tata Tea,3.85,395,388,2,6,2331,GOOGLE PAY,Returned,35,4,Average,Limited,Cancelled
ORD101079,CUST3599,Tejas Kannan,40,Other,Tamil Nadu,Coimbatore,Peelamedu,568313,05-01-2025,05-03-2025,P600,Toothpaste,Personal Care,Personal Care,Colgate,1.45,82,61,26,3,183,CASH ON DELIVERY,Returned,50,1,Average,In Stock,Cancelled
ORD102890,CUST9444,Wridesh Mand,73,Other,Delhi,New Delhi,Rohini,902930,29-07-2024,08-02-2024,P559,Biscuits,Snacks,Snacks,Parle,3.97,775,692,11,4,2767,UPI,Returned,18,3,Excellent,Limited,Cancelled
ORD101455,CUST9470,Ijaya Dhar,27,Female,Delhi,New Delhi,Saket,673656,14-06-2024,15-06-2024,P548,Ice Cream,Frozen Food,Frozen Food,Amul,0.1,407,355,13,7,2484,CASH,Cancelled,36,3,Average,Limited,Delivered
ORD103542,CUST3329,Teerth Palla,26,Other,Karnataka,Bangalore,Whitefield,831846,22-04-2024,23-04-2024,P801,Cake,Bakery,Bakery,Monginis,3.84,529,327,38,7,2292,Debit Card,Cancelled,65,3,Damaged item,In Stock,Pending
ORD104673,CUST1836,Vanya Oak,79,Female,Tamil Nadu,Coimbatore,Peelamedu,600744,04-12-2024,12-07-2024,P494,Chips,Snacks,Snacks,Lay's,3.75,211,179,15,8,1429,CASH,Pending,-15,3,Good,Limited,Returned
ORD102764,null,Advik Mitter,24,Female,Karnataka,Unknown,Indiranagar,87257,30-10-2024,31-10-2024,P275,Frozen Peas,Frozen Food,Frozen Food,Safal,3.97,406,323,20,8,1488,Unknown,Pending,44,4,Average,Out of Stock,Pending
ORD100731,CUST7277,Jeevika Yadav,76,Male,West Bengal,Kolkata,Salt Lake,40770,15-01-2024,19-01-2024,P256,Ice Cream,Frozen Food,Frozen Food,Amul,0.51,306,252,18,1,252,CASH,Returned,13,3,Good,Out of Stock,Cancelled
ORD104261,CUST7391,Kabir Saha,36,Female,Delhi,New Delhi,Dwarka,357076,12-06-2024,06-12-2024,P859,Atta,Grocery,Grocery,Aashirvaad,3.72,26,25,7,5,123,UPI,Returned,9,3,Excellent,In Stock,Delivered
ORD102123,CUST4166,Faras Gandhi,75,Male,Tamil Nadu,Chennai,T Nagar,792203,04-05-2025,05-07-2025,P576,Sugar,Grocery,Grocery,Madhur,4.47,774,670,13,1,670,GPAY,Cancelled,74,4,Damaged item,Limited,Cancelled
ORD101047,CUST1036,Charita Sawhney,58,Female,Delhi,New Delhi,Dwarka,362702,08-07-2025,07-09-2025,P281,Apple,Fruits & Vegetables,Fruits & Vegetables,Kashmir Fresh,2.61,672,616,8,1,616,UPI,Cancelled,45,2,Late delivery,Out of Stock,Pending
ORD101496,CUST1148,Forum Chandran,60,Female,Telangana,pune,Gachibowli,632660,15-02-2025,16-02-2025,P932,Atta,Grocery,Grocery,Aashirvaad,3.8,178,172,3,1,172,GPAY,Cancelled,86,1,Damaged item,Limited,Returned
ORD102797,CUST8887,Jason Bera,63,Female,Maharashtra,Nagpur,Sitabuldi,29002,22-05-2024,25-05-2024,P661,Soft Drink,Beverages,Beverages,Coca-Cola,2.15,160,116,28,8,925,CASH,Returned,27,1,Damaged item,In Stock,Cancelled
ORD103856,CUST2962,Vamakshi Mishra,80,Other,Delhi,New Delhi, Dwarka ,973536,15-05-2025,19-05-2025,P761,Soft Drink,Beverages,Beverages,Coca-Cola,1.34,334,246,26,6,1477,UPI,Delivered,18,1,Late delivery,Out of Stock,Pending
ORD101132,null,Ekiya Baral,48,Female,West Bengal,Unknown,Park Street,532641,23-12-2024,24-12-2024,P501,Shampoo,Personal Care,Personal Care,Clinic Plus,2.22,406,323,30,5,1488,Unknown,Pending,71,3,Average,In Stock,Pending
ORD102498,CUST2913,Hitesh Pandit,46,Male,Karnataka,Bangalore,Indiranagar,564679,04-07-2024,10-04-2024,P535,Ice Cream,Frozen Food,Frozen Food,Amul,4.04,61,42,31,1,341,CASH ON DELIVERY,Returned,24,3,Average,Limited,Delivered
ORD100059,CUST9576,Upma Om,84,Female,Maharashtra,Pune,Wakad,58363,23-04-2024,26-04-2024,P657,Bread,Bakery,Bakery,Britannia,2.59,513,426,17,1,426,CASH,Delivered,18,4,Good,Limited,Returned
ORD104679,CUST6676,Yachana Babu,77,Female,Telangana,Hyderabad,Banjara Hills,426750,03-02-2024,06-02-2024,P921,Milk,Dairy,Dairy,Amul,0.17,93,92,1,7,642,GOOGLE PAY,Pending,56,3,Damaged item,In Stock,Delivered
ORD102887,CUST5733,Zehaan Cheema,22,Female,Delhi,New Delhi,Saket,914872,02-03-2025,02-03-2025,P650,Curd,Dairy,Dairy,Britannia,4.48,174,109,37,4,438,CASH,Pending,2,2,Average,In Stock,Returned
ORD104925,CUST2481,Vanya Muni,51,Female,Telangana,Hyderabad,Madhapur,152685,01-01-2025,01-01-2025,P494,Chips,Snacks,Snacks,Lay's,4.74,321,251,22,6,1506,UPI,Pending,10,1,Excellent,Out of Stock,Delivered
ORD104206,CUST6425,Vedant Thakur,61,Male,Maharashtra,Pune,Wakad,160696,08-02-2025,08-05-2025,P368,Juice,Beverages,Beverages,Real,1.04,350,232,34,7,1623,CASH,Delivered,22,3,Average,Out of Stock,Returned
ORD104862,CUST9314,Sanaya Walla,80,Male,Delhi,Hyderbad,Saket,214716,20-10-2024,21-10-2024,P599,Cleaner,Household Items,Household Items,Lizol,0.56,577,416,28,6,2494,UPI,Returned,68,2,Excellent,In Stock,Cancelled
ORD102135,CUST1883,Harini Mahajan,48,Male,Maharashtra,Mumbai,Powai,543432,01-02-2025,03-02-2025,P262,Apple,Fruits & Vegetables,Fruits & Vegetables, Kashmir Fresh ,4.82,797,634,-18,3,1902,GPAY,Delivered,86,2,Excellent,Out of Stock,Cancelled
ORD100370,CUST5621,Simon Dugal,30,Male,Delhi,New Delhi,Dwarka,667065,20-03-2025,22-03-2025,P281,Bread,Bakery,Bakery,Britannia,4.11,724,461,36,3,1384,CASH ON DELIVERY,Pending,31,2,Good,Out of Stock,Pending
ORD100404,CUST2377,Lekha Vohra,34,Female,West Bengal,Kolkata,Salt Lake,90702,22-04-2024,23-04-2024,P254,Bread,Bakery,Bakery,Britannia,2.04,717,484,33,1,484,GPAY,Cancelled,78,4,Excellent,Out of Stock,Delivered
ORD101241,CUST9999,Pranav Sagar,76,Male,Delhi,New Delhi,Dwarka,905479,08-08-2025,08-12-2025,P469,Ice Cream,Frozen Food,Frozen Food,Amul,2.35,499,433,13,1,510,GPAY,Cancelled,34,3,Average,In Stock,Delivered
ORD104119,CUST2525,Aryan Suresh,40,Female,Delhi,New Delhi,Dwarka,255798,05-05-2025,05-09-2025,P263,Cleaner,Household Items,Household Items,Lizol,2.16,565,544,4,2,1088,CASH ON DELIVERY,Delivered,27,2,Good,In Stock,Cancelled
ORD103716,null,Unnati Pathak,78,Other,Telangana,Unknown,Gachibowli,864245,13-08-2025,17-08-2025,P357,Bread,Bakery,Bakery,Britannia,3.01,406,323,10,3,1488,Unknown,Pending,18,1,Average,In Stock,Pending
ORD101625,CUST4091,Utkarsh Ratti,72,Male,Telangana,Hyderabad,Gachibowli,765143,25-03-2025,25-03-2025,P807,Shampoo,Personal Care,Personal Care,Clinic Plus,4.82,220,188,15,8,1503,UPI,Pending,57,2,Good,Limited,Returned
ORD101555,CUST6746,Ishwar Mallick,49,Other,Karnataka,Bangalore,Koramangala,601002,14-07-2025,15-07-2025,P407,Chips,Snacks,Snacks,Lay's,2.47,642,477,26,4,1907,UPI,Returned,32,3,Excellent,Limited,Returned
ORD103764,CUST4236,Vivaan Minhas,27,Male,Karnataka,pune,Indiranagar,760267,29-08-2025,31-08-2025,P791,Milk,Dairy,Dairy,Amul,0.81,363,246,32,7,1721,CASH,Delivered,76,3,Average,Out of Stock,Cancelled
ORD104785,CUST3498,Sachi Saini,70,Male,Telangana,Hyderabad,Banjara Hills,169361,05-03-2024,05-05-2024,P713,Namkeen,Snacks,Snacks,Haldiram,1.18,634,591,7,2,1182,UPI,Cancelled,47,3,Good,Out of Stock,Cancelled
ORD102474,CUST3187,Reyansh Chokshi,27,Other,Maharashtra,pune,Dharampeth,560906,14-12-2025,14-12-2025,P364,Soft Drink,Beverages,Beverages,Coca-Cola,3.47,775,492,36,3,1477,CASH ON DELIVERY,Pending,77,1,Average,Limited,Delivered
ORD103517,CUST4517,Yachana Kala,32,Female,Gujarat,Ahmedabad,Navrangpura,232691,19-11-2024,19-11-2024,P276,Toothpaste,Personal Care,Personal Care,Colgate,2.1,83,74,11,3,222,GOOGLE PAY,Pending,32,1,Average,In Stock,Delivered
ORD102530,CUST2985,Oliver Goel,69,Other,Gujarat,Ahmedabad, Satellite ,48278,29-08-2025,29-08-2025,P360,Tea,Beverages,Beverages,Tata Tea,0.11,51,38,25,4,153,Debit Card,Returned,43,1,Excellent,In Stock,Delivered
ORD103389,CUST8041,Udarsh Sangha,69,Other,Tamil Nadu,Chennai,Anna Nagar,800447,09-08-2025,11-08-2025,P704,Cake,Bakery,Bakery,Monginis,4.06,600,383,36,8,3060,UPI,Cancelled,973,2,Average,In Stock,Cancelled
ORD103527,CUST2752,Rehaan Hari,75,Female,Tamil Nadu,Coimbatore,Peelamedu,897806,17-04-2024,21-04-2024,P346,Tea,Beverages,Beverages,Tata Tea,3.35,105,90,14,1,90,Debit Card,Returned,21,4,Damaged item,Out of Stock,Pending
ORD104486,CUST6318,Robert Wadhwa,68,Other,Telangana,Hyderabad,Gachibowli,293449,16-04-2025,20-04-2025,P201,Atta,Grocery,Grocery,Aashirvaad,1.17,245,186,24,7,1305,GPAY,Returned,71,2,Damaged item,Limited,Delivered
ORD101460,CUST7255,Jason Bahl,24,Other,Telangana,Hyderabad,Gachibowli,893406,23-04-2024,27-04-2024,P422,Tea,Beverages,Beverages,Tata Tea,1.92,649,570,12,6,3418,UPI,Delivered,25,5,Average,In Stock,Pending
ORD104359,CUST6014,Suhani Bobal,36,Female,Maharashtra,Nagpur,Dharampeth,946947,02-06-2025,08-02-2025,P385,Curd,Dairy,Dairy,Britannia,2.91,665,439,34,3,1318,GPAY,Delivered,29,5,Late delivery,Limited,Pending
ORD101769,CUST2876,Maanas Bhargava,29,Female,Karnataka,Mysore,Gokulam,480294,22-03-2025,24-03-2025,P947,Bread,Bakery,Bakery,Britannia,1.74,546,344,37,5,1722,UPI,Cancelled,73,3,Average,In Stock,Cancelled
ORD100597,CUST3769,Amaira Sheth,24,Other,West Bengal,pune,Salt Lake,184652,30-06-2024,07-04-2024,P363,Ice Cream,Frozen Food,Frozen Food,Amul,2.14,31,24,23,4,96,GPAY,Pending,41,2,Excellent,In Stock,Cancelled
ORD102334,null,Tanay Narasimhan,51,Other,Tamil Nadu,Unknown,Peelamedu,708841,25-10-2024,29-10-2024,P924,Tea,Beverages,Beverages,Tata Tea,1.47,406,323,20,4,1488,Unknown,Pending,13,5,Average,Out of Stock,Pending
ORD103148,CUST4832,Sachi Badal,52,Male,Karnataka,Mysore,Gokulam,501168,07-04-2025,07-04-2025,P472,Banana,Fruits & Vegetables,Fruits & Vegetables,FreshFarm,1.79,402,368,8,3,1103,CASH ON DELIVERY,Returned,38,1,Late delivery,Out of Stock,Cancelled
ORD100464,CUST4024,Xavier Patla,29,Male,Delhi,New Delhi,Dwarka,266902,02-04-2024,04-04-2024,P192,Shampoo,Personal Care,Personal Care,Clinic Plus,3.65,645,505,22,3,1391,UPI,Cancelled,18,4,Late delivery,Out of Stock,Delivered
ORD101876,CUST4545,Tarak Rege,20,Female,West Bengal,Kolkata,Howrah,614082,07-04-2024,10-04-2024,P497,Milk,Dairy,Dairy,Amul,4.04,301,245,19,1,245,Debit Card,Pending,42,4,Average,Limited,Pending
ORD101619,CUST1993,Ranveer Dewan,74,Female,Tamil Nadu,Chennai,T Nagar,533390,03-10-2024,06-10-2024,P689,Frozen Peas,Frozen Food,Frozen Food,Safal,3.34,119,92,23,5,460,UPI,Cancelled,49,2,Damaged item,Out of Stock,Delivered
ORD102705,CUST5058,Nidra Lata,71,Male,Delhi,New Delhi,Rohini,471671,07-06-2025,06-08-2025,P926,Tomato,Fruits & Vegetables,Fruits & Vegetables,Organic India,3.21,687,565,18,7,3958,CASH ON DELIVERY,Pending,87,1,Good,Out of Stock,Returned
ORD100901,CUST5612,Nandini Goyal,65,Other,Maharashtra,Pune,Wakad,832715,29-10-2024,31-10-2024,P330,Soap,Personal Care,Personal Care,Dove,2.62,653,648,1,5,3240,UPI,Delivered,85,5,Good,Limited,Returned
ORD104748,CUST9859,Yuvraj Pal,25,Other,Karnataka,Bangalore,Whitefield,937139,05-08-2024,09-08-2024,P653,Soft Drink,Beverages,Beverages,Coca-Cola,1.76,177,122,31,6,729,GOOGLE PAY,Cancelled,84,1,Average,Out of Stock,Delivered
ORD102072,CUST3925,Tejas Yadav,31,Male,Gujarat,Ahmedabad,Navrangpura,96704,04-10-2025,04-10-2025,P854,Chips,Snacks,Snacks,Lay's,2.61,195,176,10,4,706,Debit Card,Cancelled,41,3,Average,Out of Stock,Returned
ORD104098,CUST6562,Yatan Kamdar,32,Other,Delhi,New Delhi,Dwarka,892653,08-11-2025,11-09-2025,P909,Sugar,Grocery,Grocery,Madhur,4.59,117,79,32,8,540,GOOGLE PAY,Delivered,29,1,Average,Limited,Delivered
ORD104399,null,Joshua Dara,51,Female,Karnataka,Unknown,Whitefield,481698,09-01-2025,11-01-2025,P357,Cake,Bakery,Bakery,Monginis,4.31,406,323,7,5,1488,Unknown,Pending,24,2,Average,Limited,Pending
ORD104264,CUST4123,Kai Ghose,21,Female,West Bengal,Kolkata, Howrah ,551003,28-06-2024,01-07-2024,P295,Apple,Fruits & Vegetables,Fruits & Vegetables,Kashmir Fresh,0.3,26,16,39,6,94,UPI,Returned,85,3,Good,In Stock,Pending
ORD102287,CUST4769,Rachita Bhagat,58,Other,Delhi,New Delhi,Dwarka,900175,14-08-2024,16-08-2024,P995,Biscuits,Snacks,Snacks,Parle,0.64,164,162,1,1,162,GPAY,Delivered,32,5,Damaged item,Limited,Returned
ORD103014,CUST2658,Charan Saini,60,Female,Tamil Nadu,Coimbatore,RS Puram,824071,18-10-2024,19-10-2024,P987,Tomato,Fruits & Vegetables,Fruits & Vegetables,Organic India,3.69,757,610,19,6,3658,GOOGLE PAY,Delivered,68,4,Average,Out of Stock,Returned
ORD103932,CUST5881,Upma Dave,19,Female,Delhi,New Delhi,Rohini,128306,07-06-2024,10-06-2024,P246,Chips,Snacks,Snacks,Lay's,1.31,366,233,36,4,934,UPI,Returned,29,3,Average,Out of Stock,Returned
ORD103403,CUST3973,Arjun Guha,72,Other,Gujarat,Ahmedabad,Navrangpura,489201,06-07-2025,10-06-2025,P989,Banana,Fruits & Vegetables,Fruits & Vegetables,FreshFarm,1.21,556,499,10,2,999,CASH,Returned,52,2,Average,In Stock,Pending
ORD104138,CUST6556,Orinder Khare,67,Male,Karnataka,Mysore,Gokulam,619169,04-07-2025,07-07-2025,P782,Detergent,Household Items,Household Items,Surf Excel,3.81,685,601,12,8,4809,CASH,Returned,45,4,Damaged item,Limited,Pending
ORD100000,CUST7873,Omisha Pathak,13,Male,Gujarat,Ahmedabad,Navrangpura,81495,16-08-2024,17-08-2024,P384,Juice,Beverages,Beverages,Real,4.07,548,524,4,2,1048,UPI,Pending,77,4,Excellent,Out of Stock,Pending
ORD103276,CUST6473,Harinakshi Vala,35,Male,Delhi,New Delhi,Dwarka,834991,24-11-2024,27-11-2024,P503,Juice,Beverages,Beverages,Real,3.56,698,573,18,3,1718,Debit Card,Cancelled,68,3,Late delivery,Out of Stock,Delivered
ORD102355,CUST3023,Priya Khare,30,Male,Gujarat,Surat,Adajan,459361,06-10-2025,13-06-2025,P946,Sugar,Grocery,Grocery,Madhur,0.67,407,345,15,1,345,GPAY,Pending,50,3,Excellent,Out of Stock,Returned
ORD103520,CUST4527,Ishwar Garde,80,Male,Delhi,New Delhi,Dwarka,726957,16-07-2024,20-07-2024,P831,Tea,Beverages,Beverages,Tata Tea,2.76,700,513,27,7,3592,UPI,Returned,59,4,Average,In Stock,Delivered
ORD104608,CUST8544,Nidhi Bhakta,68,Male,Delhi,PUNE,Dwarka,549922,16-09-2025,16-09-2025,P736,Bread,Bakery,Bakery,Britannia,3.63,314,283,10,4,1133,Debit Card,Cancelled,85,5,Late delivery,In Stock,Returned
ORD103570,CUST9195,Nathaniel Ratta,39,Female,Delhi,New Delhi,Saket,320073,28-03-2025,31-03-2025,P229,Cake,Bakery,Bakery,Monginis,1.08,22,16,28,6,94,UPI,Returned,39,3,Average,Out of Stock,Pending
ORD101153,CUST3950,Widisha Kalla,37,Female,Telangana,Hyderabad,Gachibowli,730111,27-11-2025,27-11-2025,P456,Tomato,Fruits & Vegetables,Fruits & Vegetables, Organic India ,1.15,587,437,26,4,1747,GPAY,Delivered,82,5,Damaged item,Limited,Returned
ORD104242,CUST2489,Yutika Vora,52,Female,West Bengal,Kolkata,Salt Lake,146182,13-07-2024,15-07-2024,P188,Ice Cream,Frozen Food,Frozen Food,Amul,2.96,222,135,39,6,812,CASH,Pending,24,1,Average,In Stock,Cancelled
ORD104249,CUST9616,Jeremiah Borde,43,Other,Tamil Nadu,Chennai,Velachery,26920,02-02-2024,05-02-2024,P970,Apple,Fruits & Vegetables,Fruits & Vegetables,Kashmir Fresh,0.86,422,338,20,8,2704,UPI,Returned,57,4,Average,In Stock,Returned
ORD100398,CUST5646,Yauvani Samra,32,Other,Gujarat,Surat,Vesu,577395,05-05-2024,05-05-2024,P322,Biscuits,Snacks,Snacks,Parle,0.6,557,494,11,6,2963,GOOGLE PAY,Delivered,57,3,Damaged item,Limited,Returned
ORD103058,CUST9788,Shravya Krishna,26,Female,Delhi,New Delhi,Saket,974946,17-04-2024,19-04-2024,P519,Curd,Dairy,Dairy, Britannia ,4.98,382,272,29,2,545,UPI,Cancelled,60,3,Late delivery,In Stock,Cancelled
ORD102904,CUST4009,Kashish Chaudhary,79,Female,Telangana,Hyderabad,Madhapur,983752,04-05-2025,07-04-2025,P320,Ice Cream,Frozen Food,Frozen Food,Amul,0.81,759,712,6,4,2847,CASH,Delivered,75,1,Average,In Stock,Pending
ORD101726,CUST7962,Nathaniel Sharaf,56,Other,West Bengal,Kolkata,Howrah,357746,02-04-2025,02-05-2025,P671,Frozen Peas,Frozen Food,Frozen Food,Safal,4.17,545,525,4,3,1576,CASH ON DELIVERY,Returned,52,1,Late delivery,In Stock,Cancelled
ORD104568,CUST1833,Avi Mallick,31,Male,Maharashtra,Pune,Baner,669163,19-06-2025,22-06-2025,P727,Namkeen,Snacks,Snacks,Haldiram,2.36,728,594,18,8,4754,UPI,Cancelled,11,1,Average,Limited,Cancelled
ORD103941,CUST1477,Bhavya Agate,60,Male,Maharashtra,Nagpur,Dharampeth,304991,19-03-2025,22-03-2025,P220,Frozen Peas,Frozen Food,Frozen Food,Safal,2.05,188,135,28,6,809,UPI,Returned,11,5,Average,Limited,Returned
ORD104766,CUST4322,George Maharaj,35,Female,Gujarat,Surat,Adajan,141608,26-07-2024,29-07-2024,P834,Biscuits,Snacks,Snacks,Parle,4.15,192,134,30,8,1068,Debit Card,Cancelled,40,3,Late delivery,Out of Stock,Delivered
ORD102376,CUST2420,Brijesh Viswanathan,53,Other,Telangana,Hyderabad,Banjara Hills,111730,08-05-2025,12-05-2025,P347,Apple,Fruits & Vegetables,Fruits & Vegetables,Kashmir Fresh,2.83,765,745,3,2,1490,UPI,Returned,57,3,Average,Out of Stock,Cancelled
ORD101720,CUST2224,Aditya Khurana,71,Female,Karnataka,Bangalore,Koramangala,363625,08-08-2024,08-11-2024,P496,Milk,Dairy,Dairy,Amul,0.5,158,148,6,1,148,CASH ON DELIVERY,Pending,8,1,Damaged item,Out of Stock,Pending
ORD100902,CUST1857,Yug Mody,25,Female,Telangana,Hyderabad,Banjara Hills,609114,16-10-2024,18-10-2024,P489,Atta,Grocery,Grocery,Aashirvaad,0.16,785,520,34,7,3640,Debit Card,Returned,71,4,Average,In Stock,Cancelled
ORD101333,null,Oviya Badami,42,Female,Gujarat,Unknown,Vesu,141463,08-12-2024,12-12-2024,P580,Namkeen,Snacks,Snacks,Haldiram,2.74,406,323,25,4,1488,Unknown,Pending,8,2,Average,Limited,Pending
ORD103100,CUST9020,Jason Modi,59,Other,Maharashtra,Nagpur, Dharampeth ,20927,03-05-2025,04-05-2025,P961,Detergent,Household Items,Household Items,Surf Excel,2.68,619,500,19,3,1499,UPI,Returned,86,1,Damaged item,Limited,Returned
ORD104416,CUST4447,Zilmil Thaman,59,Other,Gujarat,Ahmedabad,Navrangpura,615830,25-05-2025,26-05-2025,P387,Atta,Grocery,Grocery,Aashirvaad,2.19,449,281,37,1,281,CASH,Cancelled,76,4,Late delivery,In Stock,Returned
ORD104860,CUST7013,Robert Arya,53,Female,Delhi,New Delhi,Saket,413624,24-03-2025,27-03-2025,P654,Milk,Dairy,Dairy,Amul,3.63,411,275,33,5,1375,UPI,Pending,36,3,Average,In Stock,Pending
ORD100991,CUST7314, Ojas Mukhopadhyay ,23,Female,maharashtra,Chennai, Velachery ,527028,05-04-2024,04-05-2024,P853,Tomato,Fruits & Vegetables,Fruits & Vegetables,Organic India,3.59,422,319,24,6,1916,UPI,Pending,68,4,Good,Out of Stock,Delivered
ORD103956,CUST7353,Vamakshi Venkatesh,50,Female,West Bengal,Kolkata,Salt Lake,253483,09-10-2025,11-10-2025,P493,Sugar,Grocery,Grocery,Madhur,4.1,598,412,31,4,1650,CASH,Delivered,20,3,Average,Limited,Pending
ORD103739,CUST1627,George Majumdar,95,Other,Telangana,Hyderabad,Banjara Hills,773264,26-08-2025,30-08-2025,P604,Frozen Peas,Frozen Food,Frozen Food,Safal,4.07,210,188,10,5,942,CASH ON DELIVERY,Returned,44,4,Damaged item,Limited,Pending
ORD104016,CUST9929,Chatresh Kalla,54,Male,West Bengal,Kolkata,Park Street,16854,12-10-2024,14-10-2024,P781,Apple,Fruits & Vegetables,Fruits & Vegetables,Kashmir Fresh,0.5,669,621,7,1,621,Debit Card,Cancelled,42,2,Excellent,Out of Stock,Pending
ORD101776,CUST8956,Gaurang Bala,20,Female,Maharashtra,Pune,Hinjewadi,12925,07-01-2025,05-07-2025,P146,Bread,Bakery,Bakery,Britannia,1.34,298,233,22,8,1863,Debit Card,Delivered,12,3,Late delivery,Limited,Delivered
ORD102795,CUST6911,Raksha Bose,26,Male,Karnataka,Bangalore,Koramangala,82449,23-11-2025,24-11-2025,P220,Tomato,Fruits & Vegetables,Fruits & Vegetables,Organic India,0.95,471,346,27,4,1383,CASH,Delivered,62,3,Average,Limited,Pending
ORD101912,CUST6409,George Narang,60,Male,Karnataka,Mysore,Gokulam,978808,25-03-2024,29-03-2024,P523,Soft Drink,Beverages,Beverages,Coca-Cola,3.91,611,431,29,1,431,Debit Card,Pending,12,4,Average,In Stock,Cancelled
ORD104252,CUST3478,Alexander Devi,43,Female,Telangana,Hyderabad,Madhapur,556258,19-01-2024,23-01-2024,P308,Toothpaste,Personal Care,Personal Care,Colgate,3.53,294,227,23,3,681,GPAY,Cancelled,77,4,Average,Out of Stock,Cancelled
ORD103680,CUST3333,Neelima Anand,21,Female,West Bengal,Kolkata,Howrah,170337,30-11-2024,04-12-2024,P274,Frozen Peas,Frozen Food,Frozen Food,Safal,0.38,345,225,35,8,1796,UPI,Returned,50,3,Excellent,In Stock,Returned
ORD101831,CUST6603,Jason Sant,25,Other,Delhi,New Delhi,Saket,615409,13-10-2024,16-10-2024,P312,Shampoo,Personal Care,Personal Care,Clinic Plus,3.61,561,475,15,3,1424,GPAY,Cancelled,33,1,Average,Limited,Delivered
ORD103485,CUST8939,Bhavika Sahota,24,Male,Telangana,Hyderabad,Banjara Hills,855347,22-02-2024,26-02-2024,P957,Apple,Fruits & Vegetables,Fruits & Vegetables,Kashmir Fresh,1.34,228,189,17,1,189,GOOGLE PAY,Delivered,68,2,Good,In Stock,Pending
ORD102010,CUST2013,Zilmil Kothari,40,Female,Gujarat,Ahmedabad,Satellite,635508,24-08-2024,26-08-2024,P918,Rice,Grocery,Grocery,India Gate,3.14,449,425,5,2,850,GPAY,Delivered,33,3,Excellent,Limited,Cancelled
ORD101976,CUST6562,Urvi Lala,32,Female,Maharashtra,Nagpur,Dharampeth,653775,09-10-2024,11-10-2024,P125,Paneer,Dairy,Dairy,Mother Dairy,4.92,606,477,21,1,477,UPI,Pending,25,4,Average,Limited,Cancelled
ORD103406,CUST3577,Amruta Shenoy,38,Female,West Bengal,Kolkata,Howrah,804336,26-11-2024,28-11-2024,P989,Sugar,Grocery,Grocery,Madhur,4.61,391,287,27,5,1434,CASH,Cancelled,41,3,Good,Out of Stock,Returned
ORD101244,CUST8167,Jasmit Bail,66,Male,Delhi,New Delhi,Rohini,302091,03-05-2025,05-07-2025,P331,Soft Drink,Beverages,Beverages,Coca-Cola,0.39,23,22,3,6,132,UPI,Returned,31,3,Excellent,In Stock,Cancelled
ORD100711,CUST3230,Zehaan Bhatt,73,Male,Delhi,New Delhi,Rohini,791213,29-03-2024,31-03-2024,P573,Apple,Fruits & Vegetables,Fruits & Vegetables,Kashmir Fresh,0.45,353,318,10,3,953,GPAY,Cancelled,14,1,Good,Out of Stock,Cancelled
ORD100371,CUST5385,Aarnav Sheth,20,Male,Tamil Nadu,Coimbatore,RS Puram,527704,13-01-2024,17-01-2024,P113,Detergent,Household Items,Household Items,Surf Excel,3.98,315,191,39,2,383,UPI,Delivered,18,3,Average,Out of Stock,Delivered
ORD102559,CUST4700,Bhavna Menon,38,Female,Tamil Nadu,Chennai,Velachery,411055,20-11-2025,24-11-2025,P604,Milk,Dairy,Dairy,Amul,4.61,52,43,17,7,300,GPAY,Delivered,83,3,Average,Out of Stock,Pending
ORD102459,CUST3182,Jackson Nadkarni,73,Male,Tamil Nadu,Coimbatore,RS Puram,681103,04-11-2024,05-11-2024,P197,Rice,Grocery,Grocery,India Gate,0.16,106,106,0,3,318,GOOGLE PAY,Pending,44,5,Good,In Stock,Cancelled
ORD102501,CUST3298,Balvan Dixit,62,Male,Maharashtra,Nagpur,Sitabuldi,208529,04-04-2024,07-04-2024,P361,Biscuits,Snacks,Snacks,Parle,2.75,420,331,21,2,663,GOOGLE PAY,Cancelled,68,1,Late delivery,In Stock,Pending
ORD103244,null,Yashodhara Pant,51,Male,Gujarat,Unknown,Satellite,40536,12-08-2025,10-12-2025,P240,Rice,Grocery,Grocery,India Gate,0.84,406,323,28,1,1488,Unknown,Pending,74,3,Average,Limited,Pending
ORD101092,CUST2718,Lekha Palla,61,Female,Tamil Nadu,Coimbatore,Peelamedu,284965,05-05-2024,08-05-2024,P492,Frozen Peas,Frozen Food,Frozen Food,Safal,2.35,169,157,7,1,157,Debit Card,Cancelled,13,1,Damaged item,Limited,Returned
ORD104165,CUST2453,Gunbir Vaidya,61,Male,Delhi,New Delhi,Dwarka,556918,12-01-2025,05-12-2025,P896,Atta,Grocery,Grocery,Aashirvaad,4.35,253,220,13,4,878,Debit Card,Returned,33,1,Excellent,Out of Stock,Pending
ORD101646,CUST6373,Zaitra Pathak,22,Other,West Bengal,Kolkata,Salt Lake,93841,29-12-2025,29-12-2025,P159,Apple,Fruits & Vegetables,Fruits & Vegetables,Kashmir Fresh,4.17,766,564,26,1,564,UPI,Returned,81,5,Average,In Stock,Cancelled
ORD102918,CUST1110,Darika Swaminathan,59,Female,Gujarat,Ahmedabad,Satellite,112021,22-03-2025,22-03-2025,P911,Soap,Personal Care,Personal Care,Dove,0.77,638,492,23,4,1967,CASH,Cancelled,22,3,Average,Limited,Pending
ORD101136,CUST2839,Leena Sharaf,18,Other,Telangana,Hyderabad,Banjara Hills,288428,24-01-2025,27-01-2025,P558,Detergent,Household Items,Household Items,Surf Excel,0.86,429,259,40,3,778,UPI,Returned,78,3,Damaged item,Out of Stock,Delivered
ORD101513,null,Chandran Swamy,55,Other,Delhi,Unknown,Dwarka,962209,24-07-2024,26-07-2024,P929,Curd,Dairy,Dairy,Britannia,0.64,406,323,32,1,1488,Unknown,Pending,14,4,Average,Limited,Pending
ORD104676,CUST1404,Ranveer Char,31,Male,Karnataka,Mysore,Gokulam,78432,25-11-2025,28-11-2025,P870,Detergent,Household Items,Household Items,Surf Excel,0.62,642,538,16,2,1075,CASH ON DELIVERY,Cancelled,37,5,Excellent,Limited,Delivered
ORD100122,CUST4594,Siddharth Pillay,35,Other,Delhi,New Delhi,Dwarka,883352,28-04-2025,02-05-2025,P959,Juice,Beverages,Beverages,Real,4.96,618,618,0,6,3708,UPI,Pending,15,5,Excellent,Limited,Cancelled
ORD101681,CUST9606,Yashawini Ben,62,Female,Gujarat,Ahmedabad,Navrangpura,834699,22-12-2025,24-12-2025,P758,Cake,Bakery,Bakery,Monginis,3.68,522,373,29,5,1865,CASH ON DELIVERY,Delivered,66,4,Damaged item,In Stock,Cancelled
ORD104035,CUST6964,Yauvani Pall,24,Other,Karnataka,Bangalore, Indiranagar ,180878,03-08-2024,08-03-2024,P463,Toothpaste,Personal Care,Personal Care,Colgate,2.8,788,759,4,5,3794,UPI,Delivered,83,1,Damaged item,Out of Stock,Delivered
ORD100025,CUST6419,Jacob Palan,53,Female,Tamil Nadu,Chennai,Anna Nagar,407352,04-03-2025,03-04-2025,P377,Cake,Bakery,Bakery,Monginis,1.6,250,190,24,2,380,UPI,Delivered,62,2,Excellent,In Stock,Pending
ORD104640,null,Aarush Dubey,62,Male,Maharashtra,Unknown,Dadar,200108,20-12-2024,23-12-2024,P553,Namkeen,Snacks,Snacks,Haldiram,4.46,406,323,1,2,1488,Unknown,Pending,66,4,Average,In Stock,Pending
ORD101351,null,Warinder Bhatnagar,74,Female,Tamil Nadu,Unknown,Peelamedu,614091,08-12-2025,12-12-2025,P810,Detergent,Household Items,Household Items, Surf Excel ,3.23,406,323,2,3,1488,Unknown,Pending,85,2,Average,In Stock,Pending
ORD101057,CUST9001,Balendra Ahluwalia,20,Female,Telangana,Hyderabad,Madhapur,169065,14-03-2025,15-03-2025,P891,Cake,Bakery,Bakery,Monginis,4.31,714,540,24,7,3777,CASH,Cancelled,78,3,Average,In Stock,Cancelled
ORD100973,CUST9607,Vincent Dewan,58,Female,Tamil Nadu,Hyderbad,T Nagar,858778,03-11-2025,04-11-2025,P386,Rice,Grocery,Grocery,India Gate,0.2,547,392,28,6,2351,Debit Card,Pending,25,4,Damaged item,In Stock,Delivered
ORD101882,CUST7307,Michael Mane,65,Female,West Bengal,Kolkata,Salt Lake,912024,06-03-2025,03-10-2025,P406,Milk,Dairy,Dairy,Amul,1.88,104,66,37,1,66,Debit Card,Pending,87,3,Average,Out of Stock,Pending
ORD102370,CUST9053,Krish Sanghvi,62,Other,Tamil Nadu,PUNE,RS Puram,928541,08-05-2025,09-05-2025,P236,Cake,Bakery,Bakery,Monginis,3.79,622,417,33,5,2085,CASH,Pending,76,1,Late delivery,Out of Stock,Returned
ORD104667,CUST3089,Ronith Manne,60,Female,Delhi,New Delhi,Rohini,300317,26-05-2025,27-05-2025,P264,Sugar,Grocery,Grocery,Madhur,3.55,419,336,20,3,1007,Debit Card,Delivered,597,2,Excellent,Out of Stock,Delivered
ORD103257,CUST7721,Janya Nadig,74,Other,West Bengal,Kolkata,Park Street,77868,24-07-2024,25-07-2024,P367,Juice,Beverages,Beverages,Real,4.1,626,434,31,3,1302,UPI,Cancelled,13,3,Damaged item,In Stock,Pending
ORD101211,CUST6424,Garima Bhardwaj,93,Female,Karnataka,Bangalore,Whitefield,24845,13-10-2025,14-10-2025,P520,Bread,Bakery,Bakery,Britannia,2.65,450,416,7,3,1249,CASH ON DELIVERY,Pending,27,4,Damaged item,Limited,Delivered
ORD102379,CUST5786,Azad Boase,69,Female,Tamil Nadu,Coimbatore,RS Puram,669296,13-01-2024,13-01-2024,P421,Bread,Bakery,Bakery,Britannia,2.82,507,481,5,7,3365,CASH ON DELIVERY,Cancelled,68,5,Damaged item,Limited,Cancelled
ORD101083,CUST8938,Omaja Kala,20,Female,West Bengal,Kolkata, Howrah ,527826,20-12-2024,22-12-2024,P748,Bread,Bakery,Bakery,Britannia,3.53,233,222,5,5,1108,GPAY,Pending,63,3,Excellent,Limited,Pending
ORD101710,null,Pratyush Bora,41,Female,Telangana,Unknown,Banjara Hills,785280,19-05-2024,22-05-2024,P751,Namkeen,Snacks,Snacks,Haldiram,4.71,406,323,3,3,1488,Unknown,Pending,16,3,Average,In Stock,Pending
ORD102715,CUST8283,Damini Dalal,50,Female,Karnataka,Bangalore,Koramangala,758558,15-10-2025,19-10-2025,P661,Milk,Dairy,Dairy,Amul,3.34,190,121,36,4,486,CASH,Returned,15,1,Excellent,Out of Stock,Cancelled
ORD102333,CUST5215,Maanas Dube,51,Male,Telangana,Hyderabad,Madhapur,199052,04-10-2024,12-04-2024,P322,Banana,Fruits & Vegetables,Fruits & Vegetables,FreshFarm,0.83,210,168,20,7,1177,UPI,Delivered,10,4,Excellent,Limited,Cancelled
ORD101658,CUST1945,Girish Oak,38,Female,Tamil Nadu,Mumbai,Powai,752309,16-01-2025,20-01-2025,P229,Atta,Grocery,Grocery,Aashirvaad,2.49,242,190,21,1,190,CASH,Delivered,39,4,Damaged item,Out of Stock,Cancelled
ORD100871,null,Gauri Ghosh,59,Female,West Bengal,Unknown,Salt Lake,387859,21-08-2024,22-08-2024,P910,Shampoo,Personal Care,Personal Care,Clinic Plus,4.45,406,323,23,8,1488,Unknown,Pending,35,3,Average,Out of Stock,Pending
ORD100805,CUST1354,Mohammed Keer,32,Other,Karnataka,Mysore,Gokulam,455885,17-05-2024,21-05-2024,P916,Atta,Grocery,Grocery,Aashirvaad,0.32,225,159,30,2,317,GPAY,Returned,35,3,Average,Limited,Delivered
ORD101886,CUST7709,Vritti Gara,21,Other,Telangana,Hyderabad,Madhapur,781521,15-09-2025,19-09-2025,P413,Detergent,Household Items,Household Items,Surf Excel,2.64,170,103,39,1,103,UPI,Delivered,78,3,Average,Out of Stock,Delivered
ORD102898,CUST3184,Peter Dada,75,Female,Telangana,Hyderabad,Banjara Hills,166897,20-11-2024,22-11-2024,P121,Detergent,Household Items,Household Items,Surf Excel,2.54,506,422,17,4,1687,GOOGLE PAY,Pending,47,1,Late delivery,In Stock,Pending
ORD102965,CUST3778,Balhaar Mohanty,33,Other,Telangana,Hyderabad,Gachibowli,651014,16-11-2025,18-11-2025,P742,Toothpaste,Personal Care,Personal Care,Colgate,3.72,465,454,2,1,454,UPI,Cancelled,32,4,Average,Limited,Cancelled
ORD101626,null, Utkarsh Chatterjee ,41,Other,maharashtra,Unknown,RS Puram,258075,10-11-2024,13-11-2024,P799,Biscuits,Snacks,Snacks,Parle,1.61,406,323,30,2,1488,Unknown,Pending,90,5,Average,In Stock,Pending
ORD101379,CUST9717,Vincent Mann,21,Other,Tamil Nadu,Coimbatore,Peelamedu,323190,07-10-2024,11-10-2024,P404,Soft Drink,Beverages,Beverages,Coca-Cola,2.78,226,189,17,7,1323,UPI,Returned,57,3,Average,In Stock,Returned
ORD103258,CUST4352,Yutika Loyal,67,Female,Telangana,Hyderabad,Gachibowli,487156,14-09-2025,18-09-2025,P655,Milk,Dairy,Dairy,Amul,2.91,666,436,34,5,2181,GOOGLE PAY,Delivered,14,3,Average,In Stock,Cancelled
ORD102539,CUST5230,Jackson Kota,57,Female,Delhi,New Delhi,Dwarka,159131,30-12-2025,31-12-2025,P650,Banana,Fruits & Vegetables,Fruits & Vegetables,FreshFarm,4.06,413,361,13,1,361,GPAY,Cancelled,32,5,Average,Out of Stock,Delivered
ORD101617,CUST8057,Manan Pandey,23,Other,Karnataka,Bangalore,Indiranagar,173027,24-02-2025,27-02-2025,P704,Paneer,Dairy,Dairy,Mother Dairy,1.73,67,65,4,8,516,CASH ON DELIVERY,Pending,16,5,Late delivery,Out of Stock,Pending
ORD104240,CUST1770,Indira Arora,65,Other,West Bengal,Kolkata,Park Street,510939,27-05-2025,30-05-2025,P161,Detergent,Household Items,Household Items,Surf Excel,2.58,495,380,23,2,761,GOOGLE PAY,Returned,46,1,Good,In Stock,Pending
ORD100357,CUST9722,Ishwar Dugar,26,Other,Tamil Nadu,Mumbai,Kothrud,845020,19-10-2024,23-10-2024,P114,Apple,Fruits & Vegetables,Fruits & Vegetables,Kashmir Fresh,3.12,651,393,40,8,3145,Debit Card,Delivered,73,4,Average,Limited,Cancelled
ORD100422,CUST4955,Vrinda Sarkar,79,Other,Tamil Nadu,pune,T Nagar,245946,24-01-2024,25-01-2024,P419,Cleaner,Household Items,Household Items,Lizol,2.06,739,518,30,5,2590,UPI,Delivered,76,4,Excellent,Limited,Delivered
ORD100250,CUST8300,Wazir Kaur,41,Other,Delhi,New Delhi,Dwarka,833515,09-09-2025,13-09-2025,P845,Cake,Bakery,Bakery,Monginis,4.45,729,542,26,1,542,CASH ON DELIVERY,Returned,679,3,Late delivery,Limited,Returned
ORD101481,CUST1092,Patrick Bandi,33,Other,Telangana,Hyderabad,Banjara Hills,617249,20-10-2024,21-10-2024,P377,Soap,Personal Care,Personal Care, Dove ,4.94,402,246,39,7,1725,CASH,Returned,40,2,Average,Limited,Delivered
ORD102513,null,Omya Dalal,29,Female,Maharashtra,Unknown,Baner,315553,14-12-2024,16-12-2024,P555,Cleaner,Household Items,Household Items,Lizol,0.39,406,323,22,6,1488,Unknown,Pending,32,4,Average,Limited,Pending
ORD103800,CUST1866,Widisha Saxena,50,Male,Maharashtra,Pune,Baner,24518,02-02-2024,03-02-2024,P170,Frozen Peas,Frozen Food,Frozen Food,Safal,1.17,653,498,24,4,1991,UPI,Returned,52,5,Average,Out of Stock,Delivered
ORD104840,CUST5138,Chakrika Banerjee,18,Female,West Bengal,Kolkata,Salt Lake,744717,04-08-2025,08-04-2025,P610,Cleaner,Household Items,Household Items,Lizol,0.43,479,438,9,3,1315,GPAY,Delivered,59,1,Good,Limited,Pending
ORD101115,CUST3158,Nimrat Bhat,79,Other,Gujarat,Ahmedabad,Navrangpura,157571,17-03-2024,20-03-2024,P637,Banana,Fruits & Vegetables,Fruits & Vegetables,FreshFarm,3.91,724,461,36,1,461,UPI,Returned,34,3,Good,Out of Stock,Pending
ORD104012,null,Advay Sawhney,20,Other,West Bengal,Unknown,Park Street,547492,07-06-2024,08-06-2024,P198,Tea,Beverages,Beverages,Tata Tea,1.05,406,323,9,1,1488,Unknown,Pending,24,3,Average,Limited,Pending
ORD104336,CUST2414,Nathan Gola,26,Other,Delhi,New Delhi,Rohini,665436,18-09-2024,18-09-2024,P909,Banana,Fruits & Vegetables,Fruits & Vegetables,FreshFarm,4.97,638,537,16,8,4298,CASH,Cancelled,15,3,Average,In Stock,Cancelled
ORD100302,CUST4874,Harshil Sood,21,Female,Karnataka,Hyderbad,Koramangala,711258,02-03-2025,02-03-2025,P494,Paneer,Dairy,Dairy, Mother Dairy ,4.75,131,126,4,6,753,GOOGLE PAY,Delivered,84,4,Average,Out of Stock,Delivered
ORD104411,CUST1277,Bishakha Borra,42,Male,Karnataka,Bangalore,Whitefield,562192,25-03-2025,28-03-2025,P116,Detergent,Household Items,Household Items,Surf Excel,4.53,106,76,-16,4,304,GOOGLE PAY,Cancelled,10,3,Average,Limited,Cancelled
ORD101031,CUST6954,Charan Sarma,32,Female,West Bengal,Kolkata,Howrah,126759,28-12-2024,31-12-2024,P200,Sugar,Grocery,Grocery,Madhur,1.06,125,95,24,2,190,Debit Card,Returned,55,3,Average,In Stock,Pending
ORD104358,CUST6103,Vivaan Yohannan,90,Male,Telangana,Hyderabad,Madhapur,872696,03-04-2024,06-04-2024,P581,Juice,Beverages,Beverages,Real,3.46,54,39,-2,3,118,CASH,Cancelled,22,2,Late delivery,In Stock,Pending
ORD103113,CUST6554,Hardik Muni,20,Other,West Bengal,Kolkata,Park Street,548810,30-04-2024,01-05-2024,P802,Detergent,Household Items,Household Items,Surf Excel,4.59,254,201,21,2,403,Debit Card,Pending,19,3,Average,Out of Stock,Delivered
ORD102475,CUST8267,Tamanna Ramakrishnan,66,Female,Telangana,Hyderabad,Madhapur,909562,09-07-2025,13-07-2025,P861,Banana,Fruits & Vegetables,Fruits & Vegetables,FreshFarm,1.22,110,71,36,6,426,GOOGLE PAY,Delivered,47,2,Average,Out of Stock,Delivered
ORD103429,CUST5789,Mahika Lall,69,Female,Delhi,New Delhi,Saket,585024,05-08-2024,05-08-2024,P639,Bread,Bakery,Bakery,Britannia,4.51,142,140,1,8,1119,CASH ON DELIVERY,Pending,524,5,Excellent,Out of Stock,Returned
ORD104971,CUST6444,Aarna Sachar,29,Female,Maharashtra,Nagpur,Dharampeth,285290,06-11-2024,13-06-2024,P750,Sugar,Grocery,Grocery,Madhur,1.58,521,439,16,2,879,UPI,Cancelled,64,3,Average,In Stock,Returned
ORD102836,null,Pushti Mander,49,Female,Delhi,Unknown,Dwarka,789703,08-07-2025,08-08-2025,P969,Detergent,Household Items,Household Items, Surf Excel ,0.94,406,323,20,8,1488,Unknown,Pending,83,5,Average,Out of Stock,Pending
ORD102368,CUST1955,Viraj Patil,45,Female,Karnataka,Mysore,VV Mohalla,720363,08-06-2024,10-06-2024,P211,Detergent,Household Items,Household Items,Surf Excel,1.51,165,156,5,1,156,CASH ON DELIVERY,Returned,46,4,Late delivery,Out of Stock,Delivered
ORD103404,CUST5375,Dayita Madan,35,Male,Maharashtra,Mumbai,Andheri,372104,28-03-2025,30-03-2025,P549,Shampoo,Personal Care,Personal Care,Clinic Plus,2.88,590,356,40,8,2846,UPI,Cancelled,56,2,Late delivery,Out of Stock,Returned
ORD100069,CUST9163,Leela Kurian,38,Other,Tamil Nadu,Chennai,T Nagar,55500,24-10-2024,27-10-2024,P415,Banana,Fruits & Vegetables,Fruits & Vegetables,FreshFarm,2.54,214,202,5,7,1415,UPI,Returned,28,4,Late delivery,In Stock,Cancelled
ORD100462,CUST2641,Chatura Sastry,48,Male,Karnataka,Mysore,Gokulam,442768,21-01-2025,25-01-2025,P266,Toothpaste,Personal Care,Personal Care, Colgate ,2.39,271,174,36,1,174,UPI,Delivered,90,5,Damaged item,Limited,Returned
ORD104020,CUST3971,Kavya Char,67,Female,Maharashtra,Nagpur,Dharampeth,156847,27-06-2025,01-07-2025,P336,Ice Cream,Frozen Food,Frozen Food,Amul,3.11,449,378,16,8,3026,GPAY,Cancelled,11,3,Good,In Stock,Returned
ORD100287,CUST8964,Ishwar Prabhakar,36,Other,Karnataka,Mysore,Gokulam,389648,01-09-2024,01-09-2024,P726,Paneer,Dairy,Dairy,Mother Dairy,4.68,784,737,6,7,5156,Debit Card,Returned,59,3,Good,Limited,Delivered
ORD104841,CUST2396,Oviya Kaur,52,Male,West Bengal,Kolkata,Howrah,104187,11-03-2024,03-12-2024,P595,Bread,Bakery,Bakery,Britannia,4,60,38,37,6,228,GOOGLE PAY,Pending,69,3,Average,In Stock,Delivered
ORD101420,CUST3358,Nicholas Balan,20,Female,Karnataka,Mysore, VV Mohalla ,531579,27-12-2024,30-12-2024,P158,Soft Drink,Beverages,Beverages,Coca-Cola,1.01,675,458,32,6,2749,Debit Card,Returned,44,5,Good,In Stock,Returned
ORD100976,CUST6064,Alexander Kumar,41,Male,Gujarat,Surat,Vesu,25676,29-05-2024,30-05-2024,P693,Tomato,Fruits & Vegetables,Fruits & Vegetables,Organic India,4.99,314,278,11,6,1670,Debit Card,Pending,84,1,Excellent,Out of Stock,Pending
ORD101020,CUST1330,Yashica Natarajan,56,Male,Maharashtra,pune,Sitabuldi,538522,06-07-2025,06-10-2025,P444,Detergent,Household Items,Household Items,Surf Excel,4.75,145,121,16,7,846,GPAY,Returned,38,3,Excellent,In Stock,Cancelled
ORD100215,CUST2689,Varenya Bawa,10,Other,Gujarat,Surat,Vesu,749348,06-12-2025,13-06-2025,P419,Chips,Snacks,Snacks,Lay's,0.21,585,459,22,4,1835,Debit Card,Cancelled,13,2,Excellent,In Stock,Pending
ORD101089,CUST8992,Wishi Verma,39,Female,West Bengal,Kolkata, Park Street ,167269,16-05-2024,17-05-2024,P646,Cleaner,Household Items,Household Items,Lizol,1.71,755,595,21,6,3568,CASH ON DELIVERY,Cancelled,89,2,Average,Limited,Cancelled
ORD101914,CUST9950, Chanchal Patla ,27,Female,Telangana,Hyderabad,Banjara Hills,46234,18-08-2025,18-08-2025,P553,Bread,Bakery,Bakery,Britannia,1.72,486,475,2,7,3323,Debit Card,Returned,39,1,Damaged item,Out of Stock,Cancelled
ORD101736,CUST6348,Aryan Kala,57,Female,Gujarat,Surat,Adajan,82252,02-05-2025,03-05-2025,P799,Namkeen,Snacks,Snacks,Haldiram,4.05,771,755,2,3,2412,UPI,Cancelled,13,3,Late delivery,Out of Stock,Pending
ORD104368,CUST1228,Mahika Puri,29,Other,Gujarat,Surat,Vesu,300193,08-10-2024,10-08-2024,P560,Frozen Peas,Frozen Food,Frozen Food,Safal,0.9,164,138,16,8,1104,GOOGLE PAY,Delivered,8,3,Excellent,In Stock,Returned
ORD101314,CUST4557,Eesha Doshi,57,Other,Telangana,Hyderabad,Banjara Hills,557723,21-03-2024,21-03-2024,P611,Sugar,Grocery,Grocery,Madhur,2.98,308,210,32,2,420,UPI,Delivered,38,3,Late delivery,Limited,Returned
ORD103829,null,Sai Bath,27,Other,Gujarat,Unknown,Navrangpura,772738,20-09-2024,21-09-2024,P294,Banana,Fruits & Vegetables,Fruits & Vegetables,FreshFarm,1.14,406,323,37,8,1488,Unknown,Pending,40,3,Average,Limited,Pending
ORD104988,CUST1220,Rajata Murty,21,Female,Karnataka,Bangalore,Koramangala,765940,29-09-2024,10-03-2024,P886,Sugar,Grocery,Grocery,Madhur,4.01,25,20,17,7,143,GOOGLE PAY,Pending,35,5,Good,Limited,Pending
ORD104371,CUST8072,Barkha Din,27,Other,Delhi,New Delhi,Rohini,170903,23-08-2024,26-08-2024,P491,Cake,Bakery,Bakery,Monginis,4.47,778,671,14,8,5371,GOOGLE PAY,Delivered,28,5,Good,Out of Stock,Delivered
ORD101698,CUST8410,Wyatt Kara,52,Other,Gujarat,Ahmedabad,Satellite,486606,03-06-2025,03-06-2025,P616,Tea,Beverages,Beverages,Tata Tea,0.85,137,129,5,3,530,Debit Card,Pending,68,3,Average,Out of Stock,Returned
ORD102839,CUST7244,Isha Mishra,54,Other,Gujarat,Ahmedabad,Navrangpura,403229,14-06-2025,15-06-2025,P429,Tomato,Fruits & Vegetables,Fruits & Vegetables,Organic India,0.14,175,139,21,3,417,GPAY,Delivered,84,1,Damaged item,Out of Stock,Cancelled
ORD101432,CUST1115,Aryan Subramaniam,65,Male,Karnataka,Mysore,Gokulam,649350,26-03-2024,29-03-2024,P441,Milk,Dairy,Dairy,Amul,1.03,414,267,35,8,2138,GPAY,Cancelled,25,4,Damaged item,In Stock,Delivered
ORD103514,CUST2202, Dakshesh Ganguly ,56,Other,Telangana,Hyderabad,Madhapur,202465,18-06-2024,22-06-2024,P442,Shampoo,Personal Care,Personal Care,Clinic Plus,4.24,664,576,13,8,4610,GOOGLE PAY,Pending,-19,3,Average,Limited,Pending
ORD103954,CUST7680,Diya Cheema,67,Female,Gujarat,PUNE,Vesu,343861,22-06-2024,24-06-2024,P985,Tomato,Fruits & Vegetables,Fruits & Vegetables,Organic India,0.11,319,262,18,7,1831,GPAY,Returned,19,3,Damaged item,Limited,Pending
ORD102230,CUST3264,Nihal Rout,27,Female,Delhi,New Delhi,Rohini,644616,23-11-2024,27-11-2024,P970,Milk,Dairy,Dairy,Amul,0.38,623,600,4,4,2399,UPI,Delivered,41,5,Average,Limited,Cancelled
ORD102274,CUST3873,Ekaja Atwal,74,Female,Delhi,New Delhi,Dwarka,510962,08-07-2024,11-07-2024,P123,Biscuits,Snacks,Snacks,Parle,0.52,324,240,26,8,1922,UPI,Pending,26,2,Average,Out of Stock,Returned
ORD103210,CUST8925,Yashoda Sathe,14,Male,Delhi,New Delhi,Rohini,430926,27-07-2025,31-07-2025,P308,Detergent,Household Items,Household Items,Surf Excel,1.15,357,300,16,3,901,Debit Card,Pending,47,3,Average,Limited,Cancelled
ORD102775,null,Hardik Bedi,36,Male,Delhi,Unknown,Rohini,818060,08-02-2024,09-02-2024,P466,Soap,Personal Care,Personal Care,Dove,4.95,406,323,35,7,1488,Unknown,Pending,13,4,Average,Limited,Pending
ORD101944,CUST4710,Azaan Raj,42,Male,West Bengal,Kolkata,Salt Lake,773749,22-09-2025,23-09-2025,P288,Cleaner,Household Items,Household Items,Lizol,2.28,204,200,2,6,1198,GOOGLE PAY,Pending,69,5,Average,In Stock,Pending
ORD101905,CUST9413,Vaishnavi Sant,61,Female,Telangana,Hyderabad,Gachibowli,267809,07-08-2025,10-08-2025,P737,Ice Cream,Frozen Food,Frozen Food,Amul,2.11,377,283,25,1,283,UPI,Returned,43,3,Good,In Stock,Pending
ORD100510,CUST7652,Daksh Chokshi,24,Female,Gujarat,Surat,Vesu,942542,04-01-2024,03-04-2024,P754,Biscuits,Snacks,Snacks,Parle,1.01,501,449,10,6,2692,GPAY,Pending,19,3,Damaged item,Out of Stock,Cancelled
ORD102190,CUST4524,Nachiket Chandra,19,Other,Maharashtra,Mumbai,Dadar,15839,12-08-2025,12-08-2025,P693,Banana,Fruits & Vegetables,Fruits & Vegetables,FreshFarm,1.43,507,379,-11,8,3031,CASH ON DELIVERY,Cancelled,50,5,Late delivery,Limited,Pending
ORD103980,CUST2630,Hemal Pandya,41,Male,Tamil Nadu,Chennai,Anna Nagar,907772,18-07-2024,20-07-2024,P445,Bread,Bakery,Bakery,Britannia,2.14,729,478,34,5,2461,CASH ON DELIVERY,Returned,87,3,Average,Out of Stock,Cancelled
ORD100953,CUST1312,Yasti Mody,85,Other,Maharashtra,Pune,Hinjewadi,187883,01-08-2024,04-08-2024,P849,Paneer,Dairy,Dairy,Mother Dairy,1.45,316,249,21,3,748,UPI,Delivered,78,1,Excellent,Out of Stock,Pending
ORD103565,null,Chandresh Mander,41,Other,Tamil Nadu,Unknown,RS Puram,297686,30-01-2025,02-02-2025,P557,Paneer,Dairy,Dairy,Mother Dairy,2.35,406,323,33,2,1488,Unknown,Pending,72,1,Average,In Stock,Pending
ORD103674,CUST4266,Isha Khalsa,34,Female,maharashtra,Kolkata,Howrah,397088,09-10-2025,09-10-2025,P453,Paneer,Dairy,Dairy,Mother Dairy,3.54,523,432,17,3,1297,CASH,Pending,62,1,Good,Limited,Cancelled
ORD102276,CUST6754,Veer Vyas,22,Male,Delhi,New Delhi,Dwarka,534527,21-02-2024,23-02-2024,P578,Biscuits,Snacks,Snacks,Parle,1.08,424,375,12,4,1498,GOOGLE PAY,Returned,51,3,Damaged item,In Stock,Delivered
ORD100895,CUST8077, Benjamin Memon ,50,Female,Gujarat,Ahmedabad,Navrangpura,804995,03-03-2025,03-04-2025,P837,Atta,Grocery,Grocery,Aashirvaad,4.83,63,43,32,4,171,CASH,Returned,14,5,Late delivery,In Stock,Delivered
ORD102805,null,Kai Singhal,79,Other,Tamil Nadu,Unknown, Peelamedu ,67248,30-08-2024,31-08-2024,P796,Chips,Snacks,Snacks,Lay's,4.81,406,323,28,5,1488,Unknown,Pending,84,3,Average,Out of Stock,Pending
ORD103562,CUST6414,Laban Rama,24,Male,Tamil Nadu,Mumbai,Park Street,12364,08-04-2024,12-04-2024,P380,Detergent,Household Items,Household Items,Surf Excel,4.42,731,489,33,7,3423,GOOGLE PAY,Cancelled,30,4,Late delivery,In Stock,Delivered
ORD103395,CUST9117,Triya Sarin,62,Female,Delhi,New Delhi,Saket,165683,21-07-2024,22-07-2024,P915,Ice Cream,Frozen Food,Frozen Food,Amul,1.06,113,104,7,2,209,GOOGLE PAY,Cancelled,15,4,Late delivery,Out of Stock,Delivered
ORD102477,CUST9402,Kamya Pillai,22,Other,Gujarat,Ahmedabad,Satellite,800014,27-09-2024,27-09-2024,P260,Shampoo,Personal Care,Personal Care,Clinic Plus,4.26,303,250,17,6,1500,CASH,Pending,80,4,Damaged item,In Stock,Pending
ORD102560,CUST8228, Faraj Kadakia ,28,Male,Karnataka,Mysore,VV Mohalla,148407,18-01-2024,18-01-2024,P188,Frozen Peas,Frozen Food,Frozen Food,Safal,2.11,554,380,31,4,1775,UPI,Pending,44,1,Late delivery,Limited,Cancelled
ORD104764,CUST2372,Chasmum Modi,71,Male,West Bengal,Kolkata,Salt Lake,41644,08-08-2025,08-09-2025,P857,Ice Cream,Frozen Food,Frozen Food,Amul,2.4,304,259,15,2,518,Debit Card,Returned,78,1,Damaged item,In Stock,Returned
ORD100877,CUST3325,Bimala Lall,21,Other,Tamil Nadu,pune,Velachery,502517,11-10-2025,11-11-2025,P436,Ice Cream,Frozen Food,Frozen Food,Amul,0.11,288,247,14,2,494,GPAY,Delivered,40,4,Good,Limited,Pending
ORD104181,CUST6247,Mason Dhawan,74,Other,Tamil Nadu,Chennai,T Nagar,115778,13-04-2024,17-04-2024,P916,Ice Cream,Frozen Food,Frozen Food,Amul,3.84,307,226,27,2,451,UPI,Delivered,80,1,Average,Limited,Pending
ORD101384,CUST3653,Bahadurjit Chada,69,Male,Maharashtra,Pune,Hinjewadi,98586,24-08-2024,28-08-2024,P398,Cleaner,Household Items,Household Items,Lizol,3.43,766,756,1,2,1511,GOOGLE PAY,Cancelled,85,5,Average,In Stock,Returned
ORD100658,CUST4279,Vanya Rege,30,Other,West Bengal,Kolkata,Howrah,916971,12-03-2024,16-03-2024,P107,Juice,Beverages,Beverages,Real,3.17,648,434,33,4,1735,CASH,Delivered,24,4,Average,In Stock,Delivered
ORD103150,CUST4412,Saanvi Parmar,42,Male,Delhi,New Delhi,Saket,746105,11-05-2024,05-11-2024,P150,Atta,Grocery,Grocery,Aashirvaad,2.6,128,93,27,6,560,CASH,Cancelled,702,5,Good,Out of Stock,Returned
ORD100828,CUST1984,Hemangini Dave,23,Other,West Bengal,Kolkata,Howrah,217315,28-03-2025,31-03-2025,P115,Apple,Fruits & Vegetables,Fruits & Vegetables,Kashmir Fresh,0.28,418,392,6,8,3138,UPI,Cancelled,82,5,Damaged item,Out of Stock,Pending
ORD101166,CUST3446,Mugdha Balan,76,Male,Delhi,PUNE,Dwarka,526251,10-02-2024,13-02-2024,P236,Chips,Snacks,Snacks,Lay's,0.13,85,73,15,4,290,CASH,Returned,52,5,Excellent,In Stock,Returned
ORD103533,CUST3837,Harish Dar,51,Other,Karnataka,Bangalore,Whitefield,875844,20-05-2025,21-05-2025,P320,Namkeen,Snacks,Snacks,Haldiram,0.28,394,263,33,6,1577,UPI,Delivered,48,5,Damaged item,Limited,Cancelled
ORD103789,CUST8114,Pranit Naik,57,Other,Delhi,New Delhi,Saket,231795,05-05-2025,05-06-2025,P296,Rice,Grocery,Grocery,India Gate,2.58,83,78,7,6,466,GPAY,Pending,44,2,Excellent,Out of Stock,Pending
ORD100144,CUST1646,Siya Parekh,21,Female,Maharashtra,Nagpur,Sitabuldi,8424,07-06-2025,06-07-2025,P420,Chips,Snacks,Snacks,Lay's,2.19,726,622,14,2,1245,UPI,Delivered,30,1,Average,In Stock,Pending
ORD102357,CUST2858,Lakshmi Bala,24,Male,Gujarat,Surat,Adajan,893489,22-04-2024,24-04-2024,P747,Tomato,Fruits & Vegetables,Fruits & Vegetables,Organic India,2.73,651,514,21,7,3596,Debit Card,Delivered,17,3,Late delivery,In Stock,Cancelled
ORD103157,CUST5351,Sachi Rastogi,46,Other,Telangana,Hyderabad,Gachibowli,675238,09-10-2025,11-09-2025,P393,Biscuits,Snacks,Snacks,Parle,1.27,405,321,21,2,643,Debit Card,Returned,10,2,Average,Limited,Pending
ORD101164,CUST3392,Zaitra Khatri,22,Female,Delhi,New Delhi,Rohini,336479,20-08-2024,23-08-2024,P375,Cake,Bakery,Bakery,Monginis,3.44,489,364,26,4,1455,UPI,Delivered,90,3,Late delivery,Out of Stock,Returned
ORD102007,CUST7955,Ijaya Dugar,76,Female,Gujarat,Ahmedabad,Satellite,146596,27-02-2024,29-02-2024,P897,Detergent,Household Items,Household Items,Surf Excel,1.09,440,400,9,5,1999,UPI,Returned,86,2,Good,Limited,Pending
ORD103549,CUST2475,Raghav Parsa,29,Male,West Bengal,Kolkata,Salt Lake,563799,08-02-2025,02-08-2025,P984,Curd,Dairy,Dairy,Britannia,2.82,140,119,15,5,596,GPAY,Returned,81,2,Excellent,Out of Stock,Delivered
ORD100045,CUST2494,Farhan Suresh,61,Male,Tamil Nadu,Coimbatore,RS Puram,842520,09-04-2025,12-04-2025,P198,Ice Cream,Frozen Food,Frozen Food,Amul,3.75,589,427,28,7,2990,GOOGLE PAY,Pending,16,1,Average,Limited,Cancelled
ORD100206,null,Bhavani Sawhney,71,Male,Karnataka,Unknown,Gokulam,631653,19-10-2024,22-10-2024,P812,Ice Cream,Frozen Food,Frozen Food,Amul,2.78,406,323,15,3,1488,Unknown,Pending,19,4,Average,In Stock,Pending
ORD100448,CUST6089,Vasudha Thaker,48,Female,Telangana,Hyderabad,Madhapur,750847,07-02-2025,02-09-2025,P185,Paneer,Dairy,Dairy,Mother Dairy,0.57,373,310,17,2,620,UPI,Pending,90,5,Late delivery,In Stock,Pending
ORD104629,CUST7345,Tamanna Mani,64,Female,Delhi,New Delhi,Rohini,857714,23-09-2024,24-09-2024,P795,Ice Cream,Frozen Food,Frozen Food,Amul,2.15,241,239,1,2,478,UPI,Pending,63,4,Damaged item,In Stock,Returned
ORD101771,CUST8443,Charvi Zachariah,16,Male,Maharashtra,Mumbai,Bandra,650396,20-12-2024,22-12-2024,P259,Juice,Beverages,Beverages,Real,1.71,346,256,26,5,1280,Debit Card,Delivered,52,1,Excellent,Limited,Cancelled
ORD104790,CUST2063,Yuvraj Jayaraman,42,Male,Maharashtra,Mumbai,Dadar,142292,24-07-2025,26-07-2025,P903,Detergent,Household Items,Household Items,Surf Excel,1.2,289,238,18,6,1425,Debit Card,Pending,44,1,Average,In Stock,Delivered
ORD101861,CUST9534,Chatura Kanda,31,Male,Karnataka,Mysore,Gokulam,617985,12-09-2025,16-09-2025,P603,Banana,Fruits & Vegetables,Fruits & Vegetables,FreshFarm,3.79,490,421,14,3,1262,CASH ON DELIVERY,Cancelled,71,3,Good,Out of Stock,Cancelled
ORD103689,CUST6594,Yashica Kashyap,45,Male,Maharashtra,Nagpur,Sitabuldi,454213,21-11-2024,25-11-2024,P806,Bread,Bakery,Bakery,Britannia,3.54,760,591,22,5,2955,UPI,Delivered,73,2,Late delivery,Out of Stock,Returned
ORD102793,CUST5209,Sanaya Patla,53,Female,Maharashtra,Nagpur,Dharampeth,135857,03-08-2024,11-03-2024,P783,Tomato,Fruits & Vegetables,Fruits & Vegetables,Organic India,3.3,558,391,30,4,1563,CASH,Returned,83,1,Average,Limited,Cancelled
ORD102516,CUST1594,Riya Pandya,56,Other,Gujarat,Ahmedabad,Navrangpura,704825,26-11-2024,29-11-2024,P587,Cake,Bakery,Bakery,Monginis,4.72,364,295,19,6,1768,UPI,Delivered,9,4,Excellent,Limited,Delivered
ORD101121,CUST2813, Bhavani Narula ,71,Female,Telangana,Hyderabad,Madhapur,320144,15-03-2025,16-03-2025,P674,Banana,Fruits & Vegetables,Fruits & Vegetables,FreshFarm,4.07,85,71,16,8,571,Debit Card,Pending,46,4,Late delivery,Out of Stock,Pending
ORD100640,CUST9924,Tamanna Reddy,79,Male,Tamil Nadu,Mumbai,Hinjewadi,403598,25-08-2024,25-08-2024,P309,Atta,Grocery,Grocery,Aashirvaad,4.26,764,555,27,3,1664,UPI,Delivered,67,5,Late delivery,In Stock,Returned
ORD100330,CUST7045,Warhi Char,22,Male,Delhi,New Delhi,Rohini,251117,06-08-2024,06-08-2024,P520,Banana,Fruits & Vegetables,Fruits & Vegetables,FreshFarm,1.58,272,165,39,6,898,CASH,Returned,43,3,Average,Limited,Pending
ORD103420,null,Hamsini Seshadri,38,Other,Delhi,Unknown, Dwarka ,72310,20-03-2024,23-03-2024,P508,Sugar,Grocery,Grocery,Madhur,0.57,406,323,26,7,1488,Unknown,Pending,12,3,Average,In Stock,Pending
ORD101749,CUST5531,Kabir Munshi,41,Female,Gujarat,Ahmedabad,Satellite,968781,28-03-2024,01-04-2024,P523,Soap,Personal Care,Personal Care,Dove,0.46,296,218,26,5,1090,CASH ON DELIVERY,Pending,86,3,Excellent,Limited,Pending
ORD100185,CUST4814,Warhi Sandhu,63,Male,Delhi,New Delhi,Rohini,511924,24-11-2024,24-11-2024,P605,Bread,Bakery,Bakery,Britannia,1.16,59,48,19,3,143,GPAY,Cancelled,9,3,Damaged item,Limited,Delivered
ORD103282,CUST6250,Niharika Agrawal,44,Male,Delhi,New Delhi, Rohini ,614025,11-12-2025,14-11-2025,P114,Bread,Bakery,Bakery,Britannia,2.45,732,643,12,2,1287,UPI,Cancelled,54,1,Excellent,Limited,Cancelled
ORD102811,CUST6120,Adweta Warrior,52,Male,Karnataka,Mysore,Gokulam,47956,04-10-2025,10-05-2025,P392,Soft Drink,Beverages,Beverages,Coca-Cola,2.69,125,93,26,8,744,Debit Card,Pending,71,2,Average,In Stock,Returned
ORD101824,CUST4967,Aadi Mann,65,Female,Karnataka,Bangalore,Whitefield,872360,12-07-2025,07-12-2025,P880,Frozen Peas,Frozen Food,Frozen Food,Safal,3.39,697,648,7,2,1297,Debit Card,Delivered,56,3,Late delivery,In Stock,Pending
ORD103638,CUST6889,Zayan Sankar,75,Other,Maharashtra,Pune,Baner,153984,23-10-2024,23-10-2024,P103,Frozen Peas,Frozen Food,Frozen Food,Safal,1.87,120,88,26,3,264,CASH,Returned,80,3,Average,In Stock,Returned
ORD102943,null,Balvan Sarin,28,Other,West Bengal,Unknown,Park Street,173848,30-09-2024,02-10-2024,P828,Namkeen,Snacks,Snacks,Haldiram,2.49,406,323,0,6,1488,Unknown,Pending,73,1,Average,In Stock,Pending
ORD104546,CUST6087,Isha Borra,36,Female,maharashtra,Kolkata,Salt Lake,626486,08-04-2025,11-04-2025,P760,Banana,Fruits & Vegetables,Fruits & Vegetables,FreshFarm,3.43,454,295,35,6,1772,CASH ON DELIVERY,Delivered,58,2,Average,In Stock,Pending
ORD104389,CUST5827,Vrinda Johal,33,Female,Gujarat,Ahmedabad,Navrangpura,581197,17-05-2024,18-05-2024,P976,Shampoo,Personal Care,Personal Care,Clinic Plus,0.69,421,301,28,2,602,CASH ON DELIVERY,Cancelled,12,4,Average,Limited,Returned
ORD103830,CUST2213,Dalaja Dua,18,Male,Telangana,Hyderabad,Gachibowli,412227,28-08-2025,30-08-2025,P226,Frozen Peas,Frozen Food,Frozen Food,Safal,4.69,671,412,39,3,1237,GOOGLE PAY,Cancelled,19,4,Damaged item,Limited,Cancelled
ORD100643,CUST9836,Nachiket Kothari,45,Male,Maharashtra,Nagpur,Dharampeth,242733,05-03-2025,03-06-2025,P281,Tea,Beverages,Beverages,Tata Tea,2.76,593,472,20,6,2834,GOOGLE PAY,Returned,37,3,Late delivery,Limited,Returned
ORD100070,CUST4189,Tanvi Reddy,41,Female,Maharashtra,Pune,Baner,722508,19-10-2024,23-10-2024,P175,Cake,Bakery,Bakery,Monginis,1.99,681,526,23,1,526,GPAY,Cancelled,14,3,Average,In Stock,Pending
ORD104826,CUST3388,Aarush Parekh,26,Other,Tamil Nadu,Chennai,Anna Nagar,764906,25-03-2025,28-03-2025,P164,Bread,Bakery,Bakery,Britannia,0.92,395,350,11,1,350,UPI,Pending,-19,3,Average,Limited,Returned
ORD100186,CUST4263,Mitali Mahal,87,Female,Telangana,Hyderabad,Gachibowli,198770,02-05-2025,05-02-2025,P633,Paneer,Dairy,Dairy,Mother Dairy,3.36,162,155,4,8,1239,UPI,Returned,12,3,Excellent,Out of Stock,Pending
ORD104584,CUST4062,Ekavir Bala,70,Other,Delhi,New Delhi,Dwarka,287819,02-09-2025,09-03-2025,P782,Tomato,Fruits & Vegetables,Fruits & Vegetables,Organic India,4.95,389,351,10,5,1756,Debit Card,Returned,65,5,Excellent,In Stock,Delivered
ORD104293,CUST8292,Kevin Shah,26,Male,Tamil Nadu,Coimbatore,Peelamedu,874715,20-04-2025,20-04-2025,P167,Soap,Personal Care,Personal Care,Dove,0.96,430,300,30,5,1498,Debit Card,Returned,39,2,Damaged item,Limited,Delivered
ORD102078,CUST1203,Yamini Sagar,23,Female,Maharashtra,Pune,Hinjewadi,190840,18-10-2024,18-10-2024,P547,Soap,Personal Care,Personal Care,Dove,2.53,31,26,16,4,106,CASH,Returned,55,5,Average,Limited,Pending
ORD102814,CUST5553,Naveen Korpal,32,Female,Telangana,Hyderabad,Banjara Hills,883970,11-04-2025,07-11-2025,P270,Rice,Grocery,Grocery,India Gate,2.29,665,563,15,2,1127,CASH,Delivered,86,1,Excellent,Out of Stock,Cancelled
ORD104559,CUST6174, Yoshita Naik ,49,Male,Telangana,Hyderabad,Banjara Hills,649269,21-04-2024,25-04-2024,P871,Frozen Peas,Frozen Food,Frozen Food,Safal,3.74,509,443,13,3,1330,GOOGLE PAY,Cancelled,16,3,Average,Out of Stock,Delivered
ORD102386,CUST5458, Saksham Narula ,37,Male,Delhi,New Delhi,Dwarka,271148,23-02-2024,23-02-2024,P184,Chips,Snacks,Snacks,Lay's,2.59,743,549,26,7,3841,UPI,Pending,46,2,Good,Limited,Returned
ORD100627,CUST9583,Yashodhara Jha,25,Male,Maharashtra,Mumbai,Dadar,917185,11-01-2024,01-12-2024,P486,Detergent,Household Items,Household Items,Surf Excel,1.74,660,659,0,4,2637,CASH ON DELIVERY,Returned,84,3,Excellent,Limited,Delivered
ORD101778,CUST7801,Adya Sachdev,58,Other,West Bengal,Kolkata,Howrah,37039,28-11-2025,28-11-2025,P595,Namkeen,Snacks,Snacks,Haldiram,0.42,502,428,15,7,2996,UPI,Returned,58,5,Late delivery,Out of Stock,Pending
ORD101723,CUST6244,Gautam Suri,32,Other,Tamil Nadu,Coimbatore,RS Puram,635899,21-02-2024,22-02-2024,P111,Sugar,Grocery,Grocery,Madhur,0.24,196,194,1,7,1359,CASH,Cancelled,83,4,Late delivery,Limited,Returned
ORD100623,CUST8059,Yutika Varty,64,Male,Karnataka,Mysore,Gokulam,927585,08-08-2025,10-08-2025,P896,Namkeen,Snacks,Snacks,Haldiram,1.33,252,153,39,7,1074,GPAY,Delivered,75,3,Average,Out of Stock,Pending
ORD104435,CUST8964,Yashodhara Chana,32,Male,Telangana,Hyderabad,Gachibowli,359127,28-03-2024,01-04-2024,P591,Ice Cream,Frozen Food,Frozen Food,Amul,0.14,340,325,4,7,2275,GPAY,Returned,89,1,Average,In Stock,Pending
ORD104432,CUST9606,Zaitra Narayan,50,Female,Gujarat,Ahmedabad,Satellite,923512,15-10-2024,18-10-2024,P607,Juice,Beverages,Beverages,Real,1.64,509,425,17,5,2124,CASH ON DELIVERY,Returned,36,3,Late delivery,Out of Stock,Delivered
ORD101558,CUST8051,Tamanna Bath,75,Male,Tamil Nadu,Coimbatore,RS Puram,144693,11-03-2024,06-11-2024,P730,Rice,Grocery,Grocery,India Gate,4.63,236,196,17,8,1564,GOOGLE PAY,Delivered,27,2,Damaged item,Out of Stock,Pending
ORD104245,CUST7118,Qasim Issac,72,Other,Maharashtra,Mumbai, Powai ,156097,01-03-2025,04-03-2025,P470,Cleaner,Household Items,Household Items,Lizol,3.04,356,253,29,5,1265,CASH ON DELIVERY,Delivered,24,1,Average,Out of Stock,Pending
ORD103748,CUST4422,Yashasvi Mohanty,57,Female,Telangana,Hyderabad,Gachibowli,330198,25-07-2025,28-07-2025,P918,Detergent,Household Items,Household Items,Surf Excel,4.82,673,527,22,2,1054,GOOGLE PAY,Delivered,27,2,Average,In Stock,Cancelled
ORD103486,CUST7842,Dhriti Butala,40,Male,West Bengal,Kolkata,Howrah,419030,06-10-2024,10-09-2024,P584,Biscuits,Snacks,Snacks,Parle,2.81,154,99,36,7,691,CASH,Delivered,65,4,Late delivery,Limited,Delivered
ORD102245,CUST4782,Ranveer More,50,Other,Gujarat,Surat,Adajan,454742,13-03-2024,17-03-2024,P264,Cake,Bakery,Bakery,Monginis,2.43,550,340,38,8,2721,Debit Card,Cancelled,33,3,Average,Out of Stock,Cancelled
ORD101139,CUST2773,Nidra Samra,49,Other,Karnataka,Mysore,Gokulam,691607,07-08-2024,08-08-2024,P210,Ice Cream,Frozen Food,Frozen Food,Amul,1.92,569,451,21,8,3607,CASH,Returned,69,2,Good,In Stock,Pending
ORD102788,CUST9572,Darsh Kalla,38,Male,Delhi,New Delhi,Dwarka,930532,05-06-2024,05-06-2024,P328,Ice Cream,Frozen Food,Frozen Food,Amul,1.8,134,128,5,3,384,GPAY,Pending,78,4,Late delivery,Limited,Pending
ORD101035,CUST1875,Bhavini Hans,62,Female,Delhi,New Delhi, Dwarka ,829023,23-06-2024,24-06-2024,P558,Cleaner,Household Items,Household Items,Lizol,2.68,239,155,35,3,466,CASH ON DELIVERY,Cancelled,59,4,Excellent,Limited,Returned
ORD100152,CUST7240,Chakrika Bhavsar,18,Male,Delhi,New Delhi,Saket,410929,29-07-2025,08-01-2025,P157,Tomato,Fruits & Vegetables,Fruits & Vegetables,Organic India,1.08,546,523,4,7,3659,Debit Card,Pending,11,3,Excellent,In Stock,Delivered
ORD102686,CUST6464,Chandresh Bhatnagar,49,Male,Tamil Nadu,Coimbatore,RS Puram,886612,26-12-2025,26-12-2025,P463,Rice,Grocery,Grocery,India Gate,4.37,333,322,4,7,2251,UPI,Delivered,46,3,Excellent,Limited,Delivered
ORD102235,CUST6369,Tarak Kari,34,Female,Gujarat,pune,Navrangpura,511655,12-09-2025,15-09-2025,P833,Paneer,Dairy,Dairy,Mother Dairy,1.3,238,146,39,3,439,GPAY,Pending,66,1,Damaged item,Limited,Delivered
ORD102584,CUST5871,Jasmit Bera,19,Female,Gujarat,Ahmedabad,Navrangpura,868103,09-11-2024,09-11-2024,P296,Cake,Bakery,Bakery,Monginis,1,708,558,21,4,2234,UPI,Pending,50,5,Good,Out of Stock,Delivered
ORD103703,CUST2891,Girik Raju,42,Other,Maharashtra,Pune,Kothrud,948048,06-10-2025,14-06-2025,P604,Tea,Beverages,Beverages,Tata Tea,4.63,562,543,3,8,4348,Debit Card,Delivered,10,5,Average,In Stock,Pending
ORD104100,null,Ojasvi Narang,43,Other,Karnataka,Unknown,Koramangala,201930,07-11-2025,11-10-2025,P163,Toothpaste,Personal Care,Personal Care,Colgate,2.85,406,323,25,3,1488,Unknown,Pending,22,2,Average,Out of Stock,Pending
ORD104076,CUST8356,Max Sani,59,Male,Delhi,New Delhi,Dwarka,522290,26-05-2024,26-05-2024,P217,Cleaner,Household Items,Household Items,Lizol,0.99,604,581,4,2,1161,GPAY,Returned,19,1,Average,In Stock,Pending
ORD100565,CUST7858,Mason Nayar,41,Female,Maharashtra,pune,Hinjewadi,702146,11-09-2025,15-09-2025,P546,Namkeen,Snacks,Snacks,Haldiram,2.83,362,270,25,1,338,GPAY,Delivered,21,1,Excellent,Limited,Cancelled
ORD102180,CUST9396,Yatin Joshi,54,Other,maharashtra,Mysore,VV Mohalla,277791,19-11-2025,20-11-2025,P907,Milk,Dairy,Dairy,Amul,3.1,394,325,18,3,974,Debit Card,Cancelled,81,2,Damaged item,In Stock,Pending
ORD101289,CUST7461,Abhimanyu Sagar,46,Male,Gujarat,Ahmedabad,Satellite,678434,07-05-2025,08-05-2025,P879,Tomato,Fruits & Vegetables,Fruits & Vegetables,Organic India,1.05,318,268,15,1,268,UPI,Returned,12,2,Average,In Stock,Delivered
ORD102830,CUST7534,Nitesh Barad,18,Male,Karnataka,Bangalore,Indiranagar,643483,26-02-2025,03-01-2025,P904,Detergent,Household Items,Household Items,Surf Excel,4.05,366,264,28,8,2114,GPAY,Cancelled,16,4,Late delivery,In Stock,Returned
ORD100730,CUST1477,Rajeshri Bandi,79,Female,Gujarat,Ahmedabad,Navrangpura,363023,30-11-2025,30-11-2025,P654,Tomato,Fruits & Vegetables,Fruits & Vegetables,Organic India,4.12,253,239,5,8,1914,UPI,Returned,23,2,Late delivery,Limited,Delivered
ORD103421,CUST2957,Umang Tata,40,Female,Maharashtra,Nagpur,Dharampeth,816546,11-10-2024,11-10-2024,P748,Tea,Beverages,Beverages,Tata Tea,0.88,206,168,19,3,503,CASH,Cancelled,49,5,Average,Limited,Cancelled
ORD101967,CUST4783,Ojas Kaul,46,Other,Gujarat,Surat,Adajan,759869,22-04-2025,23-04-2025,P101,Soap,Personal Care,Personal Care,Dove,4.71,245,172,30,1,172,Debit Card,Returned,60,1,Average,Out of Stock,Cancelled
ORD100499,CUST4215,Reva Madan,48,Male,West Bengal,Kolkata,Salt Lake,154706,02-05-2025,05-05-2025,P232,Paneer,Dairy,Dairy,Mother Dairy,4.05,120,104,14,5,518,UPI,Pending,81,1,Average,In Stock,Returned
ORD104937,CUST4478,Shivani Raghavan,43,Female,West Bengal,Kolkata,Park Street,916123,26-11-2024,26-11-2024,P762,Cleaner,Household Items,Household Items,Lizol,2.11,293,228,22,6,1610,CASH ON DELIVERY,Pending,54,3,Average,Limited,Delivered
ORD100942,CUST7124,Ishwar Vora,42,Other,Tamil Nadu,Chennai,T Nagar,933755,09-08-2025,09-08-2025,P694,Detergent,Household Items,Household Items,Surf Excel,4.16,386,269,30,5,1343,UPI,Cancelled,18,1,Excellent,Limited,Returned
ORD103470,CUST9261,Gagan Anne,26,Other,Karnataka,Mysore,Gokulam,438308,11-04-2025,15-04-2025,P311,Tomato,Fruits & Vegetables,Fruits & Vegetables,Organic India,3.4,407,252,38,4,1008,CASH ON DELIVERY,Delivered,67,3,Average,Out of Stock,Cancelled
ORD101390,CUST6550,Wriddhish Kala,52,Other,West Bengal,Kolkata,Salt Lake,556756,18-02-2024,21-02-2024,P443,Rice,Grocery,Grocery,India Gate,0.31,405,300,26,7,2098,CASH,Returned,8,2,Damaged item,Out of Stock,Cancelled
ORD100163,CUST9210,Vasudha Raju,72,Other,West Bengal,Kolkata,Salt Lake,100896,10-07-2025,14-07-2025,P472,Cleaner,Household Items,Household Items,Lizol,2.56,530,350,34,8,2796,CASH ON DELIVERY,Pending,67,3,Late delivery,Limited,Pending
ORD104136,CUST5638,Irya Purohit,75,Female,Tamil Nadu,Coimbatore,RS Puram,307027,11-09-2024,12-11-2024,P266,Soft Drink,Beverages,Beverages,Coca-Cola,2.53,656,524,20,5,2618,CASH,Cancelled,70,3,Good,Out of Stock,Returned
ORD103006,CUST9392,Naveen Natt,26,Other,West Bengal,Kolkata,Park Street,888370,08-02-2024,03-08-2024,P492,Tea,Beverages,Beverages,Tata Tea,0.8,27,22,19,6,131,CASH ON DELIVERY,Cancelled,41,1,Excellent,Out of Stock,Returned
ORD100121,CUST6883,Henry Rege,52,Female,maharashtra,Coimbatore,Peelamedu,749371,13-10-2024,16-10-2024,P452,Milk,Dairy,Dairy,Amul,4.57,347,297,14,3,892,CASH,Cancelled,56,3,Late delivery,In Stock,Cancelled
ORD102238,CUST9865,Megha Lad,62,Female,Delhi,PUNE,Dwarka,351473,29-07-2024,29-07-2024,P678,Soap,Personal Care,Personal Care,Dove,4.25,364,250,31,4,1002,CASH,Returned,4,2,Average,In Stock,Pending
ORD103950,CUST7577,Shaurya Jani,70,Male,Delhi,New Delhi,Rohini,590094,25-09-2025,25-09-2025,P455,Banana,Fruits & Vegetables,Fruits & Vegetables,FreshFarm,4.75,680,504,26,4,2017,CASH,Cancelled,54,3,Good,Limited,Pending
ORD104474,CUST8361,Yauvani Puri,56,Male,Telangana,Hyderabad,Gachibowli,467966,28-12-2025,28-12-2025,P905,Chips,Snacks,Snacks,Lay's,0.24,372,275,26,8,2197,GOOGLE PAY,Pending,45,3,Excellent,In Stock,Delivered
ORD100857,CUST2541,Priya Bains,39,Female,Maharashtra,Nagpur,Dharampeth,545269,18-11-2024,19-11-2024,P890,Cleaner,Household Items,Household Items,Lizol,0.78,68,45,33,5,225,CASH,Delivered,48,2,Average,In Stock,Returned
ORD104920,CUST1421,Neelima Sidhu,86,Female,West Bengal,Kolkata, Howrah ,511520,04-05-2024,05-04-2024,P322,Banana,Fruits & Vegetables,Fruits & Vegetables,FreshFarm,3.5,783,554,29,2,1108,CASH,Delivered,67,2,Good,In Stock,Delivered
ORD103167,CUST2091,Zansi Pandit,41,Male,Gujarat,Ahmedabad,Satellite,257468,04-06-2025,08-04-2025,P242,Frozen Peas,Frozen Food,Frozen Food, Safal ,4.01,576,505,12,4,2020,UPI,Cancelled,10,3,Average,In Stock,Cancelled
ORD102087,CUST7811,Sachi Thakkar,13,Female,Telangana,Hyderabad,Gachibowli,545800,23-04-2025,23-04-2025,P168,Shampoo,Personal Care,Personal Care,Clinic Plus,1.04,128,112,13,8,894,UPI,Delivered,56,3,Good,Limited,Returned
ORD100154,CUST2955,Niharika Sarna,29,Female,West Bengal,Kolkata,Park Street,762876,13-07-2025,17-07-2025,P385,Toothpaste,Personal Care,Personal Care,Colgate,2.83,625,616,1,4,2466,UPI,Pending,73,3,Good,Out of Stock,Returned
ORD101261,CUST8895,Frederick Subramaniam,19,Male,maharashtra,Bangalore,Indiranagar,613688,03-01-2025,04-03-2025,P208,Namkeen,Snacks,Snacks,Haldiram,4.96,98,68,31,1,68,UPI,Delivered,51,3,Average,Out of Stock,Returned
ORD100955,CUST4673,Urishilla Dar,19,Male,Delhi,New Delhi,Saket,362203,19-10-2025,22-10-2025,P714,Banana,Fruits & Vegetables,Fruits & Vegetables,FreshFarm,0.64,581,480,17,7,3360,UPI,Returned,78,2,Excellent,Limited,Delivered
ORD100034,CUST6439,Urishilla Sinha,20,Male,Delhi,New Delhi,Dwarka,820166,21-11-2024,24-11-2024,P638,Frozen Peas,Frozen Food,Frozen Food,Safal,4.56,321,278,13,7,1946,UPI,Pending,83,3,Late delivery,In Stock,Returned
ORD100475,CUST7554,Bahadurjit Bhattacharyya,28,Female,Delhi,New Delhi,Rohini,456050,18-04-2024,20-04-2024,P949,Toothpaste,Personal Care,Personal Care,Colgate,1.74,196,149,24,7,1043,GPAY,Pending,30,1,Damaged item,Limited,Returned
ORD102296,CUST5902,Megha Mahal,55,Other,Gujarat,Ahmedabad,Satellite,31243,08-08-2025,08-12-2025,P647,Sugar,Grocery,Grocery,Madhur,3.2,229,212,7,8,1700,CASH ON DELIVERY,Delivered,82,4,Excellent,In Stock,Returned
ORD101871,CUST7506,Faras Sarna,25,Other,Gujarat,Surat,Adajan,448557,21-01-2024,22-01-2024,P635,Tomato,Fruits & Vegetables,Fruits & Vegetables,Organic India,3.64,464,435,6,2,870,CASH ON DELIVERY,Returned,47,4,Late delivery,Limited,Delivered
ORD104520,CUST6764,Ekaraj Aggarwal,41,Male,Delhi,New Delhi,Rohini,685242,10-06-2025,14-06-2025,P870,Cake,Bakery,Bakery,Monginis,1.58,228,150,34,6,902,GPAY,Returned,74,3,Late delivery,In Stock,Delivered
ORD102506,CUST1101,Joshua Dora,39,Male,Tamil Nadu,Coimbatore,Peelamedu,320762,20-10-2025,20-10-2025,P368,Ice Cream,Frozen Food,Frozen Food,Amul,2.96,449,423,6,1,287,CASH ON DELIVERY,Delivered,42,2,Good,Limited,Cancelled
ORD102672,CUST2196,Jackson Sahni,26,Male,West Bengal,Kolkata,Howrah,161331,22-06-2024,26-06-2024,P694,Soft Drink,Beverages,Beverages,Coca-Cola,1.48,675,600,11,4,2402,CASH,Returned,74,3,Excellent,In Stock,Delivered
ORD104600,CUST9093,Tejas Nair,22,Female,West Bengal,Kolkata,Salt Lake,755318,07-07-2025,07-07-2025,P474,Ice Cream,Frozen Food,Frozen Food,Amul,3.86,390,275,29,3,825,GPAY,Delivered,75,3,Average,In Stock,Cancelled
ORD100785,CUST7607,Advika Khare,10,Male,Delhi,pune,Rohini,359696,21-12-2024,24-12-2024,P464,Apple,Fruits & Vegetables,Fruits & Vegetables,Kashmir Fresh,3.26,31,30,3,4,122,UPI,Cancelled,57,3,Good,Limited,Cancelled
ORD100061,CUST6438,Gabriel Sandhu,40,Female,Telangana,Hyderabad,Gachibowli,531629,19-11-2024,21-11-2024,P547,Rice,Grocery,Grocery,India Gate,4.46,792,647,18,7,4528,CASH ON DELIVERY,Returned,14,3,Late delivery,Out of Stock,Returned
ORD100465,CUST7452,Wakeeta Chana,36,Other,Tamil Nadu,Coimbatore,RS Puram,761638,19-04-2025,20-04-2025,P600,Cake,Bakery,Bakery,Monginis,3.38,322,234,27,2,469,CASH,Delivered,62,5,Late delivery,In Stock,Cancelled
ORD100750,CUST1463,Tarak Ramesh,29,Female,Tamil Nadu,Chennai,Anna Nagar,932283,08-08-2024,08-08-2024,P690,Cleaner,Household Items,Household Items,Lizol,4.82,353,338,4,3,1013,CASH,Returned,57,5,Damaged item,Out of Stock,Pending
ORD102502,CUST7405,Leela Hegde,42,Other,Gujarat,Surat, Adajan ,273082,16-09-2024,20-09-2024,P441,Frozen Peas,Frozen Food,Frozen Food,Safal,1.3,198,186,6,2,371,CASH ON DELIVERY,Pending,55,3,Average,In Stock,Returned
ORD102819,CUST9988,Simon Narula,71,Male,Tamil Nadu,Chennai,T Nagar,949326,19-12-2024,22-12-2024,P222,Cleaner,Household Items,Household Items,Lizol,2.87,132,124,6,4,495,UPI,Pending,12,3,Average,Limited,Returned
ORD103959,CUST5964,Jagat Babu,68,Male,Tamil Nadu,Mumbai,RS Puram,721939,01-02-2024,02-01-2024,P826,Bread,Bakery,Bakery,Britannia,2.68,711,653,8,4,2613,CASH ON DELIVERY,Cancelled,63,5,Damaged item,Out of Stock,Cancelled
ORD103272,CUST3155,Chanchal Sha,54,Other,Maharashtra,Mumbai,Powai,857342,24-12-2024,27-12-2024,P586,Paneer,Dairy,Dairy,Mother Dairy,2.39,699,484,31,4,1934,CASH ON DELIVERY,Delivered,88,2,Late delivery,Limited,Returned
ORD101216,null,Harish Ray,58,Female,Tamil Nadu,Unknown,Peelamedu,550561,04-08-2025,06-08-2025,P626,Cake,Bakery,Bakery,Monginis,1.89,406,323,39,6,1488,Unknown,Pending,80,5,Average,Limited,Pending
ORD102947,CUST3383,Aadhya Sethi,46,Male,Tamil Nadu,Coimbatore,RS Puram,747558,02-06-2024,06-03-2024,P238,Bread,Bakery,Bakery,Britannia,2.07,539,452,16,6,2714,UPI,Delivered,30,3,Excellent,In Stock,Returned
ORD101971,null,Patrick Deshmukh,52,Male,Tamil Nadu,Unknown,T Nagar,621444,09-04-2024,09-04-2024,P640,Shampoo,Personal Care,Personal Care,Clinic Plus,3.06,406,323,32,6,1488,Unknown,Pending,30,3,Average,Limited,Pending
ORD103899,CUST7668,Aarna Sarma,36,Female,Delhi,New Delhi,Dwarka,945987,03-09-2024,09-05-2024,P194,Biscuits,Snacks,Snacks,Parle,4.84,617,599,3,3,1797,Debit Card,Pending,31,1,Good,Out of Stock,Cancelled
ORD100183,CUST9767,Tamanna Barad,26,Male,Delhi,New Delhi,Rohini,346254,04-01-2024,04-04-2024,P873,Bread,Bakery,Bakery,Britannia,2.44,305,215,30,5,1292,UPI,Returned,68,5,Late delivery,In Stock,Cancelled
ORD100695,CUST2256,Vansha Wason,39,Male,Gujarat,Ahmedabad,Satellite,699457,01-10-2024,01-10-2024,P257,Soft Drink,Beverages,Beverages,Coca-Cola,4.68,547,422,23,1,422,GPAY,Cancelled,33,5,Average,Limited,Returned
ORD102093,CUST5638,Advay Sridhar,42,Other,Karnataka,Bangalore,Indiranagar,175123,06-04-2024,04-09-2024,P460,Detergent,Household Items,Household Items,Surf Excel,0.69,153,150,2,1,150,CASH ON DELIVERY,Returned,85,4,Good,Out of Stock,Delivered
ORD101135,CUST2451, Geetika Dasgupta ,63,Other,Tamil Nadu,pune,Anna Nagar,576750,14-10-2024,17-10-2024,P530,Rice,Grocery,Grocery,India Gate,4.66,321,224,30,2,448,UPI,Cancelled,53,1,Average,Limited,Returned
ORD104694,CUST2607,Darika Kade,40,Female,Telangana,Hyderabad,Banjara Hills,875101,24-07-2025,25-07-2025,P369,Detergent,Household Items,Household Items,Surf Excel,3.42,172,130,24,1,130,CASH ON DELIVERY,Delivered,83,2,Average,Out of Stock,Pending
ORD102202,CUST8280,Divya Sant,48,Female,Karnataka,Mysore,VV Mohalla,346604,15-04-2024,15-04-2024,P983,Ice Cream,Frozen Food,Frozen Food,Amul,4.07,116,76,35,8,606,CASH ON DELIVERY,Pending,23,1,Good,In Stock,Pending
ORD104152,CUST5955, Pallavi Khatri ,29,Female,Karnataka,Bangalore,Koramangala,257473,09-01-2024,12-01-2024,P221,Detergent,Household Items,Household Items,Surf Excel,3.79,169,135,20,4,541,UPI,Delivered,30,1,Average,Limited,Returned
ORD104832,CUST1355,Orinder Dutt,53,Other,Maharashtra,Pune,Baner,405101,21-08-2025,23-08-2025,P813,Atta,Grocery,Grocery,Aashirvaad,3.18,77,57,26,3,171,GPAY,Pending,90,2,Average,Out of Stock,Pending
ORD104818,CUST7743,Avi Radhakrishnan,46,Male,Tamil Nadu,Mumbai,Adajan,629080,02-06-2025,05-06-2025,P725,Shampoo,Personal Care,Personal Care,Clinic Plus,1.6,403,256,36,6,1538,CASH,Pending,61,5,Excellent,Out of Stock,Delivered
ORD102413,CUST5660,Isha Loyal,69,Other,Telangana,Hyderabad,Gachibowli,911159,11-09-2024,12-09-2024,P353,Bread,Bakery,Bakery,Britannia,3.75,53,47,11,1,47,Debit Card,Delivered,38,2,Average,Limited,Delivered
ORD103697,CUST1637,Eiravati Raval,75,Other,Gujarat,Ahmedabad,Navrangpura,844821,16-09-2024,20-09-2024,P960,Cake,Bakery,Bakery,Monginis,2.62,95,90,6,8,717,GPAY,Delivered,89,1,Good,In Stock,Pending
ORD103457,CUST8519,Manan Sampath,53,Male,Karnataka,Bangalore,Koramangala,330692,18-03-2025,19-03-2025,P593,Cake,Bakery,Bakery,Monginis,0.4,24,23,3,7,162,GOOGLE PAY,Cancelled,23,4,Average,Out of Stock,Delivered
ORD103210,CUST8925,Yashoda Sathe,14,Male,Delhi,New Delhi,Rohini,430926,27-07-2025,31-07-2025,P308,Detergent,Household Items,Household Items,Surf Excel,1.15,357,300,16,3,901,Debit Card,Pending,47,3,Average,Limited,Cancelled
ORD104594,CUST5787,Ishani Joshi,61,Other,Gujarat,Surat,Adajan,99102,11-10-2024,13-11-2024,P184,Banana,Fruits & Vegetables,Fruits & Vegetables,FreshFarm,2.44,294,203,31,4,813,CASH,Delivered,31,1,Late delivery,In Stock,Delivered
ORD103172,CUST4652,Eta Goswami,45,Female,Delhi,New Delhi,Saket,837530,26-01-2025,30-01-2025,P403,Cake,Bakery,Bakery,Monginis,3.49,248,201,19,3,602,Debit Card,Cancelled,62,2,Excellent,In Stock,Cancelled
ORD103809,CUST8475,Mohammed Seshadri,23,Other,Maharashtra,Nagpur,Dharampeth,999865,09-12-2024,12-12-2024,P599,Cake,Bakery,Bakery,Monginis,4.66,112,102,9,5,510,CASH ON DELIVERY,Pending,22,2,Average,Out of Stock,Cancelled
ORD103407,CUST2894,Lekha Bir,41,Male,Tamil Nadu,Chennai,T Nagar,19429,06-10-2024,10-10-2024,P391,Apple,Fruits & Vegetables,Fruits & Vegetables,Kashmir Fresh,4.41,299,214,28,5,1072,GOOGLE PAY,Returned,62,3,Late delivery,In Stock,Pending
ORD103709,CUST9761, Deepa Vohra ,42,Female,Gujarat,Surat,Vesu,283950,15-11-2024,17-11-2024,P507,Banana,Fruits & Vegetables,Fruits & Vegetables,FreshFarm,2.79,471,438,7,1,438,GPAY,Returned,60,3,Average,Limited,Returned
ORD103266,CUST2609,Chaitanya Gour,31,Female,West Bengal,Kolkata,Park Street,88561,24-07-2025,28-07-2025,P223,Curd,Dairy,Dairy,Britannia,3.74,600,583,3,8,4666,GPAY,Returned,42,3,Average,In Stock,Cancelled
ORD101575,CUST7576,Anika Kurian,57,Other,Tamil Nadu,Chennai,Anna Nagar,200696,23-12-2024,23-12-2024,P722,Rice,Grocery,Grocery,India Gate,0.27,700,607,13,5,3033,UPI,Delivered,60,3,Late delivery,Limited,Delivered
ORD104821,CUST2894,Ekavir Sridhar,39,Male,Tamil Nadu,Coimbatore,Peelamedu,736654,04-03-2024,04-03-2024,P684,Juice,Beverages,Beverages,Real,4.25,127,84,34,6,503,UPI,Returned,77,2,Average,In Stock,Pending
ORD102620,CUST5017,Ekaja Basu,53,Other,Telangana,Hyderabad,Madhapur,874814,20-02-2024,20-02-2024,P585,Banana,Fruits & Vegetables,Fruits & Vegetables,FreshFarm,3.23,201,198,2,8,1405,GPAY,Returned,26,2,Late delivery,Limited,Pending
ORD100632,CUST1778,Girish Dave,46,Other,Telangana,Hyderabad,Madhapur,659398,21-02-2025,21-02-2025,P694,Detergent,Household Items,Household Items,Surf Excel,3.57,202,152,25,4,607,Debit Card,Cancelled,10,5,Late delivery,In Stock,Returned
ORD100537,CUST1220,Leela Kadakia,23,Other,Gujarat,Ahmedabad,Satellite,835459,24-01-2024,25-01-2024,P172,Detergent,Household Items,Household Items, Surf Excel ,0.87,210,141,33,2,281,CASH ON DELIVERY,Returned,9,3,Average,Limited,Delivered
ORD104732,CUST5868,Girish Acharya,24,Male,Tamil Nadu,Coimbatore,RS Puram,945654,22-09-2024,26-09-2024,P373,Cake,Bakery,Bakery,Monginis,0.85,795,540,32,8,4321,CASH,Returned,73,2,Average,Out of Stock,Returned
ORD101048,CUST5657,Dalbir Sengupta,41,Male,Karnataka,Mysore,VV Mohalla,769224,14-04-2024,18-04-2024,P280,Cake,Bakery,Bakery,Monginis,1.98,360,304,16,7,2131,CASH,Pending,30,3,Excellent,In Stock,Returned
ORD101293,CUST9588,Chandani Saha,18,Other,West Bengal,Kolkata,Howrah,637013,23-11-2024,23-11-2024,P999,Cake,Bakery,Bakery,Monginis,1.21,217,198,9,3,594,CASH,Cancelled,42,1,Late delivery,Out of Stock,Cancelled
ORD103671,CUST3985,Quincy Dutta,71,Male,Tamil Nadu,Chennai,Anna Nagar,813130,20-01-2024,20-01-2024,P883,Sugar,Grocery,Grocery,Madhur,0.55,795,536,33,7,3749,UPI,Pending,40,4,Damaged item,In Stock,Cancelled
ORD103482,CUST2885,Wyatt Kant,20,Female,Maharashtra,Nagpur,Dharampeth,508705,28-05-2024,06-01-2024,P984,Sugar,Grocery,Grocery,Madhur,4.7,628,405,35,8,3242,CASH ON DELIVERY,Delivered,68,3,Late delivery,In Stock,Delivered
ORD102075,CUST2864,Yahvi Tara,65,Female,Karnataka,Bangalore,Whitefield,568131,22-09-2024,22-09-2024,P307,Cleaner,Household Items,Household Items,Lizol,4.55,781,761,3,5,3806,UPI,Cancelled,24,1,Excellent,Out of Stock,Delivered
ORD100120,CUST6799,Logan Handa,49,Male,Maharashtra,Pune,Wakad,743753,05-12-2024,05-12-2024,P386,Chips,Snacks,Snacks,Lay's,2.29,755,468,38,1,468,UPI,Delivered,1,5,Average,In Stock,Cancelled
ORD104338,CUST6846,Frederick Dugal,32,Other,Delhi,New Delhi,Dwarka,421895,08-07-2025,08-11-2025,P165,Namkeen,Snacks,Snacks,Haldiram,1.14,428,391,9,8,3127,GOOGLE PAY,Pending,67,3,Excellent,Limited,Delivered
ORD103184,CUST8704,Mugdha Solanki,70,Other,Karnataka,Mysore,VV Mohalla,539492,14-07-2024,15-07-2024,P393,Frozen Peas,Frozen Food,Frozen Food,Safal,4.2,235,231,2,8,1850,Debit Card,Returned,-16,4,Average,In Stock,Delivered
ORD100403,CUST7317,Orinder Dasgupta,76,Female,Tamil Nadu,Coimbatore,RS Puram,779978,14-12-2024,15-12-2024,P307,Bread,Bakery,Bakery,Britannia,3.92,613,444,28,6,2666,UPI,Delivered,54,4,Late delivery,Limited,Cancelled
ORD100181,null,Charan Vala,78,Male,Gujarat,Unknown,Vesu,122282,31-03-2025,02-04-2025,P197,Ice Cream,Frozen Food,Frozen Food,Amul,0.41,406,323,33,8,1488,Unknown,Pending,18,4,Average,In Stock,Pending
ORD104783,CUST1402,Faris Saxena,31,Other,Telangana,pune,Madhapur,608974,09-09-2024,13-09-2024,P957,Tomato,Fruits & Vegetables,Fruits & Vegetables,Organic India,4.42,684,633,7,6,3796,CASH ON DELIVERY,Delivered,24,1,Damaged item,Out of Stock,Pending
ORD103529,CUST1359,Ubika Vyas,73,Other,Maharashtra,Nagpur, Dharampeth ,411050,30-07-2024,30-07-2024,P431,Tea,Beverages,Beverages,Tata Tea,3.42,49,35,29,6,209,GPAY,Returned,13,4,Average,In Stock,Cancelled
ORD101053,CUST8302,Udant Madan,55,Male,West Bengal,Kolkata,Howrah,971944,16-02-2024,17-02-2024,P964,Soap,Personal Care,Personal Care,Dove,0.74,723,664,8,5,3319,UPI,Pending,50,3,Average,Limited,Returned
ORD101014,CUST5927,Devika Boase,31,Male,West Bengal,Kolkata,Howrah,323228,27-04-2025,27-04-2025,P711,Toothpaste,Personal Care,Personal Care,Colgate,3.48,210,191,9,5,955,Debit Card,Delivered,40,1,Average,Limited,Cancelled
ORD104626,CUST1761,Fiyaz Kapoor,27,Male,Telangana,Hyderabad,Banjara Hills,290365,25-06-2024,29-06-2024,P243,Cake,Bakery,Bakery,Monginis,0.61,106,75,30,1,75,GPAY,Returned,27,3,Average,In Stock,Delivered
ORD101027,CUST5600,Ekansh Kaur,38,Female,West Bengal,Kolkata,Park Street,411752,15-02-2024,15-02-2024,P658,Detergent,Household Items,Household Items,Surf Excel,1.62,667,578,13,4,2312,UPI,Delivered,39,2,Average,Limited,Pending
ORD104398,CUST2703,Krisha Brar,49,Other,Maharashtra,Pune,Kothrud,765462,22-11-2024,22-11-2024,P757,Tomato,Fruits & Vegetables,Fruits & Vegetables,Organic India,4.82,85,78,8,7,548,UPI,Cancelled,80,5,Excellent,Limited,Pending
ORD101556,CUST9623,Raagini Sathe,53,Other,Telangana,Hyderabad,Madhapur,809946,04-02-2024,02-07-2024,P591,Soap,Personal Care,Personal Care,Dove,1.65,720,502,30,3,1507,CASH ON DELIVERY,Cancelled,14,1,Average,Limited,Cancelled
ORD100269,CUST4867,Jairaj Batra,23,Male,Gujarat,Surat,Adajan,983893,17-11-2024,21-11-2024,P612,Milk,Dairy,Dairy,Amul,4.67,696,669,4,5,3343,CASH,Cancelled,25,1,Late delivery,Limited,Delivered
ORD102717,null, Chandran Hayre ,29,Female,Tamil Nadu,Unknown,RS Puram,286513,03-11-2024,07-11-2024,P525,Paneer,Dairy,Dairy,Mother Dairy,3.07,406,323,4,6,1488,Unknown,Pending,87,2,Average,Limited,Pending
ORD102001,CUST2284,Nihal Vohra,56,Female,Tamil Nadu,Chennai,T Nagar,590123,03-03-2025,04-03-2025,P970,Ice Cream,Frozen Food,Frozen Food,Amul,4.89,88,62,30,2,124,UPI,Returned,68,3,Late delivery,Limited,Pending
ORD102939,CUST1089,Amaira Sachdeva,46,Other,Karnataka,Mysore,Gokulam,764859,27-08-2024,31-08-2024,P238,Apple,Fruits & Vegetables,Fruits & Vegetables,Kashmir Fresh,3.41,348,333,4,2,666,UPI,Pending,33,3,Average,In Stock,Delivered
ORD103814,null,Victor Hari,24,Male,Telangana,Unknown,Banjara Hills,772745,30-12-2024,01-03-2025,P973,Banana,Fruits & Vegetables,Fruits & Vegetables,FreshFarm,4.55,406,323,16,8,1488,Unknown,Pending,32,5,Average,In Stock,Pending
ORD103186,CUST1455,Hritik Chand,58,Female,West Bengal,Kolkata,Park Street,21401,02-12-2024,04-12-2024,P802,Bread,Bakery,Bakery,Britannia,0.46,103,100,3,1,-47,GPAY,Cancelled,70,3,Late delivery,Out of Stock,Cancelled
ORD100216,CUST5440,Indira Khatri,52,Male,Telangana,Hyderabad,Banjara Hills,847577,18-11-2025,18-11-2025,P687,Soap,Personal Care,Personal Care,Dove,1.3,136,97,-20,5,484,UPI,Cancelled,48,3,Average,Out of Stock,Delivered
ORD104067,CUST8767,Hema Bhargava,45,Male,Gujarat,Ahmedabad,Navrangpura,545489,25-05-2024,26-05-2024,P584,Soap,Personal Care,Personal Care, Dove ,0.34,259,197,24,7,1382,UPI,Delivered,747,3,Excellent,In Stock,Delivered
ORD104121,CUST1596,Daksh Dewan,86,Female,Gujarat,Surat,Adajan,304690,29-10-2025,11-01-2025,P421,Sugar,Grocery,Grocery,Madhur,2.77,664,566,15,4,2264,GOOGLE PAY,Pending,81,1,Late delivery,Limited,Cancelled
ORD100293,CUST5986,Yug Rattan,44,Other,Tamil Nadu,Chennai,Velachery,972127,18-10-2025,19-10-2025,P452,Curd,Dairy,Dairy,Britannia,0.14,783,776,1,1,776,GOOGLE PAY,Pending,78,4,Damaged item,Limited,Pending
ORD102487,CUST6325,Osha Apte,76,Female,Gujarat,PUNE,Satellite,636558,28-07-2024,08-01-2024,P968,Sugar,Grocery,Grocery,Madhur,1.44,635,519,18,7,3635,UPI,Pending,42,5,Excellent,Out of Stock,Returned
ORD104915,CUST2267,Kevin Ram,31,Male,Gujarat,Ahmedabad,Satellite,642616,18-09-2024,20-09-2024,P708,Shampoo,Personal Care,Personal Care,Clinic Plus,2.35,259,248,4,3,743,UPI,Cancelled,666,4,Good,Limited,Cancelled
ORD100148,CUST4389,Kavya Gill,58,Other,Tamil Nadu,Coimbatore,RS Puram,767937,15-04-2024,18-04-2024,P449,Bread,Bakery,Bakery,Britannia,1.88,48,39,18,7,275,UPI,Pending,73,3,Average,Limited,Returned
ORD101584,CUST7698,David Menon,73,Other,West Bengal,Kolkata,Park Street,762829,23-10-2024,25-10-2024,P934,Namkeen,Snacks,Snacks, Haldiram ,3.06,634,432,32,4,1726,UPI,Cancelled,59,4,Average,Out of Stock,Returned
ORD101891,CUST1223,Nisha Bhatnagar,50,Female,Karnataka,Mysore, Gokulam ,31129,28-06-2024,07-02-2024,P476,Frozen Peas,Frozen Food,Frozen Food,Safal,0.14,605,427,29,1,427,Debit Card,Cancelled,81,5,Average,In Stock,Returned
ORD104695,CUST4589,Finn Nagar,54,Female,Karnataka,Bangalore,Indiranagar,220304,07-10-2025,11-07-2025,P931,Rice,Grocery,Grocery,India Gate,1.73,621,587,5,7,4108,CASH ON DELIVERY,Returned,39,3,Average,Limited,Delivered
ORD104644,CUST4708,Krisha Morar,37,Other,Karnataka,Mysore,Gokulam,64312,20-03-2024,20-03-2024,P760,Atta,Grocery,Grocery,Aashirvaad,2.62,527,343,35,4,1370,GPAY,Pending,621,3,Good,Out of Stock,Cancelled
ORD104350,CUST5333,Abdul Pathak,27,Female,Telangana,Hyderabad,Madhapur,937621,23-01-2024,27-01-2024,P813,Frozen Peas,Frozen Food,Frozen Food,Safal,2.47,411,253,38,5,1264,GOOGLE PAY,Delivered,38,3,Good,Limited,Delivered
ORD100583,CUST1181,Vinaya Natarajan,37,Male,Tamil Nadu,Coimbatore,RS Puram,73814,08-06-2025,06-12-2025,P828,Soft Drink,Beverages,Beverages,Coca-Cola,2.85,52,51,1,8,410,UPI,Delivered,29,2,Average,Limited,Cancelled
ORD101111,CUST2399,Aishani Gupta,66,Male,Delhi,New Delhi,Rohini,638156,29-07-2024,02-08-2024,P466,Curd,Dairy,Dairy,Britannia,0.7,133,91,31,7,640,CASH,Returned,16,2,Average,In Stock,Returned
ORD102012,CUST1956,Bhavani Zachariah,43,Male,Karnataka,Bangalore,Whitefield,788776,05-09-2024,08-09-2024,P567,Shampoo,Personal Care,Personal Care,Clinic Plus,3.62,51,40,22,4,160,GPAY,Returned,66,1,Damaged item,Limited,Cancelled
ORD101743,null,Chandani Pandya,33,Male,Gujarat,pune,Navrangpura,367625,25-07-2025,25-07-2025,P164,Bread,Bakery,Bakery,Britannia,2.1,406,323,32,6,1488,Unknown,Pending,30,5,Average,In Stock,Pending
ORD102486,CUST3266,Rachita Butala,36,Female,Gujarat,Ahmedabad,Satellite,266404,25-12-2024,27-12-2024,P679,Frozen Peas,Frozen Food,Frozen Food,Safal,0.75,141,121,14,3,364,Debit Card,Returned,21,5,Average,In Stock,Cancelled
ORD102503,CUST9312,Alexander Sura,62,Male,Gujarat,PUNE,Adajan,30435,14-10-2024,17-10-2024,P641,Juice,Beverages,Beverages,Real,3.1,92,86,6,7,603,CASH ON DELIVERY,Pending,52,3,Average,Out of Stock,Cancelled
ORD104909,CUST2690,Abhiram Goel,43,Female,Maharashtra,Mumbai, Powai ,497031,28-03-2024,30-03-2024,P949,Detergent,Household Items,Household Items,Surf Excel,2.2,190,139,27,7,974,UPI,Returned,68,3,Damaged item,In Stock,Pending
ORD104981,CUST2535,Ekapad Roy,19,Female,West Bengal,Kolkata,Salt Lake,21889,20-10-2025,20-10-2025,P265,Biscuits,Snacks,Snacks,Parle,2.46,395,258,35,4,1034,Debit Card,Returned,36,5,Late delivery,Out of Stock,Cancelled
ORD102919,CUST8409, Widisha Sahni ,19,Female,Karnataka,Bangalore, Indiranagar ,991093,03-04-2025,06-04-2025,P729,Bread,Bakery,Bakery,Britannia,4.7,170,158,7,6,948,UPI,Delivered,42,2,Damaged item,Out of Stock,Delivered
ORD102458,CUST9127,Janaki Divan,35,Female,Karnataka,Bangalore,Indiranagar,801628,13-10-2025,17-10-2025,P923,Cake,Bakery,Bakery,Monginis,1.35,503,422,16,8,3378,CASH,Delivered,62,3,Average,Limited,Delivered
ORD103819,CUST6621,Edhitha Sampath,58,Female,Gujarat,Surat,Adajan,78309,13-08-2024,15-08-2024,P802,Tea,Beverages,Beverages,Tata Tea,4.71,148,135,9,6,808,GOOGLE PAY,Cancelled,77,5,Average,Out of Stock,Pending
ORD104397,CUST8621,Hamsini Goyal,22,Other,Telangana,Hyderabad,Madhapur,357432,23-03-2025,27-03-2025,P385,Rice,Grocery,Grocery,India Gate,2.76,58,36,39,7,464,CASH,Returned,52,5,Average,In Stock,Cancelled
ORD104611,CUST3506,Elijah Chahal,71,Other,Telangana,Hyderabad,Madhapur,886155,20-03-2025,23-03-2025,P564,Sugar,Grocery,Grocery,Madhur,0.88,162,143,11,5,716,Debit Card,Returned,24,1,Average,In Stock,Pending
ORD103064,CUST2817,Laksh Dugar,51,Female,West Bengal,Kolkata,Salt Lake,76471,04-09-2025,04-09-2025,P869,Cake,Bakery,Bakery,Monginis,1.7,558,551,1,8,4404,UPI,Pending,29,3,Good,In Stock,Delivered
ORD101113,null,Onveer Dhillon,68,Other,Telangana,Unknown,Banjara Hills,534349,23-05-2024,27-05-2024,P394,Ice Cream,Frozen Food,Frozen Food,Amul,2.71,406,323,20,5,1488,Unknown,Pending,41,1,Average,Limited,Pending
ORD102757,CUST7649,Banjeet Pai,40,Female,Delhi,New Delhi,Dwarka,746390,24-06-2024,25-06-2024,P283,Tomato,Fruits & Vegetables,Fruits & Vegetables,Organic India,3.31,574,488,15,8,3901,Debit Card,Delivered,13,4,Average,Limited,Returned
ORD104194,CUST3198,Indrajit Kalla,35,Female,Gujarat,PUNE,Satellite,978781,13-06-2024,17-06-2024,P605,Chips,Snacks,Snacks,Lay's,1.41,775,736,5,2,1472,UPI,Cancelled,8,3,Average,Limited,Delivered
ORD100150,CUST8912,Ria Jha,49,Other,Tamil Nadu,Chennai,Anna Nagar,870891,28-02-2025,28-02-2025,P692,Shampoo,Personal Care,Personal Care,Clinic Plus,0.95,622,486,22,2,971,Debit Card,Pending,524,4,Average,Limited,Cancelled
ORD101343,CUST4732,Harinakshi Badami,38,Other,Delhi,New Delhi,Dwarka,686211,04-12-2024,15-04-2024,P372,Sugar,Grocery,Grocery,Madhur,4.03,714,654,8,7,4581,UPI,Delivered,888,3,Late delivery,Out of Stock,Returned
ORD101721,CUST6937,Lekha Dani,32,Male,Tamil Nadu,Chennai,T Nagar,345183,19-02-2024,23-02-2024,P827,Soft Drink,Beverages,Beverages,Coca-Cola,1.02,358,336,6,1,336,UPI,Cancelled,34,1,Excellent,Limited,Cancelled
ORD101934,CUST6519,Urmi Ramaswamy,60,Other,West Bengal,Kolkata,Howrah,40491,14-10-2025,16-10-2025,P721,Shampoo,Personal Care,Personal Care,Clinic Plus,1.39,291,197,32,6,1183,GPAY,Pending,86,5,Average,Limited,Returned
ORD102925,CUST7124,Anjali Jain,41,Other,Telangana,Hyderabad,Banjara Hills,464550,20-02-2025,24-02-2025,P679,Soap,Personal Care,Personal Care, Dove ,2.15,24,16,-20,1,16,CASH ON DELIVERY,Returned,71,2,Average,In Stock,Pending
ORD101131,CUST3560,Saumya Mann,43,Female,Delhi,New Delhi,Dwarka,681473,16-12-2025,16-12-2025,P234,Tea,Beverages,Beverages,Tata Tea,1.67,138,133,4,5,663,CASH,Delivered,18,5,Good,Limited,Delivered
ORD102835,CUST7170,Brinda Bakshi,50,Male,maharashtra,Hyderabad,Madhapur,429492,18-03-2024,18-03-2024,P559,Tomato,Fruits & Vegetables,Fruits & Vegetables,Organic India,1.41,704,437,38,3,1312,GOOGLE PAY,Returned,38,4,Damaged item,Limited,Pending
ORD102332,CUST3460,Vamakshi Chana,40,Female,Gujarat,Ahmedabad,Satellite,617713,01-01-2024,05-01-2024,P539,Apple,Fruits & Vegetables,Fruits & Vegetables,Kashmir Fresh,4.37,619,482,22,3,1446,UPI,Returned,82,2,Damaged item,Out of Stock,Pending
ORD100298,CUST5644,Faraj Ramesh,55,Male,Maharashtra,Mumbai,Powai,762487,05-06-2024,06-05-2024,P600,Curd,Dairy,Dairy,Britannia,0.11,258,193,25,6,1033,CASH,Cancelled,47,1,Damaged item,Out of Stock,Cancelled
ORD104754,CUST2174,Ijaya Guha,23,Other,West Bengal,Kolkata, Howrah ,244162,30-08-2024,31-08-2024,P266,Cleaner,Household Items,Household Items,Lizol,3.16,61,42,31,7,291,CASH,Returned,29,4,Good,Limited,Cancelled
ORD102261,CUST3848,Jatin Dua,54,Other,Gujarat,Ahmedabad,Navrangpura,624481,31-10-2025,31-10-2025,P539,Rice,Grocery,Grocery,India Gate,2.23,474,407,14,5,2037,UPI,Cancelled,72,5,Damaged item,Limited,Delivered
ORD104307,CUST4748,Lakshit Kumer,69,Female,Tamil Nadu,Coimbatore,Peelamedu,271476,18-09-2025,19-09-2025,P587,Biscuits,Snacks,Snacks,Parle,3.37,322,265,18,3,1030,GPAY,Pending,19,1,Late delivery,In Stock,Returned
ORD102570,CUST9349,Kritika Hora,80,Male,Delhi,New Delhi,Saket,811227,05-03-2025,06-03-2025,P825,Biscuits,Snacks,Snacks,Parle,4.97,419,405,3,1,508,UPI,Returned,36,2,Excellent,In Stock,Returned
ORD100491,CUST9657,Frederick Chaudhuri,43,Male,Telangana,Hyderabad,Gachibowli,342594,12-07-2024,08-12-2024,P116,Cake,Bakery,Bakery,Monginis,2.87,219,197,10,5,985,UPI,Cancelled,14,4,Excellent,Limited,Cancelled
ORD104502,CUST3402,Samesh Palla,24,Male,West Bengal,Kolkata, Salt Lake ,96847,16-04-2024,18-04-2024,P481,Detergent,Household Items,Household Items,Surf Excel,0.16,553,502,9,6,3010,Debit Card,Returned,62,2,Average,Limited,Cancelled
ORD103390,CUST7219, Urmi Bhargava ,44,Female,Telangana,Hyderabad,Gachibowli,546393,12-04-2024,13-04-2024,P162,Apple,Fruits & Vegetables,Fruits & Vegetables,Kashmir Fresh,4.44,537,478,11,5,2392,CASH,Returned,56,4,Average,Out of Stock,Cancelled
ORD100168,CUST9835,Tamanna Devi,23,Male,Maharashtra,Pune,Wakad,678478,04-08-2024,04-09-2024,P541,Namkeen,Snacks,Snacks,Haldiram,2.66,723,607,16,8,4860,GOOGLE PAY,Delivered,24,5,Damaged item,In Stock,Returned
ORD104842,CUST4669,Pavani Sahota,66,Female,Gujarat,Surat,Vesu,160434,13-08-2024,16-08-2024,P166,Milk,Dairy,Dairy,Amul,3.87,343,213,38,6,1508,GPAY,Cancelled,72,3,Average,In Stock,Returned
ORD101920,CUST6541,Ishita Deep,23,Other,Telangana,Hyderabad,Gachibowli,226762,08-04-2024,11-04-2024,P104,Shampoo,Personal Care,Personal Care,Clinic Plus,2.78,626,422,33,4,1689,UPI,Cancelled,58,3,Good,In Stock,Pending
ORD103938,CUST9004,Sathvik Khanna,78,Female,Gujarat,Surat, Vesu ,127211,12-04-2025,12-04-2025,P591,Apple,Fruits & Vegetables,Fruits & Vegetables,Kashmir Fresh,3.42,164,139,16,4,554,Debit Card,Returned,60,2,Late delivery,In Stock,Pending
ORD100221,CUST5819,Teerth Karan,55,Male,Tamil Nadu,Coimbatore,RS Puram,695432,20-11-2024,22-11-2024,P154,Sugar,Grocery,Grocery,Madhur,0.1,736,718,3,5,3589,CASH,Cancelled,-4,3,Average,In Stock,Pending
ORD100164,CUST7358,Damyanti Sant,31,Female,Tamil Nadu,Chennai,T Nagar,234600,10-05-2025,12-05-2025,P140,Namkeen,Snacks,Snacks,Haldiram,4.9,191,152,21,1,152,GOOGLE PAY,Delivered,54,5,Average,Out of Stock,Cancelled
ORD100935,CUST2130,Yagnesh Kala,72,Other,Gujarat,pune,Navrangpura,535874,26-07-2025,28-07-2025,P856,Tomato,Fruits & Vegetables,Fruits & Vegetables,Organic India,1.35,521,520,0,5,2602,UPI,Returned,55,1,Damaged item,In Stock,Cancelled
ORD104646,CUST8702,Dominic Basu,25,Other,Maharashtra,Pune,Baner,705144,24-06-2025,24-06-2025,P163,Milk,Dairy,Dairy,Amul,2.11,774,477,38,3,1430,GPAY,Cancelled,60,2,Excellent,In Stock,Returned
ORD101610,CUST6609,Samar Gole,63,Male,Maharashtra,Nagpur,Sitabuldi,49928,25-03-2025,29-03-2025,P680,Chips,Snacks,Snacks,Lay's,0.77,719,507,30,4,2026,Debit Card,Cancelled,26,3,Average,In Stock,Cancelled
ORD102500,CUST2104,Zansi Goswami,53,Other,West Bengal,Hyderbad,Howrah,996703,26-09-2025,28-09-2025,P498,Atta,Grocery,Grocery,Aashirvaad,1.82,780,496,36,7,3539,GPAY,Returned,42,2,Good,In Stock,Returned
ORD104830,CUST5964,Amol Minhas,67,Male,Maharashtra,Mumbai,Dadar,787740,24-05-2025,26-05-2025,P121,Frozen Peas,Frozen Food,Frozen Food, Safal ,0.9,226,184,18,6,1106,CASH ON DELIVERY,Cancelled,74,2,Average,In Stock,Pending
ORD100244,null,Yuvraj Sen,66,Female,Gujarat,Unknown, Navrangpura ,840325,01-09-2024,09-05-2024,P796,Biscuits,Snacks,Snacks,Parle,2.17,406,323,11,2,1488,Unknown,Pending,36,3,Average,Out of Stock,Pending
ORD100706,CUST8447,Krish Agrawal,62,Other,Karnataka,Mysore,Gokulam,515592,04-10-2025,13-04-2025,P672,Apple,Fruits & Vegetables,Fruits & Vegetables,Kashmir Fresh,4.17,561,390,31,1,390,UPI,Returned,53,3,Good,Limited,Delivered
ORD103009,CUST4805,Jai Goel,21,Female,Telangana,Hyderabad,Gachibowli,539348,06-08-2025,11-06-2025,P191,Chips,Snacks,Snacks,Lay's,4.17,118,74,38,6,441,CASH ON DELIVERY,Returned,60,1,Average,Limited,Returned
ORD100356,CUST6000,Kritika Bala,45,Other,Maharashtra,Nagpur,Sitabuldi,933747,15-09-2025,18-09-2025,P516,Sugar,Grocery,Grocery,Madhur,3.88,163,162,1,8,1295,Debit Card,Delivered,37,1,Good,Limited,Pending
ORD103043,CUST8894,Ishita Sami,58,Male,Gujarat,PUNE,Satellite,171246,10-04-2024,04-10-2024,P453,Sugar,Grocery,Grocery,Madhur,3.36,413,322,22,4,1287,CASH,Returned,-7,4,Damaged item,Out of Stock,Pending
ORD102052,CUST6052,Robert Chahal,79,Female,West Bengal,Kolkata,Park Street,784984,13-04-2025,16-04-2025,P572,Toothpaste,Personal Care,Personal Care,Colgate,0.84,398,381,4,6,2285,CASH,Delivered,20,2,Excellent,In Stock,Delivered
ORD104357,CUST5707,Falguni Thakkar,74,Female,West Bengal,Kolkata,Howrah,884120,25-09-2024,26-09-2024,P739,Sugar,Grocery,Grocery,Madhur,4.97,594,472,21,6,2830,GOOGLE PAY,Cancelled,30,4,Late delivery,Out of Stock,Returned
ORD101441,null,Omkaar Kala,73,Male,Karnataka,Unknown,Koramangala,834744,20-07-2025,23-07-2025,P261,Apple,Fruits & Vegetables,Fruits & Vegetables,Kashmir Fresh,0.38,406,323,8,8,1488,Unknown,Pending,38,2,Average,Out of Stock,Pending
ORD100511,CUST2244,Ekanta Muni,53,Male,West Bengal,Kolkata,Howrah,105692,26-11-2024,26-11-2024,P828,Chips,Snacks,Snacks,Lay's,3.03,168,122,28,2,243,CASH ON DELIVERY,Returned,58,2,Average,Out of Stock,Cancelled
ORD103352,CUST8435,Ayush Sankar,52,Other,West Bengal,Kolkata,Howrah,518153,29-09-2025,29-09-2025,P445,Frozen Peas,Frozen Food,Frozen Food,Safal,0.85,43,35,18,2,71,UPI,Returned,88,3,Good,In Stock,Delivered
ORD103982,CUST1998,Nathaniel Kala,19,Other,Karnataka,Mysore,Gokulam,500239,16-05-2024,19-05-2024,P410,Frozen Peas,Frozen Food,Frozen Food,Safal,3.97,322,204,37,8,1631,Debit Card,Cancelled,23,5,Damaged item,Out of Stock,Cancelled
ORD104827,CUST9852,Falguni Chanda,43,Female,Telangana,Hyderabad,Gachibowli,822048,13-01-2025,13-01-2025,P997,Rice,Grocery,Grocery,India Gate,2.3,149,143,4,1,143,GOOGLE PAY,Returned,89,5,Good,Limited,Pending
ORD102485,CUST8443,Nimrat Hans,36,Other,Gujarat,pune,Vesu,366649,07-04-2024,07-04-2024,P306,Paneer,Dairy,Dairy,Mother Dairy,4.57,159,142,11,4,567,CASH,Pending,13,2,Good,Out of Stock,Pending
ORD103410,CUST7783,Pallavi Agrawal,34,Female,Gujarat,Ahmedabad,Navrangpura,7103,08-08-2025,08-11-2025,P647,Atta,Grocery,Grocery,Aashirvaad,1.78,753,742,1,3,2226,Debit Card,Delivered,24,1,Late delivery,In Stock,Delivered
ORD102866,CUST1972,Girindra Shetty,79,Male,Telangana,Hyderabad,Gachibowli,636156,12-03-2024,15-03-2024,P394,Atta,Grocery,Grocery,Aashirvaad,1.64,478,423,11,8,3387,CASH,Returned,66,5,Good,In Stock,Pending
ORD101251,CUST8499,Victor Barad,67,Male,West Bengal,Hyderbad,Park Street,353687,05-12-2024,05-12-2024,P527,Milk,Dairy,Dairy,Amul,2.41,360,342,5,7,2396,Debit Card,Cancelled,90,5,Average,Limited,Returned
ORD101273,null,Eesha Madan,56,Female,Telangana,Unknown,Gachibowli,805167,30-09-2025,01-10-2025,P842,Toothpaste,Personal Care,Personal Care,Colgate,0.63,406,323,30,5,1488,Unknown,Pending,26,3,Average,In Stock,Pending
ORD103168,CUST6927, Saanvi Madan ,21,Other,Telangana,Hyderabad,Madhapur,885293,23-02-2024,26-02-2024,P804,Bread,Bakery,Bakery,Britannia,0.32,45,43,5,3,261,CASH,Returned,26,2,Average,In Stock,Cancelled
ORD103677,CUST2059,Abeer Krishnamurthy,58,Other,West Bengal,Kolkata,Howrah,833762,07-03-2024,11-03-2024,P907,Soft Drink,Beverages,Beverages,Coca-Cola,1.93,242,186,23,2,371,CASH,Delivered,68,3,Damaged item,Out of Stock,Returned
ORD100535,CUST5310,Vrinda Pall,59,Female,Delhi,New Delhi,Dwarka,752994,15-07-2024,19-07-2024,P141,Soap,Personal Care,Personal Care,Dove,1.44,786,756,4,5,3780,Debit Card,Returned,47,1,Excellent,Limited,Delivered
ORD100650,CUST5411,Zayyan Bansal,78,Female,Telangana,Hyderabad,Banjara Hills,950202,30-08-2025,02-09-2025,P659,Ice Cream,Frozen Food,Frozen Food,Amul,4.81,129,120,7,4,482,CASH,Delivered,76,4,Late delivery,Out of Stock,Delivered
ORD101879,CUST9029,Veda Tiwari,41,Female,Delhi,New Delhi,Saket,153778,24-08-2025,28-08-2025,P672,Detergent,Household Items,Household Items,Surf Excel,4.94,102,97,4,1,97,UPI,Returned,46,1,Late delivery,In Stock,Cancelled
ORD104844,null,Frederick Khatri,69,Male,Delhi,Unknown,Dwarka,232402,22-09-2025,24-09-2025,P236,Soft Drink,Beverages,Beverages,Coca-Cola,0.38,406,323,25,7,1488,Unknown,Pending,24,2,Average,In Stock,Pending
ORD104379,CUST6639,Jai Shan,75,Other,Tamil Nadu,Coimbatore,Peelamedu,416099,14-01-2024,16-01-2024,P193,Paneer,Dairy,Dairy,Mother Dairy,2.5,87,72,18,8,573,UPI,Cancelled,62,3,Good,In Stock,Pending
ORD100532,CUST4326,Dalaja Chadha,38,Other,West Bengal,Kolkata,Howrah,706757,23-11-2025,23-11-2025,P414,Detergent,Household Items,Household Items, Surf Excel ,4.22,87,52,40,2,105,GOOGLE PAY,Cancelled,53,4,Damaged item,Out of Stock,Pending
ORD101392,CUST7872,Ekaja Bhargava,79,Other,Gujarat,Hyderbad,Satellite,345120,20-10-2024,20-10-2024,P953,Sugar,Grocery,Grocery,Madhur,4.34,632,612,3,7,4282,CASH ON DELIVERY,Cancelled,79,3,Damaged item,Out of Stock,Delivered
ORD104727,CUST6476,Gagan Varty,86,Female,Telangana,Hyderabad,Banjara Hills,139623,08-09-2024,08-09-2024,P627,Atta,Grocery,Grocery,Aashirvaad,0.17,188,159,16,4,635,UPI,Cancelled,30,3,Average,In Stock,Delivered
ORD101421,CUST7050,Zaitra Sampath,27,Male,Karnataka,Bangalore,Koramangala,99681,04-05-2024,05-04-2024,P789,Detergent,Household Items,Household Items,Surf Excel,3.37,302,273,10,4,1091,GOOGLE PAY,Returned,89,5,Excellent,In Stock,Returned
ORD103769,CUST3668,Girish Batta,76,Female,Telangana,Hyderabad,Madhapur,475203,08-05-2025,11-05-2025,P756,Tomato,Fruits & Vegetables,Fruits & Vegetables,Organic India,2.64,518,423,18,3,1270,CASH ON DELIVERY,Pending,26,5,Good,Out of Stock,Cancelled
ORD101130,CUST1789,Waida Mukhopadhyay,38,Male,Maharashtra,Pune,Hinjewadi,68089,16-09-2024,16-09-2024,P434,Soft Drink,Beverages,Beverages,Coca-Cola,0.57,169,157,7,6,940,UPI,Returned,59,1,Excellent,Out of Stock,Cancelled
ORD100030,CUST3973,Michael Krishna,51,Other,Delhi,New Delhi,Dwarka,152644,21-11-2025,25-11-2025,P933,Banana,Fruits & Vegetables,Fruits & Vegetables,FreshFarm,2.51,800,695,13,1,882,UPI,Returned,43,4,Excellent,Out of Stock,Delivered
ORD100389,CUST2857,Champak Mahajan,52,Male,Karnataka,Hyderbad,Indiranagar,903938,05-11-2024,07-11-2024,P482,Shampoo,Personal Care,Personal Care,Clinic Plus,0.97,565,486,14,2,972,CASH,Pending,50,4,Damaged item,Out of Stock,Returned
ORD101013,CUST3621,Diya Maharaj,59,Female,Tamil Nadu,Coimbatore,Peelamedu,428511,22-07-2024,24-07-2024,P544,Toothpaste,Personal Care,Personal Care,Colgate,4.9,634,522,18,4,2090,Debit Card,Cancelled,62,3,Late delivery,In Stock,Delivered
ORD104996,CUST5668,Garima Patel,51,Male,West Bengal,Kolkata,Howrah,929359,06-04-2024,09-04-2024,P753,Shampoo,Personal Care,Personal Care,Clinic Plus,1.95,382,239,37,2,478,GOOGLE PAY,Delivered,71,1,Average,Limited,Returned
ORD102054,CUST9040,Aadi Nair,41,Other,Karnataka,Mysore,Gokulam,586,19-07-2025,19-07-2025,P416,Sugar,Grocery,Grocery,Madhur,1.99,760,696,-18,4,2782,Debit Card,Pending,39,2,Average,Out of Stock,Cancelled
ORD104780,CUST7131,Pushti Majumdar,64,Other,Karnataka,Bangalore,Indiranagar,282443,14-08-2025,15-08-2025,P925,Sugar,Grocery,Grocery,Madhur,2.7,39,25,36,2,51,CASH ON DELIVERY,Pending,22,3,Average,In Stock,Returned
ORD104400,CUST8998,Ganga Bhalla,80,Male,Gujarat,Surat,Vesu,613636,20-08-2024,20-08-2024,P879,Tomato,Fruits & Vegetables,Fruits & Vegetables,Organic India,0.62,194,123,36,1,123,GOOGLE PAY,Cancelled,83,5,Average,Out of Stock,Pending
ORD103079,CUST3277,Dayita Wadhwa,46,Female,Karnataka,Mysore,Gokulam,192861,29-01-2024,31-01-2024,P197,Tea,Beverages,Beverages,Tata Tea,4.21,229,195,15,6,1172,CASH,Cancelled,941,4,Damaged item,In Stock,Returned
ORD103707,CUST1272,Veda Sahni,66,Female,Gujarat,Ahmedabad,Navrangpura,103176,22-09-2024,23-09-2024,P604,Toothpaste,Personal Care,Personal Care,Colgate,4.11,446,318,29,7,2227,UPI,Returned,59,2,Average,Limited,Cancelled
ORD104365,CUST1619,Faras Bains,30,Female,West Bengal,PUNE,Howrah,471722,16-11-2024,19-11-2024,P708,Rice,Grocery,Grocery,India Gate,1.58,535,355,34,8,2841,GPAY,Cancelled,16,2,Average,Out of Stock,Returned
ORD100058,CUST1086,Nidra Kibe,63,Male,Maharashtra,Mumbai,Bandra,608214,11-04-2024,13-04-2024,P320,Paneer,Dairy,Dairy,Mother Dairy,4.19,127,91,29,3,273,CASH,Returned,86,3,Late delivery,Out of Stock,Delivered
ORD101501,CUST3197,Kashvi Tandon,24,Female,West Bengal,Kolkata,Salt Lake,515704,28-08-2025,28-08-2025,P124,Soft Drink,Beverages,Beverages,Coca-Cola,2.14,365,308,16,2,617,CASH ON DELIVERY,Returned,56,5,Excellent,Out of Stock,Returned
ORD101290,CUST8649,Hiral Sibal,57,Male,Telangana,Hyderabad,Banjara Hills,692241,30-09-2024,02-10-2024,P797,Bread,Bakery,Bakery,Britannia,1.74,101,95,6,8,756,CASH ON DELIVERY,Delivered,70,3,Damaged item,In Stock,Pending
ORD103846,CUST4581, Riya Parekh ,94,Male,Karnataka,Mysore,Gokulam,517111,18-11-2024,19-11-2024,P776,Banana,Fruits & Vegetables,Fruits & Vegetables,FreshFarm,3.29,334,242,28,3,725,GPAY,Cancelled,11,3,Damaged item,Limited,Returned
ORD101806,CUST4067,Ronith Aurora,42,Female,Delhi,New Delhi,Saket,703223,03-10-2025,14-03-2025,P799,Cleaner,Household Items,Household Items,Lizol,1.5,21,16,26,1,16,GPAY,Delivered,42,2,Excellent,In Stock,Delivered
ORD101601,CUST8171,Falan Dalal,26,Other,Telangana,Hyderabad,Madhapur,339647,06-03-2024,10-03-2024,P176,Milk,Dairy,Dairy,Amul,0.7,539,507,6,2,1015,Debit Card,Cancelled,15,3,Average,Limited,Pending
ORD104711,CUST1472,Isha Kala,65,Female,Gujarat,Surat,Adajan,262342,13-07-2024,17-07-2024,P126,Cleaner,Household Items,Household Items, Lizol ,0.71,631,421,33,8,3371,GOOGLE PAY,Returned,46,4,Good,Out of Stock,Delivered
ORD104410,CUST2333,Yoshita Gola,39,Other,West Bengal,Kolkata,Salt Lake,288725,24-06-2025,26-06-2025,P808,Frozen Peas,Frozen Food,Frozen Food,Safal,0.52,322,232,28,8,1856,Debit Card,Cancelled,78,3,Average,In Stock,Delivered
ORD103109,CUST5237,Forum Aggarwal,67,Other,Gujarat,Ahmedabad,Navrangpura,686488,20-07-2025,20-07-2025,P443,Banana,Fruits & Vegetables,Fruits & Vegetables,FreshFarm,1.86,472,341,28,3,1022,GPAY,Pending,64,3,Damaged item,Out of Stock,Pending
ORD102525,CUST5595,Qasim Agarwal,66,Male,Gujarat,Surat,Adajan,583461,11-05-2025,11-09-2025,P295,Paneer,Dairy,Dairy,Mother Dairy,0.5,758,667,12,4,2669,GOOGLE PAY,Pending,24,3,Damaged item,Out of Stock,Returned
ORD102845,CUST8995,Ekta Lal,18,Female,Telangana,Hyderabad,Banjara Hills,247360,11-09-2025,15-09-2025,P640,Rice,Grocery,Grocery,India Gate,1.59,114,70,39,2,140,UPI,Pending,79,3,Average,In Stock,Pending
ORD102349,CUST6146,Manbir Prashad,75,Other,Tamil Nadu,Chennai,Anna Nagar,750269,06-11-2025,09-11-2025,P713,Banana,Fruits & Vegetables,Fruits & Vegetables,FreshFarm,0.59,351,345,2,5,1723,CASH ON DELIVERY,Returned,73,5,Average,In Stock,Cancelled
ORD104069,CUST8198,Falan Rai,22,Male,Gujarat,Surat,Adajan,490535,09-11-2024,13-09-2024,P250,Soap,Personal Care,Personal Care,Dove,3.01,654,573,12,4,2291,Debit Card,Returned,89,1,Average,In Stock,Returned
ORD104202,CUST4281,Vritti Ramachandran,52,Male,Maharashtra,Mumbai,Andheri,412548,02-11-2025,11-02-2025,P227,Tomato,Fruits & Vegetables,Fruits & Vegetables,Organic India,4.39,582,560,4,7,3923,GOOGLE PAY,Pending,12,4,Average,In Stock,Delivered
ORD104905,CUST6449,Ganga Dasgupta,31,Male,Tamil Nadu,Coimbatore,RS Puram,542703,10-06-2024,11-06-2024,P412,Bread,Bakery,Bakery,Britannia,1.45,783,480,39,7,3361,UPI,Returned,49,1,Good,Limited,Pending
ORD101084,CUST6855,Jeet Hari,65,Female,maharashtra,Coimbatore,RS Puram,554631,12-08-2025,12-09-2025,P958,Apple,Fruits & Vegetables,Fruits & Vegetables,Kashmir Fresh,3.32,339,303,10,6,1821,CASH,Pending,18,3,Damaged item,Out of Stock,Cancelled
ORD102893,CUST5100,Gopal Zachariah,28,Other,West Bengal,Kolkata,Salt Lake,751471,14-07-2025,15-07-2025,P424,Paneer,Dairy,Dairy,Mother Dairy,4.13,30,21,31,3,63,GPAY,Cancelled,34,2,Late delivery,Out of Stock,Returned
ORD101790,CUST5090,Gabriel Goswami,70,Female,Telangana,Hyderabad,Madhapur,593001,16-07-2024,16-07-2024,P162,Curd,Dairy,Dairy,Britannia,3.49,294,186,37,1,186,CASH,Returned,60,5,Average,In Stock,Cancelled
ORD101732,CUST9535,Noah Lata,45,Female,Maharashtra,Nagpur,Dharampeth,440599,08-10-2025,14-08-2025,P883,Juice,Beverages,Beverages,Real,4.18,298,284,5,3,852,GOOGLE PAY,Pending,26,3,Average,In Stock,Cancelled
ORD101516,CUST4329,Ekiya Kanda,31,Male,Delhi,New Delhi,Dwarka,470643,04-12-2024,14-04-2024,P477,Cleaner,Household Items,Household Items,Lizol,2.87,703,476,32,6,2857,GPAY,Delivered,61,1,Damaged item,Limited,Cancelled
ORD104401,CUST6890,Frado Sidhu,56,Male,Gujarat,PUNE,Vesu,524598,08-01-2024,04-08-2024,P134,Chips,Snacks,Snacks,Lay's,2.29,106,97,8,2,195,GPAY,Returned,18,3,Average,In Stock,Returned
ORD103957,CUST7077,Dakshesh Mangat,58,Other,Gujarat,Surat,Adajan,572281,25-11-2025,26-11-2025,P356,Namkeen,Snacks,Snacks,Haldiram,0.48,277,275,1,3,825,CASH ON DELIVERY,Pending,38,3,Damaged item,Out of Stock,Returned
ORD103555,CUST2867,Vinaya Kibe,37,Male,Delhi,New Delhi,Saket,987896,04-08-2024,08-04-2024,P492,Rice,Grocery,Grocery,India Gate,1.39,308,197,36,1,197,Debit Card,Pending,62,2,Good,Out of Stock,Pending
ORD102991,CUST8918,Manthan Pingle,26,Female,West Bengal,Kolkata,Park Street,697073,12-02-2025,05-12-2025,P909,Juice,Beverages,Beverages,Real,1.49,372,258,31,7,1806,UPI,Pending,32,3,Good,Limited,Returned
ORD101474,CUST1806, Gavin Balakrishnan ,30,Other,Karnataka,Mysore,Gokulam,917544,03-06-2025,06-03-2025,P779,Bread,Bakery,Bakery,Britannia,3.05,144,141,2,4,563,UPI,Pending,70,3,Late delivery,Out of Stock,Pending
ORD100515,CUST8407,Ayaan Gade,17,Female,Telangana,Hyderabad,Banjara Hills,691958,29-11-2025,12-01-2025,P790,Chips,Snacks,Snacks,Lay's,1.59,765,543,29,2,1087,UPI,Returned,35,5,Average,Limited,Cancelled
ORD103359,CUST8144,Balhaar Kalla,26,Male,Gujarat,Ahmedabad,Navrangpura,479414,10-11-2024,14-11-2024,P312,Detergent,Household Items,Household Items,Surf Excel,4.32,31,24,24,1,24,CASH ON DELIVERY,Returned,22,3,Average,Out of Stock,Cancelled
ORD103265,CUST6368,Anita Kibe,31,Female,Maharashtra,Mumbai,Dadar,189271,04-01-2025,01-07-2025,P401,Curd,Dairy,Dairy,Britannia,1.18,318,208,34,5,1042,GPAY,Cancelled,72,5,Late delivery,Out of Stock,Cancelled
ORD102311,CUST5928,Abhimanyu Radhakrishnan,75,Male,Tamil Nadu,Chennai,Anna Nagar,511166,26-10-2024,27-10-2024,P429,Banana,Fruits & Vegetables,Fruits & Vegetables,FreshFarm,3.07,620,547,12,8,4373,GPAY,Pending,27,1,Damaged item,In Stock,Returned
ORD101328,CUST3380,Tamanna Seshadri,46,Male,Maharashtra,Nagpur,Sitabuldi,54252,15-10-2024,19-10-2024,P332,Tea,Beverages,Beverages,Tata Tea,0.26,775,735,5,6,4412,GOOGLE PAY,Pending,32,3,Excellent,Out of Stock,Cancelled
ORD100615,CUST6407,Xalak Karan,55,Female,maharashtra,Pune,Wakad,44461,22-08-2024,23-08-2024,P645,Tomato,Fruits & Vegetables,Fruits & Vegetables, Organic India ,3.34,577,511,11,5,2553,UPI,Returned,82,2,Average,Out of Stock,Cancelled
ORD102984,CUST8966,Idika Kadakia,47,Male,maharashtra,Hyderabad,Gachibowli,910446,24-11-2025,24-11-2025,P421,Paneer,Dairy,Dairy,Mother Dairy,0.37,532,497,7,8,3977,GOOGLE PAY,Pending,84,1,Late delivery,Out of Stock,Cancelled
ORD102605,CUST5454,Finn Ranganathan,58,Female,West Bengal,Kolkata, Howrah ,682319,21-07-2025,23-07-2025,P782,Biscuits,Snacks,Snacks,Parle,2.03,656,407,38,1,407,GOOGLE PAY,Delivered,82,5,Average,In Stock,Pending
ORD100862,CUST6919,Gaurika Rai,71,Female,West Bengal,Kolkata,Park Street,73657,23-06-2024,26-06-2024,P168,Ice Cream,Frozen Food,Frozen Food,Amul,2.44,125,95,24,1,95,GOOGLE PAY,Delivered,82,3,Late delivery,Limited,Delivered
ORD101010,null,Bimala Chhabra,49,Female,Gujarat,Unknown,Navrangpura,492347,05-06-2024,05-06-2024,P715,Rice,Grocery,Grocery,India Gate,1.79,406,323,39,3,1488,Unknown,Pending,81,2,Average,Limited,Pending
ORD104601,CUST8483,Lila Barman,59,Female,Telangana,Hyderabad,Gachibowli,756464,24-01-2025,28-01-2025,P772,Cake,Bakery,Bakery,Monginis,0.38,726,617,15,7,4316,GPAY,Cancelled,45,4,Good,In Stock,Pending
ORD100321,CUST6581,Victor Prasad,47,Male,Tamil Nadu,Chennai,Velachery,163127,11-02-2025,12-02-2025,P539,Detergent,Household Items,Household Items,Surf Excel,3.87,584,400,32,4,1598,CASH ON DELIVERY,Returned,67,4,Damaged item,Limited,Delivered
ORD103753,null,Hitesh Mandal,21,Female,Tamil Nadu,Unknown,RS Puram,825170,20-11-2024,21-11-2024,P729,Frozen Peas,Frozen Food,Frozen Food, Safal ,3.3,406,323,4,8,1488,Unknown,Pending,8,5,Average,Limited,Pending
ORD100194,CUST9376,Gauri Agate,70,Other,Gujarat,Ahmedabad,Satellite,825051,18-05-2024,20-05-2024,P258,Curd,Dairy,Dairy, Britannia ,0.56,254,175,31,1,395,GPAY,Cancelled,78,2,Excellent,Out of Stock,Pending
ORD102177,CUST6673,Wazir Kakar,76,Other,Telangana,Hyderabad,Banjara Hills,636788,21-11-2024,23-11-2024,P822,Cake,Bakery,Bakery,Monginis,2.2,126,103,18,8,826,UPI,Pending,30,3,Late delivery,Limited,Returned
ORD101439,CUST8770,Varsha Ranganathan,35,Male,Tamil Nadu,Chennai,Velachery,66913,26-11-2024,27-11-2024,P614,Bread,Bakery,Bakery,Britannia,2.54,66,64,3,3,192,GPAY,Pending,79,5,Late delivery,In Stock,Cancelled
ORD102812,CUST5236,Girik Soni,49,Other,West Bengal,Kolkata,Park Street,388165,09-03-2024,11-03-2024,P737,Frozen Peas,Frozen Food,Frozen Food,Safal,1.88,404,301,25,5,1507,CASH ON DELIVERY,Returned,17,3,Good,Limited,Returned
ORD100210,CUST1953,Ayush Bala,51,Male,Maharashtra,Mumbai, Powai ,849113,03-10-2024,13-03-2024,P744,Soap,Personal Care,Personal Care,Dove,2.69,248,162,35,2,325,UPI,Returned,34,3,Average,Limited,Cancelled
ORD104838,null,Darsh Choudhry,29,Other,Gujarat,Unknown,Navrangpura,155346,15-07-2025,15-07-2025,P121,Apple,Fruits & Vegetables,Fruits & Vegetables,Kashmir Fresh,1.76,406,323,38,8,1488,Unknown,Pending,77,1,Average,In Stock,Pending
ORD104677,CUST8421,Zaid Natarajan,64,Male,Tamil Nadu,Coimbatore,RS Puram,134775,05-10-2024,09-10-2024,P583,Ice Cream,Frozen Food,Frozen Food,Amul,4.25,715,443,38,8,3545,GPAY,Returned,63,1,Average,In Stock,Returned
ORD103556,CUST3892,Wazir Soni,52,Female,Telangana,Hyderabad,Banjara Hills,892645,01-06-2024,06-03-2024,P592,Namkeen,Snacks,Snacks,Haldiram,1.64,694,575,17,5,2877,CASH ON DELIVERY,Returned,13,3,Damaged item,Out of Stock,Cancelled
ORD104960,CUST8278,Reyansh Nayar,56,Female,Telangana,Hyderabad,Banjara Hills,21966,23-07-2025,23-07-2025,P977,Detergent,Household Items,Household Items,Surf Excel,2.94,266,260,2,1,260,CASH,Delivered,24,3,Average,In Stock,Returned
ORD101615,CUST1254,Meera Krishna,49,Female,Karnataka,pune,Indiranagar,518498,13-09-2024,17-09-2024,P429,Curd,Dairy,Dairy,Britannia,3.29,329,237,28,5,1187,CASH,Pending,9,3,Average,Limited,Delivered
ORD101709,CUST1381,Chavvi Palla,54,Female,West Bengal,Kolkata,Park Street,193764,02-05-2025,05-06-2025,P755,Juice,Beverages,Beverages,Real,1.87,425,287,33,3,861,CASH,Returned,65,2,Damaged item,In Stock,Delivered
ORD100234,CUST1235,George Dasgupta,20,Male,West Bengal,Kolkata,Park Street,625360,16-08-2025,17-08-2025,P414,Detergent,Household Items,Household Items,Surf Excel,4.12,49,32,34,2,64,UPI,Returned,24,2,Average,Limited,Delivered
ORD100546,CUST9786,Varsha Hayer,38,Male,Gujarat,Ahmedabad,Satellite,11605,09-09-2024,10-09-2024,P711,Paneer,Dairy,Dairy,Mother Dairy,3.06,275,256,7,1,256,GOOGLE PAY,Delivered,48,2,Average,Limited,Cancelled
ORD104197,CUST1980,Atharv Kaur,30,Other,Telangana,Hyderabad,Gachibowli,105990,06-08-2025,06-08-2025,P580,Bread,Bakery,Bakery,Britannia,3.05,470,323,31,6,1937,UPI,Delivered,77,3,Average,Limited,Cancelled
ORD102586,CUST5189,Aahana Mitter,40,Female,maharashtra,Coimbatore,RS Puram,797866,23-08-2024,26-08-2024,P587,Cake,Bakery,Bakery,Monginis,3.65,375,250,33,4,999,UPI,Pending,26,4,Average,Out of Stock,Delivered
ORD102259,CUST6271,Rajata Doctor,37,Female,Gujarat,Surat,Adajan,745510,17-01-2025,20-01-2025,P584,Tea,Beverages,Beverages, Tata Tea ,2.32,607,539,11,5,2695,UPI,Cancelled,17,2,Damaged item,Out of Stock,Delivered
ORD102310,CUST1709,Henry Buch,53,Male,Telangana,Hyderabad,Madhapur,528209,11-09-2024,14-09-2024,P233,Biscuits,Snacks,Snacks,Parle,2.58,128,108,16,5,538,CASH ON DELIVERY,Pending,71,1,Average,In Stock,Cancelled
ORD104260,CUST2696,Nihal Pandya,72,Other,Maharashtra,Mumbai,Powai,156757,30-06-2024,01-07-2024,P945,Detergent,Household Items,Household Items,Surf Excel,4.96,387,264,32,4,1043,CASH,Cancelled,70,5,Good,Limited,Cancelled
ORD103691,CUST4139,Ayaan Muni,72,Female,Telangana,Hyderabad,Banjara Hills,851319,09-09-2024,09-09-2024,P675,Frozen Peas,Frozen Food,Frozen Food,Safal,1.16,670,639,5,4,2555,Debit Card,Pending,12,5,Good,Limited,Cancelled
ORD100126,null,Vidhi Rastogi,28,Female,Tamil Nadu,Unknown,Velachery,15737,12-10-2025,10-12-2025,P203,Rice,Grocery,Grocery,India Gate,4.16,406,323,-13,6,1488,Unknown,Pending,71,4,Average,In Stock,Pending
ORD104708,CUST3334, Laban Sharma ,72,Male,Karnataka,Bangalore,Indiranagar,75139,13-12-2024,13-12-2024,P830,Milk,Dairy,Dairy,Amul,3.82,283,240,15,6,1438,Debit Card,Cancelled,45,2,Average,Out of Stock,Returned
ORD103923,CUST1152,Hemang Dada,37,Other,Delhi,New Delhi,Saket,535788,07-03-2025,07-06-2025,P955,Bread,Bakery,Bakery,Britannia,1.83,330,253,23,7,1769,CASH,Delivered,52,4,Average,Limited,Cancelled
ORD101511,CUST4083,Chandran Saxena,51,Male,Karnataka,Bangalore,Koramangala,544258,08-02-2024,08-06-2024,P956,Rice,Grocery,Grocery,India Gate,2.39,207,155,25,6,929,UPI,Cancelled,52,1,Good,In Stock,Cancelled
ORD103166,CUST6214,Zayyan Madan,70,Female,Tamil Nadu,PUNE,RS Puram,779080,01-07-2025,05-07-2025,P124,Apple,Fruits & Vegetables,Fruits & Vegetables,Kashmir Fresh,0.79,301,187,38,4,748,GOOGLE PAY,Cancelled,8,3,Good,In Stock,Returned
ORD103725,CUST7575,Vasatika Raju,50,Male,Karnataka,Bangalore,Koramangala,411663,31-12-2024,03-01-2025,P405,Detergent,Household Items,Household Items,Surf Excel,4.09,400,353,12,3,1060,CASH,Returned,8,5,Late delivery,In Stock,Delivered
ORD102868,CUST6308,Falguni Desai,39,Female,Telangana,Hyderabad,Banjara Hills,755996,21-02-2025,22-02-2025,P105,Tomato,Fruits & Vegetables,Fruits & Vegetables,Organic India,3.85,453,445,2,7,3113,GPAY,Pending,44,3,Late delivery,Out of Stock,Returned
ORD103248,CUST7044,Hema Hans,10,Female,Maharashtra,Hyderbad,Baner,778796,10-11-2024,10-11-2024,P766,Bread,Bakery,Bakery,Britannia,1.21,661,441,33,3,1322,GOOGLE PAY,Returned,28,2,Damaged item,In Stock,Pending
ORD103774,CUST1269,Ishaan Taneja,54,Other,Delhi,New Delhi,Saket,446077,10-04-2025,14-04-2025,P207,Atta,Grocery,Grocery,Aashirvaad,1.43,566,365,36,7,2786,CASH,Delivered,70,5,Excellent,In Stock,Returned
ORD104879,CUST4423,Hiral Tella,53,Male,Gujarat,Surat,Vesu,405820,03-04-2025,04-07-2025,P557,Bread,Bakery,Bakery,Britannia,1.13,619,485,22,7,3397,GPAY,Returned,27,3,Excellent,Limited,Cancelled
ORD100867,CUST1176,Bimala Swaminathan,54,Male,Tamil Nadu,Coimbatore,Peelamedu,250975,23-05-2025,24-05-2025,P891,Juice,Beverages,Beverages,Real,2.73,230,177,23,4,708,CASH ON DELIVERY,Pending,80,2,Damaged item,Limited,Delivered
ORD100760,CUST1535,Vritti Sharaf,68,Other,maharashtra,Hyderabad,Gachibowli,800390,11-04-2024,05-11-2024,P827,Banana,Fruits & Vegetables,Fruits & Vegetables,FreshFarm,3.57,577,442,23,8,3538,UPI,Cancelled,11,5,Good,In Stock,Delivered
ORD100788,CUST7100,Warjas Om,52,Other,West Bengal,Kolkata,Salt Lake,831343,29-08-2024,30-08-2024,P547,Paneer,Dairy,Dairy,Mother Dairy,1.7,363,222,39,5,1110,UPI,Pending,49,2,Excellent,In Stock,Returned
ORD103958,CUST9701,Pallavi Ben,77,Other,West Bengal,Kolkata,Park Street,565934,07-05-2024,08-05-2024,P327,Frozen Peas,Frozen Food,Frozen Food,Safal,2.34,97,68,30,1,68,GPAY,Returned,61,3,Excellent,Out of Stock,Delivered
ORD100466,CUST7974,Mitali Ramakrishnan,39,Male,Telangana,Hyderabad,Banjara Hills,915366,05-09-2025,08-09-2025,P496,Curd,Dairy,Dairy,Britannia,3.41,524,343,34,2,686,GPAY,Delivered,31,4,Late delivery,In Stock,Returned
ORD100840,CUST3241,Chakradev Wali,66,Other,Tamil Nadu,Coimbatore,Peelamedu,511587,01-06-2025,05-06-2025,P604,Biscuits,Snacks,Snacks,Parle,1.71,687,446,35,7,3122,UPI,Pending,22,5,Excellent,Limited,Returned
ORD101754,CUST8586,Om Virk,36,Other,Gujarat,Surat,Vesu,755784,21-11-2025,21-11-2025,P622,Tomato,Fruits & Vegetables,Fruits & Vegetables,Organic India,0.51,171,108,37,6,802,UPI,Pending,56,4,Average,Limited,Returned
ORD100455,CUST4502,Ikshita Basu,67,Other,Gujarat,Surat,Adajan,865247,16-05-2025,18-05-2025,P491,Ice Cream,Frozen Food,Frozen Food,Amul,1.93,455,352,23,2,692,CASH ON DELIVERY,Delivered,62,4,Excellent,Limited,Pending
ORD101852,null,Chanchal Chaudhry,34,Male,Tamil Nadu,Unknown,Peelamedu,852293,02-09-2025,12-02-2025,P608,Cake,Bakery,Bakery,Monginis,0.11,406,323,9,6,1488,Unknown,Pending,71,4,Average,In Stock,Pending
ORD100989,CUST6569,Jagdish Mohanty,40,Male,West Bengal,Kolkata,Park Street,253805,20-06-2025,24-06-2025,P953,Milk,Dairy,Dairy,Amul,1.72,243,208,14,1,208,CASH,Delivered,73,5,Average,In Stock,Returned
ORD101151,CUST6131,Urvashi Dugar,73,Other,Maharashtra,Nagpur,Dharampeth,32132,26-01-2024,26-01-2024,P302,Frozen Peas,Frozen Food,Frozen Food,Safal,4.06,642,386,40,8,3092,Debit Card,Delivered,69,5,Good,In Stock,Delivered
ORD103802,CUST8395,Damini Lad,59,Female,Maharashtra,Nagpur,Sitabuldi,196967,12-05-2024,15-05-2024,P515,Tomato,Fruits & Vegetables,Fruits & Vegetables,Organic India,0.7,720,470,35,8,3757,CASH ON DELIVERY,Cancelled,44,4,Good,Limited,Returned
ORD104428,CUST2527, Vivaan Toor ,19,Male,Karnataka,Bangalore,Whitefield,624002,22-12-2025,24-12-2025,P587,Bread,Bakery,Bakery,Britannia,3.59,104,64,38,4,255,UPI,Cancelled,51,3,Good,Out of Stock,Pending
ORD101209,CUST8353,Ishwar Pall,50,Other,Delhi,PUNE,Dwarka,829272,09-07-2024,12-07-2024,P548,Ice Cream,Frozen Food,Frozen Food,Amul,4.85,433,388,10,3,1163,CASH ON DELIVERY,Delivered,69,2,Average,Limited,Pending
ORD101939,null,Shravya Cheema,26,Male,Karnataka,Unknown,VV Mohalla,702661,19-09-2025,22-09-2025,P671,Paneer,Dairy,Dairy,Mother Dairy,2.77,406,323,9,6,1488,Unknown,Pending,37,1,Average,In Stock,Pending
ORD101459,CUST9170,Zaitra Badal,49,Female,Gujarat,Ahmedabad,Navrangpura,929913,20-07-2025,24-07-2025,P345,Atta,Grocery,Grocery,Aashirvaad,4.28,590,516,13,1,516,GOOGLE PAY,Returned,60,3,Excellent,Out of Stock,Cancelled
ORD102760,CUST3228,Nitesh Edwin,74,Male,Gujarat,Ahmedabad,Navrangpura,719243,30-10-2025,11-01-2025,P709,Cake,Bakery,Bakery,Monginis,0.94,512,408,20,4,1632,CASH,Returned,62,2,Excellent,Limited,Pending
ORD101729,null,Lila Goel,21,Male,Maharashtra,Unknown,Dharampeth,52729,16-03-2025,18-03-2025,P443,Tea,Beverages,Beverages,Tata Tea,1.68,406,323,7,8,1488,Unknown,Pending,9,3,Average,In Stock,Pending
ORD100710,CUST7113,Ekaja Bava,22,Male,Gujarat,Surat,Adajan,225891,12-05-2025,16-05-2025,P160,Milk,Dairy,Dairy,Amul,3.95,146,103,30,3,308,CASH,Delivered,77,1,Average,Out of Stock,Delivered
ORD100270,CUST2850,Tanish Ahuja,21,Female,West Bengal,Kolkata,Howrah,185798,03-09-2025,10-03-2025,P586,Frozen Peas,Frozen Food,Frozen Food,Safal,3.45,103,71,31,3,212,GOOGLE PAY,Pending,55,4,Average,Out of Stock,Cancelled
ORD103981,CUST7681,Panini Dave,51,Other,West Bengal,Kolkata,Howrah,968860,30-08-2024,01-09-2024,P929,Apple,Fruits & Vegetables,Fruits & Vegetables,Kashmir Fresh,4.42,702,438,38,3,1314,GOOGLE PAY,Cancelled,83,3,Damaged item,Out of Stock,Pending
ORD104636,CUST1378,Damini Seth,80,Female,Tamil Nadu,Mumbai,Banjara Hills,501110,24-02-2025,26-02-2025,P210,Frozen Peas,Frozen Food,Frozen Food,Safal,1.89,794,511,36,1,511,UPI,Cancelled,45,1,Average,Limited,Returned
ORD103158,CUST5100,Ishani Lal,53,Male,Telangana,Hyderabad,Banjara Hills,474188,22-10-2024,26-10-2024,P103,Tea,Beverages,Beverages,Tata Tea,2.58,603,593,2,3,1780,Debit Card,Returned,88,1,Damaged item,In Stock,Pending
ORD101088,CUST3016, Robert Vora ,21,Female,West Bengal,Kolkata,Park Street,261144,18-02-2025,19-02-2025,P573,Paneer,Dairy,Dairy,Mother Dairy,2.33,695,513,26,5,2565,UPI,Cancelled,22,3,Late delivery,Limited,Delivered
ORD104864,CUST1574,Krish Master,64,Female,Delhi,New Delhi, Rohini ,775890,19-09-2025,19-09-2025,P230,Tomato,Fruits & Vegetables,Fruits & Vegetables,Organic India,4.55,354,221,37,5,1107,GPAY,Cancelled,63,2,Average,Out of Stock,Returned
ORD100197,CUST5034,Oliver Wali,53,Male,Delhi,New Delhi,Rohini,417491,28-05-2025,31-05-2025,P895,Tomato,Fruits & Vegetables,Fruits & Vegetables,Organic India,2.21,614,487,21,3,1460,CASH ON DELIVERY,Delivered,75,3,Damaged item,Out of Stock,Cancelled
ORD101243,CUST6575,Ayush Kade,48,Female,Delhi,New Delhi, Saket ,590550,07-11-2024,11-11-2024,P236,Ice Cream,Frozen Food,Frozen Food,Amul,2.19,695,677,3,8,5412,GPAY,Cancelled,42,3,Good,Limited,Pending
ORD102193,CUST6655,Faras Raj,19,Other,Maharashtra,Mumbai,Andheri,29852,05-04-2025,09-04-2025,P423,Detergent,Household Items,Household Items,Surf Excel,2.54,263,185,29,5,926,UPI,Cancelled,25,3,Average,Out of Stock,Cancelled
ORD103537,CUST8813,Gaurangi Patla,52,Other,Gujarat,Ahmedabad,Satellite,698615,30-04-2025,01-05-2025,P558,Bread,Bakery,Bakery,Britannia,2.85,506,414,18,8,3313,CASH ON DELIVERY,Returned,56,3,Excellent,Limited,Delivered
ORD104329,CUST9260,Ubika Guha,18,Male,West Bengal,Kolkata,Howrah,231081,01-08-2025,12-01-2025,P520,Milk,Dairy,Dairy,Amul,1.72,79,50,36,2,101,Debit Card,Delivered,73,2,Good,In Stock,Delivered
ORD101167,CUST1300,Yauvani Vohra,39,Female,Telangana,Hyderabad,Madhapur,569877,19-09-2025,22-09-2025,P625,Biscuits,Snacks,Snacks,Parle,0.66,511,373,27,4,1493,GOOGLE PAY,Cancelled,10,2,Late delivery,Out of Stock,Pending
ORD100481,CUST7192,Chavvi Mishra,50,Female,Delhi,PUNE,Dwarka,658486,01-07-2025,11-01-2025,P991,Paneer,Dairy,Dairy,Mother Dairy,2.67,392,376,4,7,2635,UPI,Returned,55,1,Average,In Stock,Cancelled
ORD102816,CUST8208,Samar Comar,79,Female,Maharashtra,Hyderbad,Dharampeth,919527,24-02-2025,25-02-2025,P651,Detergent,Household Items,Household Items,Surf Excel,4.67,35,29,17,2,58,CASH,Delivered,13,5,Late delivery,In Stock,Cancelled
ORD104187,CUST8431,Yachana Kothari,30,Male,Telangana,Hyderabad,Madhapur,349112,06-08-2025,07-08-2025,P204,Atta,Grocery,Grocery,Aashirvaad,3.53,395,392,1,5,1958,Debit Card,Returned,61,1,Good,In Stock,Cancelled
ORD100593,CUST4014,Divya Saxena,79,Male,West Bengal,Kolkata,Howrah,654197,19-04-2025,22-04-2025,P525,Biscuits,Snacks,Snacks,Parle,0.56,371,343,7,6,2060,GOOGLE PAY,Pending,80,2,Late delivery,Limited,Returned
ORD100768,CUST4315,Vasatika Peri,65,Female,Karnataka,Bangalore,Whitefield,4998,20-01-2025,22-01-2025,P553,Frozen Peas,Frozen Food,Frozen Food, Safal ,4.4,481,413,14,5,2065,Debit Card,Delivered,-3,5,Average,Limited,Returned
ORD102117,CUST3671,Ishani Varghese,39,Female,Maharashtra,Nagpur,Dharampeth,205062,16-06-2024,19-06-2024,P182,Soft Drink,Beverages,Beverages,Coca-Cola,2.76,48,29,38,8,235,Debit Card,Returned,63,5,Average,Limited,Cancelled
ORD101604,CUST8016,Ira Chowdhury,17,Other,Maharashtra,Nagpur,Dharampeth,223647,17-08-2024,19-08-2024,P428,Bread,Bakery,Bakery,Britannia,2.32,599,549,8,7,3843,GPAY,Delivered,76,5,Average,Limited,Pending
ORD101493,CUST4318,Geetika Choudhary,52,Male,Telangana,Hyderabad,Madhapur,833665,19-03-2024,21-03-2024,P856,Paneer,Dairy,Dairy,Mother Dairy,4.38,584,549,6,6,3296,UPI,Returned,89,4,Good,Limited,Returned
ORD103094,CUST1774,Pratyush Cheema,80,Other,Gujarat,Ahmedabad,Navrangpura,447454,29-09-2024,10-01-2024,P515,Milk,Dairy,Dairy,Amul,2.56,484,332,31,7,2325,UPI,Returned,30,5,Average,Limited,Delivered
ORD102439,CUST7642,Harita Wadhwa,39,Other,Maharashtra,Pune,Wakad,169476,10-05-2025,11-05-2025,P493,Tomato,Fruits & Vegetables,Fruits & Vegetables,Organic India,1.48,656,427,35,3,1280,GOOGLE PAY,Delivered,20,3,Good,Out of Stock,Cancelled
ORD101341,CUST9109,Divya Ahuja,21,Other,Gujarat,Surat,Vesu,942234,07-09-2024,09-11-2024,P180,Shampoo,Personal Care,Personal Care,Clinic Plus,2.35,555,513,8,5,2564,UPI,Delivered,69,3,Excellent,In Stock,Cancelled
ORD103743,null,Thomas Amble,21,Other,Maharashtra,Unknown,Hinjewadi,908638,20-09-2025,24-09-2025,P561,Juice,Beverages,Beverages,Real,3.22,406,323,5,3,1488,Unknown,Pending,9,3,Average,Limited,Pending
ORD103312,CUST4271,Eesha Narasimhan,48,Other,Maharashtra,Pune,Hinjewadi,95639,05-12-2025,16-05-2025,P627,Milk,Dairy,Dairy,Amul,1.33,222,216,3,7,1509,GPAY,Returned,80,5,Late delivery,Out of Stock,Returned
ORD103613,CUST8586,Shaurya Tara,77,Other,Karnataka,Bangalore,Indiranagar,23627,10-08-2024,12-08-2024,P731,Sugar,Grocery,Grocery,Madhur,1.82,183,126,31,6,757,UPI,Pending,75,3,Average,Out of Stock,Cancelled
ORD102120,CUST8737,Neel Sura,63,Other,Tamil Nadu,Coimbatore,RS Puram,738896,13-02-2024,17-02-2024,P735,Chips,Snacks,Snacks,Lay's,0.47,251,211,16,6,1265,Debit Card,Cancelled,15,4,Damaged item,In Stock,Returned
ORD102538,CUST5433,Inaya Sodhi,38,Female,Tamil Nadu,Chennai,Velachery,366453,19-09-2025,22-09-2025,P657,Ice Cream,Frozen Food,Frozen Food,Amul,1.56,678,446,34,2,892,UPI,Delivered,36,3,Late delivery,Out of Stock,Returned
ORD101412,null,Farhan Ahuja,42,Other,Tamil Nadu,Unknown,Velachery,320375,18-08-2024,20-08-2024,P322,Soap,Personal Care,Personal Care,Dove,4.01,406,323,3,6,1488,Unknown,Pending,21,3,Average,Out of Stock,Pending
ORD102656,CUST7745,Champak Mandal,22,Male,Gujarat,Surat,Vesu,151184,22-10-2025,25-10-2025,P695,Ice Cream,Frozen Food,Frozen Food,Amul,1.8,528,463,12,1,469,UPI,Cancelled,63,4,Average,In Stock,Delivered
ORD100885,CUST5120,Baljiwan Parikh,51,Other,Karnataka,Mysore,Gokulam,927010,28-12-2025,31-12-2025,P435,Ice Cream,Frozen Food,Frozen Food,Amul,1.08,497,372,25,8,2837,CASH,Pending,74,1,Late delivery,In Stock,Returned
ORD103795,CUST5167,Neha Mohanty,31,Female,Telangana,Hyderabad,Gachibowli,573825,28-12-2024,30-12-2024,P774,Rice,Grocery,Grocery,India Gate,2.12,561,366,35,5,1828,Debit Card,Delivered,89,1,Late delivery,In Stock,Returned
ORD100990,CUST8385,Anmol Saran,36,Other,Telangana,Hyderabad,Madhapur,562613,21-02-2024,22-02-2024,P193,Toothpaste,Personal Care,Personal Care,Colgate,4.81,507,307,40,1,307,CASH,Delivered,70,4,Average,Limited,Delivered
ORD104951,CUST6090,Agastya Deo,43,Male,Karnataka,Bangalore,Whitefield,442052,18-05-2024,21-05-2024,P818,Ice Cream,Frozen Food,Frozen Food,Amul,2.5,462,340,26,8,2720,CASH,Pending,40,3,Average,Out of Stock,Returned
ORD103285,CUST2391,Sanya Shan,20,Female,Tamil Nadu,Chennai,Anna Nagar,889722,23-08-2024,27-08-2024,P559,Rice,Grocery,Grocery,India Gate,2.07,452,295,35,8,2361,UPI,Delivered,14,3,Average,In Stock,Returned
ORD101202,CUST5447,Zaitra Sabharwal,49,Female,Karnataka,Bangalore,Indiranagar,853537,14-07-2025,16-07-2025,P952,Tomato,Fruits & Vegetables,Fruits & Vegetables,Organic India,4.5,790,752,5,8,6013,GPAY,Returned,14,5,Average,Limited,Returned
ORD104773,CUST2870,Naveen Jha,79,Female,Maharashtra,Nagpur,Sitabuldi,846230,19-10-2025,23-10-2025,P911,Apple,Fruits & Vegetables,Fruits & Vegetables,Kashmir Fresh,1.36,568,475,16,7,3327,UPI,Cancelled,41,1,Late delivery,In Stock,Delivered
ORD101403,null,Tripti Bera,68,Female,Karnataka,Unknown,Indiranagar,655629,17-12-2025,21-12-2025,P135,Apple,Fruits & Vegetables,Fruits & Vegetables,Kashmir Fresh,0.4,406,323,23,6,1488,Unknown,Pending,90,3,Average,Out of Stock,Pending
ORD100562,CUST5131,Yashica Prashad,66,Other,Tamil Nadu,Mumbai,Madhapur,326237,08-03-2025,12-03-2025,P351,Detergent,Household Items,Household Items,Surf Excel,3.65,760,664,13,6,3987,CASH ON DELIVERY,Delivered,68,4,Average,Out of Stock,Pending
ORD100266,CUST9268,Jagat Amble,22,Female,Telangana,PUNE,Gachibowli,578724,15-08-2025,15-08-2025,P652,Apple,Fruits & Vegetables,Fruits & Vegetables,Kashmir Fresh,1.64,233,193,17,6,1157,GPAY,Returned,46,5,Average,Out of Stock,Pending
ORD100177,CUST9987,Fiyaz Kumar,57,Female,West Bengal,Kolkata,Howrah,946234,14-06-2025,17-06-2025,P582,Apple,Fruits & Vegetables,Fruits & Vegetables,Kashmir Fresh,4.8,558,337,40,6,2023,GOOGLE PAY,Cancelled,31,4,Damaged item,In Stock,Returned
ORD104733,CUST5069,Eesha Sampath,80,Other,West Bengal,Kolkata,Howrah,104557,21-09-2025,21-09-2025,P402,Bread,Bakery,Bakery,Britannia,2.33,246,154,37,8,1231,GOOGLE PAY,Pending,13,1,Damaged item,In Stock,Pending
ORD104955,CUST4942,Luke Wason,46,Other,Gujarat,Surat,Vesu,53886,13-04-2024,17-04-2024,P837,Atta,Grocery,Grocery,Aashirvaad,0.75,733,548,25,8,4382,CASH ON DELIVERY,Returned,11,5,Average,In Stock,Cancelled
ORD101369,CUST7769,Arya Gupta,46,Female,Karnataka,PUNE,Koramangala,571294,29-11-2025,12-01-2025,P615,Soap,Personal Care,Personal Care,Dove,4.39,609,530,13,6,3180,CASH,Pending,74,3,Average,In Stock,Delivered
ORD103447,CUST3795,Veer Bhargava,38,Female,Tamil Nadu,Chennai,Anna Nagar,639798,20-09-2025,21-09-2025,P660,Detergent,Household Items,Household Items,Surf Excel,4.55,486,328,32,1,328,GPAY,Delivered,37,2,Late delivery,In Stock,Pending
ORD101690,CUST6421,Panini Chhabra,24,Male,West Bengal,Kolkata,Salt Lake,70806,03-05-2024,04-05-2024,P712,Paneer,Dairy,Dairy,Mother Dairy,1.12,197,189,4,6,1135,CASH ON DELIVERY,Returned,8,5,Average,Limited,Pending
ORD101389,CUST9614,Girindra Mahal,12,Other,Karnataka,Bangalore, Whitefield ,964621,30-09-2025,04-10-2025,P984,Toothpaste,Personal Care,Personal Care,Colgate,0.11,758,490,35,8,3917,CASH,Cancelled,78,4,Excellent,In Stock,Pending
ORD101847,CUST1441,Anusha Konda,53,Other,Gujarat,Ahmedabad,Satellite,123786,29-11-2025,03-12-2025,P774,Frozen Peas,Frozen Food,Frozen Food,Safal,3.31,762,586,23,7,4103,GPAY,Returned,38,2,Average,Out of Stock,Delivered
ORD100076,CUST4804,Avni More,76,Other,maharashtra,Nagpur,Dharampeth,392971,06-10-2024,13-06-2024,P970,Curd,Dairy,Dairy,Britannia,4.69,392,267,32,8,2134,UPI,Returned,81,1,Average,Out of Stock,Returned
ORD103731,CUST6165, Dayamai Manne ,30,Male,Maharashtra,Pune, Hinjewadi ,860565,20-08-2025,21-08-2025,P588,Frozen Peas,Frozen Food,Frozen Food,Safal,1.36,415,324,22,3,973,UPI,Cancelled,36,3,Late delivery,Limited,Returned
ORD100683,CUST4983,Jairaj Raghavan,82,Other,Gujarat,Surat,Vesu,434050,28-09-2024,02-10-2024,P655,Frozen Peas,Frozen Food,Frozen Food,Safal,2.78,40,31,22,7,219,UPI,Pending,53,5,Damaged item,Limited,Pending
ORD101992,CUST7863,Fariq Dara,12,Male,West Bengal,Kolkata,Howrah,108834,21-06-2025,21-06-2025,P283,Tea,Beverages,Beverages,Tata Tea,1.21,562,551,2,6,3303,CASH ON DELIVERY,Returned,25,3,Excellent,Limited,Returned
ORD103305,CUST8670,Gopal Srinivas,46,Other,Tamil Nadu,Coimbatore,Peelamedu,808867,23-02-2025,24-02-2025,P966,Tomato,Fruits & Vegetables,Fruits & Vegetables, Organic India ,2.85,514,399,22,1,399,Debit Card,Delivered,66,2,Damaged item,In Stock,Delivered
ORD103021,CUST7545,Ayushman Dutta,28,Other,Gujarat,Surat,Vesu,918022,17-10-2025,21-10-2025,P785,Tomato,Fruits & Vegetables,Fruits & Vegetables,Organic India,0.67,349,311,11,4,1243,GOOGLE PAY,Cancelled,89,1,Good,Limited,Cancelled
ORD100675,CUST7602,Nilima Gour,19,Female,West Bengal,Kolkata, Howrah ,357616,23-03-2025,24-03-2025,P418,Ice Cream,Frozen Food,Frozen Food,Amul,4.83,296,185,37,2,370,CASH ON DELIVERY,Delivered,42,1,Good,Out of Stock,Returned
ORD102063,CUST2788,Raghav Virk,57,Female,Telangana,Hyderabad,Madhapur,721911,08-05-2024,06-08-2024,P178,Soft Drink,Beverages,Beverages,Coca-Cola,1.82,557,412,26,8,3300,GPAY,Pending,63,4,Damaged item,Limited,Cancelled
ORD101826,CUST9000,Rajata Rattan,33,Other,maharashtra,Kolkata,Salt Lake,264124,14-07-2024,15-07-2024,P338,Milk,Dairy,Dairy,Amul,1.74,431,362,16,8,2899,Debit Card,Pending,90,3,Damaged item,In Stock,Returned
ORD102536,CUST3997,Nisha Majumdar,45,Male,Gujarat,Ahmedabad,Satellite,108985,14-04-2025,15-04-2025,P239,Bread,Bakery,Bakery,Britannia,4.11,329,253,23,1,253,UPI,Cancelled,81,1,Excellent,In Stock,Pending
ORD102547,CUST6068,Viraj Mistry,65,Other,Tamil Nadu,Chennai,Velachery,836799,12-08-2024,12-08-2024,P742,Atta,Grocery,Grocery,Aashirvaad,4.56,276,226,18,4,904,UPI,Returned,54,5,Average,Out of Stock,Returned
ORD101001,CUST4415,Finn Kaul,53,Male,Maharashtra,pune,Kothrud,743142,13-07-2025,16-07-2025,P510,Chips,Snacks,Snacks,Lay's,4.78,87,76,13,1,-80,UPI,Delivered,43,3,Average,In Stock,Pending
ORD100027,CUST2395, Xalak Sant ,27,Male,Tamil Nadu,Coimbatore,Peelamedu,993060,15-09-2024,18-09-2024,P882,Chips,Snacks,Snacks,Lay's,2.14,661,503,24,2,1005,CASH,Pending,46,4,Damaged item,Out of Stock,Cancelled
ORD103250,CUST8779,Jeevika Sarin,64,Male,Karnataka,Mysore,VV Mohalla,444643,30-06-2024,01-07-2024,P384,Tomato,Fruits & Vegetables,Fruits & Vegetables,Organic India,0.52,299,298,0,7,2086,UPI,Pending,42,1,Average,Limited,Returned
ORD102499,CUST8821,Samuel Contractor,27,Female,Gujarat,pune,Vesu,726196,26-07-2025,30-07-2025,P873,Milk,Dairy,Dairy,Amul,2.85,509,316,38,2,632,CASH ON DELIVERY,Returned,15,2,Late delivery,Out of Stock,Returned
ORD104787,CUST9512,Christopher Singh,48,Female,Gujarat,Surat,Adajan,157013,10-11-2024,11-11-2024,P341,Chips,Snacks,Snacks,Lay's,4.6,495,473,5,2,946,CASH ON DELIVERY,Returned,77,2,Average,Out of Stock,Delivered
ORD100517,null,Fitan Bahl,34,Other,West Bengal,Unknown,Howrah,483298,17-12-2024,18-12-2024,P447,Bread,Bakery,Bakery,Britannia,2.31,406,323,33,2,1488,Unknown,Pending,37,5,Average,Limited,Pending
ORD100300,CUST1305,Bhavini Dada,30,Male,Gujarat,Ahmedabad,Satellite,93786,21-10-2025,25-10-2025,P284,Detergent,Household Items,Household Items,Surf Excel,4.82,170,144,15,2,288,GOOGLE PAY,Pending,72,3,Average,Limited,Returned
ORD103647,CUST2332,Yash Walia,75,Other,Telangana,pune,Banjara Hills,360174,22-04-2025,24-04-2025,P678,Atta,Grocery,Grocery,Aashirvaad,0.8,765,505,34,3,1515,CASH ON DELIVERY,Cancelled,52,3,Good,In Stock,Returned
ORD100402,CUST4971,Darika Halder,36,Other,Gujarat,Hyderbad, Adajan ,755960,14-08-2025,17-08-2025,P976,Detergent,Household Items,Household Items,Surf Excel,1.11,782,570,27,8,4557,UPI,Delivered,53,1,Late delivery,In Stock,Pending
ORD101841,CUST1170,Eta Swaminathan,59,Other,Maharashtra,Nagpur,Sitabuldi,618959,27-04-2025,27-04-2025,P994,Namkeen,Snacks,Snacks,Haldiram,2.54,182,136,25,5,681,GOOGLE PAY,Cancelled,49,1,Average,Limited,Delivered
ORD100654,CUST3156,Geetika Chopra,51,Female,West Bengal,Kolkata,Park Street,666976,30-03-2024,30-03-2024,P469,Tomato,Fruits & Vegetables,Fruits & Vegetables,Organic India,0.74,158,119,25,6,715,Debit Card,Cancelled,15,2,Late delivery,Out of Stock,Returned
ORD104372,CUST9021,Adya Parmar,39,Female,Tamil Nadu,Mumbai,RS Puram,266917,29-12-2025,30-12-2025,P256,Soap,Personal Care,Personal Care, Dove ,3.11,22,19,17,3,189,GPAY,Returned,56,1,Excellent,Limited,Returned
ORD102738,CUST8380,Nidhi Manne,76,Male,Tamil Nadu,Chennai,Velachery,942927,09-05-2025,06-09-2025,P151,Rice,Grocery,Grocery,India Gate,0.43,143,132,7,7,925,CASH,Returned,16,3,Late delivery,Limited,Pending
ORD101190,CUST3898,Advik Sarraf,34,Female,Gujarat,Surat,Vesu,565681,04-08-2025,07-08-2025,P563,Frozen Peas,Frozen Food,Frozen Food,Safal,2.8,524,501,5,1,501,CASH ON DELIVERY,Cancelled,51,4,Average,Limited,Cancelled
ORD104315,CUST7644,Daksha Barad,78,Female,Tamil Nadu,Coimbatore,Peelamedu,742999,04-08-2024,08-08-2024,P283,Soft Drink,Beverages,Beverages,Coca-Cola,3.14,28,26,7,3,78,CASH ON DELIVERY,Cancelled,78,5,Average,Out of Stock,Returned
ORD101130,CUST1789,Waida Mukhopadhyay,38,Male,Maharashtra,Pune,Hinjewadi,68089,16-09-2024,16-09-2024,P434,Soft Drink,Beverages,Beverages,Coca-Cola,0.57,169,157,7,6,940,UPI,Returned,59,1,Excellent,Out of Stock,Cancelled
ORD101822,null,Reva Magar,18,Other,Telangana,Unknown,Banjara Hills,515973,14-02-2024,16-02-2024,P691,Detergent,Household Items,Household Items,Surf Excel,3.4,406,323,2,6,1488,Unknown,Pending,24,4,Average,In Stock,Pending
ORD102798,CUST7090,Upma Pall,68,Male,Tamil Nadu,Mumbai,Navrangpura,857562,06-06-2025,10-06-2025,P236,Detergent,Household Items,Household Items,Surf Excel,3.43,105,101,3,4,406,UPI,Cancelled,71,4,Average,In Stock,Returned
ORD103812,CUST4842,Manbir Maharaj,70,Female,Karnataka,Bangalore, Whitefield ,427872,18-05-2024,20-05-2024,P734,Apple,Fruits & Vegetables,Fruits & Vegetables,Kashmir Fresh,4.27,543,519,4,6,3115,GPAY,Returned,55,3,Late delivery,In Stock,Returned
ORD104088,CUST9766,Saksham Bail,48,Other,Gujarat,Ahmedabad,Satellite,79857,20-03-2024,21-03-2024,P453,Apple,Fruits & Vegetables,Fruits & Vegetables,Kashmir Fresh,1.67,551,357,35,5,1784,UPI,Delivered,32,3,Average,Out of Stock,Pending
ORD101324,CUST1733,Christopher Master,75,Female,Telangana,Hyderabad,Madhapur,962775,20-01-2024,21-01-2024,P595,Biscuits,Snacks,Snacks,Parle,2.45,501,386,23,6,2319,CASH ON DELIVERY,Cancelled,32,2,Good,Out of Stock,Delivered
ORD103602,CUST5401,Falan Dewan,52,Other,maharashtra,Kolkata,Salt Lake,368707,22-05-2025,26-05-2025,P223,Frozen Peas,Frozen Food,Frozen Food,Safal,4.31,224,182,19,5,912,GOOGLE PAY,Delivered,47,3,Excellent,Limited,Delivered
ORD102338,CUST9617,Yochana Johal,42,Female,Tamil Nadu,Coimbatore,RS Puram,126710,14-08-2024,18-08-2024,P436,Soap,Personal Care,Personal Care,Dove,3.73,78,62,20,3,187,UPI,Delivered,90,3,Average,Limited,Returned
ORD100097,CUST9796,Garima Agate,20,Other,Karnataka,Mysore,VV Mohalla,394297,16-03-2024,19-03-2024,P211,Ice Cream,Frozen Food,Frozen Food,Amul,3.87,474,386,19,8,3087,CASH ON DELIVERY,Cancelled,54,3,Average,In Stock,Returned
ORD101495,CUST9221,Baljiwan Banerjee,55,Female,West Bengal,Kolkata,Salt Lake,43755,30-12-2025,31-12-2025,P476,Juice,Beverages,Beverages,Real,1.46,129,116,-13,4,464,Debit Card,Pending,20,5,Average,In Stock,Delivered
ORD101536,CUST9420,Veda Ramakrishnan,28,Male,Telangana,Hyderabad,Banjara Hills,277599,13-09-2025,15-09-2025,P609,Sugar,Grocery,Grocery,Madhur,0.5,515,406,21,6,2436,UPI,Returned,25,5,Excellent,Out of Stock,Delivered
ORD101052,CUST8126,Damyanti Sodhi,79,Other,Maharashtra,Nagpur,Dharampeth,191037,11-09-2025,11-11-2025,P119,Ice Cream,Frozen Food,Frozen Food,Amul,4.43,459,408,11,5,2041,GOOGLE PAY,Cancelled,89,3,Excellent,Out of Stock,Returned
ORD100824,CUST1293,Amaira Nigam,80,Female,Karnataka,Bangalore, Koramangala ,236230,19-12-2025,21-12-2025,P217,Namkeen,Snacks,Snacks,Haldiram,4.43,448,392,13,2,784,UPI,Returned,80,2,Late delivery,In Stock,Cancelled
ORD102634,CUST7181,Gunbir Bandi,22,Female,Gujarat,Ahmedabad,Navrangpura,270438,26-11-2024,27-11-2024,P882,Paneer,Dairy,Dairy, Mother Dairy ,0.64,154,129,16,4,517,UPI,Cancelled,79,3,Damaged item,Out of Stock,Cancelled
ORD104515,CUST4513,Sanya Bhagat,34,Female,Gujarat,Surat,Adajan,683403,03-10-2025,10-05-2025,P750,Ice Cream,Frozen Food,Frozen Food,Amul,3.34,681,652,4,3,1956,GPAY,Cancelled,79,1,Average,In Stock,Cancelled
ORD104778,CUST2109,Ijaya Shukla,61,Female,Maharashtra,Pune,Hinjewadi,877948,31-03-2025,04-01-2025,P135,Sugar,Grocery,Grocery,Madhur,3.92,473,472,0,7,3303,UPI,Returned,24,4,Excellent,In Stock,Pending
ORD101706,CUST2497,Harish Bava,34,Male,Delhi,New Delhi,Saket,610468,06-02-2025,06-03-2025,P104,Biscuits,Snacks,Snacks,Parle,0.67,501,450,10,4,1799,GOOGLE PAY,Cancelled,31,4,Average,Out of Stock,Delivered
ORD100222,CUST3056,Patrick Natarajan,71,Male,Tamil Nadu,Coimbatore,Peelamedu,1627,25-01-2025,28-01-2025,P763,Ice Cream,Frozen Food,Frozen Food,Amul,0.18,537,424,21,4,1696,CASH ON DELIVERY,Returned,44,4,Late delivery,In Stock,Pending
ORD103865,CUST2548,Damyanti Bakshi,18,Female,West Bengal,Hyderbad,Howrah,827101,07-07-2025,08-07-2025,P761,Namkeen,Snacks,Snacks,Haldiram,4.36,31,23,24,7,163,GOOGLE PAY,Pending,36,1,Average,Limited,Pending
ORD103930,CUST3635,Samaksh Soman,47,Other,Gujarat,Surat,Vesu,346225,03-09-2025,12-03-2025,P508,Milk,Dairy,Dairy,Amul,0.22,388,365,6,1,365,Debit Card,Cancelled,18,5,Good,In Stock,Pending
ORD102033,CUST6038,Riya Trivedi,75,Other,Tamil Nadu,Hyderbad,RS Puram,908738,01-11-2024,12-01-2024,P774,Curd,Dairy,Dairy,Britannia,3.84,411,370,10,8,2962,CASH,Returned,80,3,Average,Out of Stock,Returned
ORD103918,CUST9923,Anita Sahota,74,Other,Karnataka,Bangalore,Koramangala,998050,23-08-2025,23-08-2025,P570,Frozen Peas,Frozen Food,Frozen Food,Safal,4.18,476,396,17,8,3169,UPI,Returned,58,2,Excellent,Limited,Returned
ORD102659,CUST9914,Rushil Rajagopalan,79,Female,Maharashtra,Pune,Baner,342690,29-01-2024,01-02-2024,P270,Soft Drink,Beverages,Beverages,Coca-Cola,4.63,581,386,34,2,772,UPI,Delivered,38,3,Late delivery,In Stock,Delivered
ORD101109,CUST7853,Abeer Vala,36,Female,West Bengal,Kolkata,Howrah,46016,17-04-2024,17-04-2024,P624,Frozen Peas,Frozen Food,Frozen Food,Safal,2.87,398,397,0,1,397,GPAY,Pending,52,4,Average,Limited,Pending
ORD101375,null,Tanay Radhakrishnan,19,Male,Gujarat,Unknown,Navrangpura,714347,12-10-2024,12-12-2024,P765,Banana,Fruits & Vegetables,Fruits & Vegetables,FreshFarm,2.96,406,323,35,2,1488,Unknown,Pending,70,2,Average,In Stock,Pending
ORD102521,CUST8550,Chaman Prabhu,71,Male,West Bengal,Kolkata,Howrah,11137,02-04-2025,04-02-2025,P911,Atta,Grocery,Grocery,Aashirvaad,2.29,517,467,10,7,3268,GPAY,Cancelled,50,3,Damaged item,Limited,Pending
ORD100587,CUST5075,Abdul Bora,32,Female,Tamil Nadu,Coimbatore,Peelamedu,985540,25-05-2025,28-05-2025,P814,Cleaner,Household Items,Household Items,Lizol,2.76,763,549,28,1,549,GOOGLE PAY,Returned,36,4,Damaged item,Limited,Cancelled
ORD101200,CUST4253,Oviya De,21,Other,Delhi,New Delhi,Rohini,65910,02-09-2025,09-03-2025,P971,Ice Cream,Frozen Food,Frozen Food, Amul ,2.71,80,59,26,3,177,Debit Card,Delivered,66,2,Average,Out of Stock,Cancelled
ORD103594,CUST5466,Hritik Sinha,31,Male,Telangana,Hyderabad,Banjara Hills,590279,19-01-2025,21-01-2025,P771,Toothpaste,Personal Care,Personal Care, Colgate ,2.23,267,203,24,5,898,CASH,Cancelled,39,5,Late delivery,Out of Stock,Returned
ORD104342,CUST8450,Ekani Gulati,73,Male,West Bengal,Kolkata,Howrah,58823,28-12-2025,29-12-2025,P254,Frozen Peas,Frozen Food,Frozen Food,Safal,3.18,479,445,7,8,3557,GOOGLE PAY,Cancelled,14,2,Average,In Stock,Delivered
ORD102873,CUST3038,Arya Kakar,19,Female,Telangana,Hyderabad,Banjara Hills,872986,11-01-2024,14-01-2024,P369,Banana,Fruits & Vegetables,Fruits & Vegetables,FreshFarm,2.62,104,75,27,4,302,CASH,Returned,59,3,Damaged item,Limited,Delivered
ORD102761,CUST2247,Waida Divan,72,Female,Karnataka,Mysore,VV Mohalla,804834,24-05-2024,27-05-2024,P964,Cake,Bakery,Bakery,Monginis,3.79,113,84,26,1,84,UPI,Cancelled,36,2,Damaged item,Out of Stock,Cancelled
ORD102326,CUST8844,Zinal Mannan,77,Female,Delhi,New Delhi,Dwarka,415823,08-08-2024,10-08-2024,P911,Tomato,Fruits & Vegetables,Fruits & Vegetables,Organic India,2.62,597,584,2,5,2918,UPI,Pending,89,3,Average,Limited,Delivered
ORD104097,CUST9120,Tarak Yogi,71,Other,Maharashtra,Mumbai,Andheri,688955,15-02-2024,18-02-2024,P190,Detergent,Household Items,Household Items,Surf Excel,2.93,236,165,30,6,990,CASH,Delivered,33,5,Late delivery,Out of Stock,Pending
ORD101685,CUST9277,Ranbir Chaudhari,38,Other,Karnataka,pune,Whitefield,628843,16-03-2024,16-03-2024,P750,Detergent,Household Items,Household Items,Surf Excel,4.86,162,117,28,2,235,UPI,Returned,71,3,Average,In Stock,Returned
ORD102372,CUST8921,Karan Mittal,68,Other,Tamil Nadu,Chennai,Velachery,979702,22-09-2025,23-09-2025,P575,Soap,Personal Care,Personal Care,Dove,3.85,716,450,37,7,3148,UPI,Delivered,11,5,Damaged item,In Stock,Delivered
ORD100265,CUST3730,Janya Mannan,49,Other,Telangana,pune,Banjara Hills,505550,20-11-2024,23-11-2024,P546,Bread,Bakery,Bakery,Britannia,1.09,271,174,36,7,1215,CASH ON DELIVERY,Delivered,51,2,Excellent,Out of Stock,Delivered
ORD104024,CUST3047,Manthan Konda,69,Male,Telangana,pune,Madhapur,304323,20-06-2025,21-06-2025,P253,Toothpaste,Personal Care,Personal Care,Colgate,2.72,107,90,16,1,90,CASH ON DELIVERY,Pending,36,1,Good,Limited,Delivered
ORD101783,CUST1035,Ishani Banik,29,Male,Telangana,Hyderabad,Gachibowli,267958,05-01-2024,07-01-2024,P887,Curd,Dairy,Dairy,Britannia,2.4,675,457,32,6,2856,GOOGLE PAY,Cancelled,-6,3,Late delivery,Limited,Returned
ORD104443,CUST8109,Yochana Pillai,20,Other,Maharashtra,Pune,Kothrud,196126,10-10-2025,10-10-2025,P794,Rice,Grocery,Grocery,India Gate,2.95,152,115,24,1,115,GPAY,Delivered,65,5,Damaged item,Limited,Delivered
ORD101881,CUST7214,Yasti More,56,Female,Delhi,New Delhi,Saket,762074,30-04-2025,04-05-2025,P758,Apple,Fruits & Vegetables,Fruits & Vegetables,Kashmir Fresh,2.14,485,455,6,2,909,CASH ON DELIVERY,Pending,38,3,Average,Out of Stock,Pending
ORD101465,CUST1938,Umang Hora,26,Other,West Bengal,Kolkata,Salt Lake,374376,07-04-2025,04-07-2025,P178,Soft Drink,Beverages,Beverages,Coca-Cola,2.36,350,230,34,4,921,CASH ON DELIVERY,Delivered,11,4,Late delivery,Out of Stock,Returned
ORD104589,null,Darika Boase,73,Other,Tamil Nadu,Unknown,RS Puram,602488,25-04-2025,29-04-2025,P290,Biscuits,Snacks,Snacks,Parle,2.51,406,323,14,2,1488,Unknown,Pending,73,2,Average,Out of Stock,Pending
ORD101195,CUST3893,Nimrat Pandya,53,Male,Tamil Nadu,Chennai,Anna Nagar,132068,09-03-2024,09-03-2024,P252,Paneer,Dairy,Dairy,Mother Dairy,1.81,743,615,-16,1,615,GOOGLE PAY,Returned,11,3,Average,Limited,Pending
ORD103156,CUST1500,Benjamin Pandya,49,Female,Telangana,Hyderabad,Gachibowli,663374,14-06-2024,18-06-2024,P395,Chips,Snacks,Snacks,Lay's,0.15,367,246,33,4,982,UPI,Delivered,24,3,Late delivery,Out of Stock,Cancelled
ORD101598,CUST2533,Chaitanya Sura,38,Male,Tamil Nadu,Chennai,Velachery,557385,19-06-2025,23-06-2025,P840,Cleaner,Household Items,Household Items, Lizol ,1.39,333,297,11,2,593,UPI,Cancelled,22,5,Excellent,Out of Stock,Cancelled
ORD102708,null,Vincent Sibal,37,Male,Karnataka,Unknown,Gokulam,584602,07-01-2025,07-01-2025,P961,Sugar,Grocery,Grocery,Madhur,1.45,406,323,32,7,1488,Unknown,Pending,32,3,Average,In Stock,Pending
ORD101252,CUST7560,Aadi Chahal,27,Male,Karnataka,Bangalore,Koramangala,731615,22-09-2025,22-09-2025,P402,Toothpaste,Personal Care,Personal Care,Colgate,1.11,200,147,27,1,147,CASH ON DELIVERY,Returned,53,5,Average,Out of Stock,Cancelled
ORD100414,CUST1868,Urvashi Sundaram,25,Other,Tamil Nadu,Coimbatore,RS Puram,759943,03-10-2024,10-03-2024,P247,Banana,Fruits & Vegetables,Fruits & Vegetables,FreshFarm,2.85,484,449,7,6,2695,GPAY,Pending,73,3,Average,In Stock,Cancelled
ORD101703,CUST1032,Neel Goda,71,Female,Gujarat,Surat,Adajan,254806,23-03-2024,26-03-2024,P670,Soft Drink,Beverages,Beverages,Coca-Cola,4.85,699,528,24,7,3699,GOOGLE PAY,Cancelled,28,2,Excellent,Limited,Delivered
ORD100671,CUST8396,Sarthak Bala,95,Female,Delhi,New Delhi, Rohini ,547214,11-06-2024,11-06-2024,P737,Soap,Personal Care,Personal Care,Dove,0.42,567,537,5,4,2147,GPAY,Cancelled,80,3,Damaged item,In Stock,Pending
ORD104005,CUST9131, Omaja Gole ,42,Male,Karnataka,Mysore,VV Mohalla,970197,07-03-2024,07-06-2024,P782,Frozen Peas,Frozen Food,Frozen Food,Safal,0.93,734,592,19,2,1183,CASH,Pending,38,3,Average,Limited,Pending
ORD101748,CUST1806,Nirja Thakur,63,Female,Tamil Nadu,Chennai,T Nagar,811132,21-02-2025,21-02-2025,P398,Cake,Bakery,Bakery,Monginis,0.46,780,527,32,7,3687,GPAY,Cancelled,79,2,Damaged item,Out of Stock,Pending
ORD102047,CUST7051,Rachit Kashyap,18,Other,Gujarat,Ahmedabad,Satellite,108259,01-08-2024,01-08-2024,P959,Frozen Peas,Frozen Food,Frozen Food, Safal ,2.21,450,327,27,4,1309,Debit Card,Pending,63,1,Average,In Stock,Pending
ORD100218,CUST8426,Teerth Jhaveri,60,Female,Maharashtra,Mumbai,Powai,274929,25-08-2024,26-08-2024,P586,Cake,Bakery,Bakery,Monginis,0.65,692,586,15,3,1757,GPAY,Returned,49,3,Average,Out of Stock,Pending
ORD104300,CUST5309,Tarak Pandit,18,Other,Karnataka,Mysore,VV Mohalla,358833,28-10-2025,28-10-2025,P766,Soft Drink,Beverages,Beverages,Coca-Cola,2.3,64,39,39,3,118,UPI,Returned,21,5,Good,In Stock,Delivered
ORD100744,CUST3996, Jonathan Dixit ,53,Other,Maharashtra,Pune,Kothrud,360504,08-06-2024,11-06-2024,P782,Bread,Bakery,Bakery,Britannia,3.99,296,278,6,2,556,CASH ON DELIVERY,Returned,88,3,Average,Out of Stock,Returned
ORD103226,CUST8575,Januja Suri,80,Other,Karnataka,Mysore,Gokulam,689345,21-06-2025,23-06-2025,P830,Chips,Snacks,Snacks,Lay's,1.48,106,81,24,3,242,UPI,Pending,52,1,Late delivery,In Stock,Cancelled
ORD101978,CUST6946,Triya Lal,27,Male,West Bengal,Kolkata,Salt Lake,880345,05-04-2024,06-04-2024,P789,Shampoo,Personal Care,Personal Care,Clinic Plus,1.54,600,410,32,1,410,CASH ON DELIVERY,Pending,11,3,Late delivery,In Stock,Pending
ORD101098,null,Rishi Karan,24,Other,West Bengal,Unknown,Salt Lake,675316,05-04-2025,04-06-2025,P408,Atta,Grocery,Grocery,Aashirvaad,3.92,406,323,34,1,1488,Unknown,Pending,35,1,Average,Out of Stock,Pending
ORD102466,CUST8856,Amaira Dhar,45,Female,Tamil Nadu,Chennai,Anna Nagar,386557,17-12-2024,21-12-2024,P306,Chips,Snacks,Snacks, Lay's ,4.27,485,345,29,5,1727,UPI,Cancelled,11,2,Average,In Stock,Returned
ORD104423,CUST1072, Yadavi Ray ,58,Female,Telangana,pune,Madhapur,871113,20-04-2024,21-04-2024,P603,Curd,Dairy,Dairy,Britannia,2.31,502,398,21,1,398,Debit Card,Cancelled,26,4,Late delivery,Out of Stock,Pending
ORD103749,CUST3876,Sanaya Dixit,61,Female,West Bengal,Kolkata,Howrah,830330,21-10-2024,21-10-2024,P518,Rice,Grocery,Grocery,India Gate,4.56,210,169,19,7,1186,Debit Card,Cancelled,75,3,Late delivery,In Stock,Pending
ORD103740,CUST5211,Vaishnavi Manda,23,Male,Maharashtra,pune,Baner,11213,21-02-2025,24-02-2025,P844,Banana,Fruits & Vegetables,Fruits & Vegetables,FreshFarm,2.04,101,89,12,6,533,CASH ON DELIVERY,Delivered,37,3,Excellent,Out of Stock,Returned
ORD104466,CUST7834,Jagvi Bhattacharyya,24,Male,Delhi,New Delhi, Rohini ,165819,11-04-2024,07-11-2024,P913,Bread,Bakery,Bakery,Britannia,4.41,238,217,9,8,1734,UPI,Cancelled,30,3,Good,In Stock,Delivered
ORD101061,CUST5533,Tanvi Mital,50,Female,Delhi,New Delhi,Rohini,946986,06-09-2025,10-09-2025,P419,Banana,Fruits & Vegetables,Fruits & Vegetables,FreshFarm,3.68,670,668,0,7,4679,GPAY,Returned,65,1,Average,Limited,Returned
ORD104306,CUST4156,Ekanta Narain,77,Other,Tamil Nadu,pune,T Nagar,752857,15-07-2025,16-07-2025,P388,Cleaner,Household Items,Household Items,Lizol,1.08,640,396,38,5,1978,Debit Card,Cancelled,58,4,Excellent,In Stock,Delivered
ORD102621,CUST5516,Shaurya Thakkar,63,Female,Delhi,New Delhi,Saket,105425,13-09-2025,17-09-2025,P889,Cake,Bakery,Bakery,Monginis,0.66,303,246,19,1,246,Debit Card,Delivered,31,3,Excellent,Out of Stock,Returned
ORD102289,CUST5983,Libni Sanghvi,50,Other,Karnataka,Bangalore,Indiranagar,569214,10-07-2025,07-11-2025,P690,Frozen Peas,Frozen Food,Frozen Food,Safal,2.45,315,260,17,7,1819,CASH ON DELIVERY,Cancelled,87,1,Average,In Stock,Cancelled
ORD104767,null,Anya Salvi,75,Male,Tamil Nadu,pune,Peelamedu,317734,17-12-2024,21-12-2024,P102,Toothpaste,Personal Care,Personal Care,Colgate,0.36,406,323,35,7,1488,Unknown,Pending,84,3,Average,Out of Stock,Pending
ORD100208,CUST9084,Nathan Issac,52,Male,Tamil Nadu,Coimbatore,Peelamedu,533960,03-10-2025,10-04-2025,P775,Cake,Bakery,Bakery,Monginis,2.43,721,709,-9,2,1473,GPAY,Returned,85,5,Average,In Stock,Pending
ORD101165,CUST9897,Ethan Cherian,31,Male,Maharashtra,pune,Wakad,185361,06-02-2025,09-02-2025,P355,Biscuits,Snacks,Snacks,Parle,0.26,101,67,34,7,470,CASH,Pending,9,2,Average,Out of Stock,Pending
ORD100263,CUST1913,Balvan Kota,53,Female,Tamil Nadu,Coimbatore,RS Puram,480237,02-02-2025,05-02-2025,P705,Tea,Beverages,Beverages,Tata Tea,4.86,464,369,20,2,738,CASH,Cancelled,72,3,Good,In Stock,Delivered
ORD104680,CUST5907,Krisha Brahmbhatt,37,Female,Maharashtra,Nagpur,Sitabuldi,708994,23-08-2025,23-08-2025,P669,Tea,Beverages,Beverages,Tata Tea,3.86,630,462,27,2,925,GOOGLE PAY,Delivered,11,3,Good,Out of Stock,Pending
ORD104686,CUST2082,Maanav Sur,80,Female,Gujarat,Surat,Vesu,268987,13-06-2024,15-06-2024,P484,Curd,Dairy,Dairy,Britannia,3.51,74,66,11,8,527,GPAY,Delivered,26,3,Average,Limited,Delivered
ORD101170,CUST2571,Sachi Mohan,18,Male,Tamil Nadu,Mumbai,Banjara Hills,165217,03-12-2024,03-12-2024,P425,Milk,Dairy,Dairy,Amul,4.11,338,222,34,8,1775,CASH ON DELIVERY,Returned,45,5,Average,Out of Stock,Delivered
ORD100198,CUST4271,Warda Gera,46,Other,Telangana,PUNE,Madhapur,225471,02-11-2025,02-11-2025,P875,Toothpaste,Personal Care,Personal Care,Colgate,3.67,152,112,26,5,562,UPI,Delivered,37,1,Late delivery,Limited,Pending
ORD103196,null,Rohan Kalla,62,Male,Karnataka,Unknown,VV Mohalla,378944,02-07-2024,07-03-2024,P674,Tea,Beverages,Beverages,Tata Tea,3.21,406,323,14,2,1488,Unknown,Pending,71,5,Average,Limited,Pending
ORD104612,CUST7564,Jason Thaker,61,Female,Maharashtra,Pune,Kothrud,629317,21-10-2024,25-10-2024,P728,Atta,Grocery,Grocery,Aashirvaad,2.6,531,474,11,3,1422,Debit Card,Cancelled,81,4,Damaged item,Out of Stock,Returned
ORD102730,CUST5633,Zinal Goswami,21,Male,Maharashtra,Nagpur,Dharampeth,673571,03-09-2024,03-09-2024,P963,Soap,Personal Care,Personal Care,Dove,2.12,248,151,39,2,302,GPAY,Returned,9,1,Late delivery,Limited,Pending
ORD101483,CUST8385, Kala Parmer ,79,Male,Maharashtra,Pune,Baner,328584,19-11-2024,23-11-2024,P427,Frozen Peas,Frozen Food,Frozen Food,Safal,1.36,619,375,39,8,2999,GPAY,Pending,12,3,Average,Out of Stock,Cancelled
ORD104823,CUST2453,Hiral Mander,70,Female,West Bengal,Kolkata,Park Street,578861,04-03-2025,08-03-2025,P970,Detergent,Household Items,Household Items,Surf Excel,3.45,414,282,32,3,847,UPI,Cancelled,46,1,Late delivery,Limited,Pending
ORD102990,CUST9719,Gayathri Venkatesh,59,Female,West Bengal,Kolkata,Salt Lake,238130,24-09-2024,27-09-2024,P113,Detergent,Household Items,Household Items,Surf Excel,1.26,136,97,29,7,677,UPI,Delivered,16,4,Average,Out of Stock,Delivered
ORD102848,CUST1060,Manya Palan,39,Male,maharashtra,Mysore,VV Mohalla,666018,13-10-2025,17-10-2025,P719,Bread,Bakery,Bakery,Britannia,3.19,40,27,33,8,317,CASH ON DELIVERY,Cancelled,16,5,Average,Limited,Returned
ORD101301,CUST5199,Hema Pau,70,Male,Gujarat,Ahmedabad,Satellite,748265,05-12-2024,15-05-2024,P538,Tea,Beverages,Beverages,Tata Tea,2.51,421,356,15,3,1068,CASH,Cancelled,57,5,Average,Out of Stock,Cancelled
ORD100631,CUST5321,Rachit Bassi,57,Female,Telangana,Hyderabad,Gachibowli,81749,22-03-2025,26-03-2025,P218,Frozen Peas,Frozen Food,Frozen Food,Safal,1.29,399,374,6,2,749,CASH,Delivered,75,4,Average,In Stock,Cancelled
ORD102375,CUST3633,Tejas Rout,43,Other,Karnataka,Bangalore,Indiranagar,742809,15-06-2024,16-06-2024,P817,Detergent,Household Items,Household Items, Surf Excel ,0.99,665,414,38,6,2482,Debit Card,Delivered,13,5,Average,Limited,Returned
ORD100689,CUST7209,Omkaar Rajagopal,38,Female,Tamil Nadu,Chennai,T Nagar,517193,31-07-2024,03-08-2024,P125,Cleaner,Household Items,Household Items,Lizol,3.01,214,212,1,6,1271,CASH ON DELIVERY,Cancelled,15,3,Average,Limited,Cancelled
ORD100050,CUST7484, Aishani Bobal ,55,Female,Telangana,Hyderabad,Madhapur,758646,24-06-2024,28-06-2024,P326,Paneer,Dairy,Dairy,Mother Dairy,1.73,669,648,3,8,5180,UPI,Delivered,18,3,Good,Limited,Pending
ORD102343,CUST8281,Chasmum Bobal,54,Female,Karnataka,Bangalore,Whitefield,723120,26-01-2024,30-01-2024,P314,Cleaner,Household Items,Household Items,Lizol,4.21,166,126,24,2,252,CASH,Cancelled,65,3,Average,Limited,Returned
ORD100373,CUST1710,Naksh Pandey,41,Other,Gujarat,Surat,Adajan,79873,18-05-2025,19-05-2025,P538,Frozen Peas,Frozen Food,Frozen Food,Safal,2.7,195,192,2,2,383,CASH,Pending,18,4,Late delivery,Limited,Cancelled
ORD100697,CUST4759,Ati Choudhury,71,Female,West Bengal,Kolkata,Howrah,470837,12-10-2025,13-10-2025,P112,Toothpaste,Personal Care,Personal Care,Colgate,0.28,322,321,0,1,321,Debit Card,Delivered,87,1,Average,Out of Stock,Returned
ORD103034,CUST4413,Noah Kari,56,Male,Maharashtra,Nagpur,Dharampeth,521640,03-06-2025,06-06-2025,P797,Namkeen,Snacks,Snacks,Haldiram,2.57,63,39,37,1,39,GPAY,Cancelled,29,3,Excellent,Out of Stock,Delivered
ORD103702,CUST4247,Caleb Yogi,35,Other,Tamil Nadu,Coimbatore,RS Puram,301869,27-03-2025,31-03-2025,P727,Tomato,Fruits & Vegetables,Fruits & Vegetables,Organic India,1.43,258,181,30,3,544,GOOGLE PAY,Delivered,45,1,Average,In Stock,Returned
ORD103319,CUST6563,Harrison Kala,59,Male,Maharashtra,Pune,Kothrud,718747,05-06-2025,06-06-2025,P538,Milk,Dairy,Dairy,Amul,3.37,192,121,37,4,486,GPAY,Returned,40,2,Average,Out of Stock,Pending
ORD101985,CUST2728, Arin Chandran ,39,Male,Telangana,Hyderabad,Gachibowli,548458,11-06-2024,13-06-2024,P250,Sugar,Grocery,Grocery,Madhur,3.67,396,340,14,7,2380,CASH,Cancelled,64,3,Damaged item,In Stock,Cancelled
ORD102397,null,Baljiwan Padmanabhan,21,Male,Gujarat,Unknown,Satellite,120006,20-12-2025,23-12-2025,P265,Milk,Dairy,Dairy,Amul,0.58,406,323,36,2,1488,Unknown,Pending,45,5,Average,In Stock,Pending
ORD104132,CUST6860,Bhavna Chowdhury,57,Male,West Bengal,Kolkata,Salt Lake,78500,09-09-2025,09-09-2025,P453,Tea,Beverages,Beverages,Tata Tea,2.88,447,294,34,7,2199,CASH,Returned,67,3,Late delivery,In Stock,Pending
ORD103255,CUST5611,Ira Sastry,47,Male,Karnataka,Bangalore,Whitefield,728946,01-07-2025,11-01-2025,P625,Atta,Grocery,Grocery,Aashirvaad,0.95,240,196,18,7,1424,CASH ON DELIVERY,Cancelled,33,3,Average,In Stock,Delivered
ORD102424,CUST1882,Jeet Raval,56,Female,Tamil Nadu,Chennai,Velachery,515806,11-09-2024,13-11-2024,P604,Shampoo,Personal Care,Personal Care,Clinic Plus,2.3,36,28,23,4,111,UPI,Delivered,56,3,Excellent,Limited,Cancelled
ORD103597,null,Adya Mangat,25,Male,Karnataka,Unknown,VV Mohalla,286485,17-12-2024,17-12-2024,P890,Cake,Bakery,Bakery,Monginis,4.77,406,323,33,4,1488,Unknown,Pending,16,4,Average,In Stock,Pending
ORD100188,CUST6690,Hemani Sachdev,32,Female,Karnataka,Bangalore,Indiranagar,679604,25-09-2025,27-09-2025,P121,Apple,Fruits & Vegetables,Fruits & Vegetables,Kashmir Fresh,3.48,67,57,14,1,57,GOOGLE PAY,Pending,79,1,Damaged item,Limited,Returned
ORD100693,CUST8275,Ekanta Brar,54,Male,Maharashtra,Pune, Kothrud ,238564,25-08-2025,29-08-2025,P238,Tomato,Fruits & Vegetables,Fruits & Vegetables,Organic India,4.97,395,315,20,7,2208,GPAY,Cancelled,53,3,Average,Out of Stock,Delivered
ORD103718,CUST9162,Bhavna Handa,57,Male,West Bengal,Kolkata,Park Street,333281,14-09-2024,17-09-2024,P597,Ice Cream,Frozen Food,Frozen Food,Amul,2.21,123,118,4,3,354,UPI,Pending,78,2,Excellent,Out of Stock,Pending
ORD104953,CUST3016,Saanvi Rattan,64,Male,Maharashtra,Nagpur,Sitabuldi,840778,06-10-2024,07-10-2024,P771,Frozen Peas,Frozen Food,Frozen Food,Safal,2.88,554,442,20,3,1326,CASH,Pending,82,2,Damaged item,In Stock,Cancelled
ORD102449,CUST1582,Aadi Sastry,72,Other,Telangana,Hyderabad,Gachibowli,76936,27-09-2025,10-01-2025,P448,Milk,Dairy,Dairy,Amul,4.13,653,416,36,4,1666,CASH ON DELIVERY,Cancelled,12,4,Good,Limited,Pending
ORD101097,CUST5470,Reyansh Tandon,38,Female,Telangana,Hyderabad,Madhapur,893057,22-08-2025,25-08-2025,P319,Banana,Fruits & Vegetables,Fruits & Vegetables,FreshFarm,0.99,677,626,8,3,1878,CASH ON DELIVERY,Cancelled,41,3,Good,In Stock,Delivered
ORD103567,CUST2199,Gagan Anne,34,Male,Maharashtra,Mumbai,Andheri,421590,05-08-2025,07-08-2025,P385,Soap,Personal Care,Personal Care,Dove,4.31,239,186,22,1,186,GOOGLE PAY,Delivered,53,5,Late delivery,Limited,Cancelled
ORD101747,CUST8314,Vansha Ben,44,Female,Gujarat,Ahmedabad,Navrangpura,6971,18-09-2024,20-09-2024,P512,Detergent,Household Items,Household Items,Surf Excel,1.01,102,101,1,8,898,Debit Card,Returned,78,3,Average,Out of Stock,Delivered
ORD103238,CUST2459,Anmol Nanda,27,Other,Tamil Nadu,Coimbatore,Peelamedu,765216,25-06-2024,26-06-2024,P687,Sugar,Grocery,Grocery,Madhur,3.84,167,144,13,4,578,CASH,Delivered,39,5,Excellent,Out of Stock,Delivered
ORD102645,CUST9556,Vritti Doctor,77,Male,Tamil Nadu,Chennai,Velachery,459180,15-11-2025,19-11-2025,P232,Soft Drink,Beverages,Beverages,Coca-Cola,3.41,52,33,36,3,100,UPI,Delivered,28,4,Average,Out of Stock,Pending
ORD103732,CUST4345,Mitali Dhar,33,Female,Delhi,New Delhi,Dwarka,927845,28-01-2024,31-01-2024,P520,Paneer,Dairy,Dairy,Mother Dairy,3.39,102,81,20,5,407,UPI,Delivered,75,3,Average,Limited,Cancelled
ORD100493,CUST6810,Ishani Dalal,38,Other,Maharashtra,Mumbai,Powai,738263,02-03-2025,03-02-2025,P293,Curd,Dairy,Dairy,Britannia,3.89,196,151,23,1,151,UPI,Cancelled,33,1,Good,Limited,Delivered
ORD103845,CUST6965,Yashawini Kibe,40,Male,Karnataka,Mysore,VV Mohalla,487413,18-08-2024,19-08-2024,P130,Milk,Dairy,Dairy,Amul,0.63,574,397,31,5,1983,GPAY,Returned,40,3,Late delivery,In Stock,Delivered
ORD103274,CUST5113,Oeshi Dhar,65,Male,Gujarat,Surat,Vesu,640458,21-04-2024,22-04-2024,P642,Rice,Grocery,Grocery,India Gate,3.02,513,434,16,5,2168,GOOGLE PAY,Returned,8,3,Good,In Stock,Cancelled
ORD100729,null,Max Kala,70,Female,Karnataka,Unknown,VV Mohalla,498748,30-05-2025,30-05-2025,P464,Milk,Dairy,Dairy,Amul,2.05,406,323,38,7,1488,Unknown,Pending,84,5,Average,In Stock,Pending
ORD104043,null,Yutika Sabharwal,44,Female,Karnataka,PUNE,Gokulam,587084,22-03-2024,26-03-2024,P952,Rice,Grocery,Grocery,India Gate,3.47,406,323,23,2,1488,Unknown,Pending,54,3,Average,In Stock,Pending
ORD100824,CUST1293,Amaira Nigam,80,Female,Karnataka,Bangalore,Koramangala,236230,19-12-2025,21-12-2025,P217,Namkeen,Snacks,Snacks,Haldiram,4.43,448,392,13,2,784,UPI,Returned,80,2,Late delivery,In Stock,Cancelled
ORD103307,null,Madhav Vyas,24,Male,Tamil Nadu,Unknown,Peelamedu,70856,20-10-2024,24-10-2024,P873,Cake,Bakery,Bakery,Monginis,3.34,406,323,3,3,1488,Unknown,Pending,30,3,Average,Limited,Pending
ORD101590,CUST9415,Ishwar Randhawa,77,Female,Delhi,New Delhi,Saket,776427,23-02-2024,25-02-2024,P738,Chips,Snacks,Snacks,Lay's,2.66,158,145,8,7,1017,CASH,Pending,44,2,Late delivery,Out of Stock,Pending
ORD104913,CUST9731,Ekavir Atwal,68,Other,Delhi,PUNE,Rohini,755741,25-03-2024,29-03-2024,P583,Toothpaste,Personal Care,Personal Care,Colgate,3.99,365,281,23,6,1685,CASH ON DELIVERY,Delivered,76,4,Excellent,Out of Stock,Delivered
ORD100574,null,Pushti Mander,33,Male,Maharashtra,Unknown,Baner,958494,16-03-2025,17-03-2025,P308,Soft Drink,Beverages,Beverages,Coca-Cola,2.75,406,323,16,4,1488,Unknown,Pending,78,5,Average,Limited,Pending
ORD100714,CUST5974,Balhaar Pandya,52,Male,Tamil Nadu,Coimbatore,Peelamedu,741660,15-03-2025,18-03-2025,P491,Curd,Dairy,Dairy,Britannia,4.61,479,329,31,4,1317,Debit Card,Cancelled,78,2,Average,In Stock,Cancelled
ORD103363,CUST6338,Dayita Rana,40,Female,Telangana,Hyderabad,Madhapur,744099,29-11-2024,02-12-2024,P890,Namkeen,Snacks,Snacks,Haldiram,0.58,165,103,37,4,413,UPI,Pending,58,3,Damaged item,Limited,Pending
ORD103422,CUST2689,Ubika Nadkarni,22,Other,Delhi,New Delhi,Saket,318754,29-09-2025,10-02-2025,P339,Banana,Fruits & Vegetables,Fruits & Vegetables,FreshFarm,2.87,118,117,1,1,117,CASH ON DELIVERY,Returned,90,2,Average,Out of Stock,Delivered
ORD100758,CUST7416,Champak Dhillon,40,Male,Delhi,New Delhi,Dwarka,608550,30-12-2024,30-12-2024,P445,Namkeen,Snacks,Snacks,Haldiram,3.18,627,428,32,3,1283,Debit Card,Returned,84,5,Damaged item,In Stock,Pending
ORD103667,CUST7596,Viraj Vaidya,66,Female,Delhi,New Delhi,Dwarka,847111,10-01-2024,10-01-2024,P489,Detergent,Household Items,Household Items,Surf Excel,3.74,715,691,3,4,2763,GPAY,Delivered,13,5,Damaged item,In Stock,Delivered
ORD100108,CUST1152,Jasmit Bora,55,Male,Maharashtra,Mumbai,Bandra,922413,10-02-2025,04-10-2025,P936,Paneer,Dairy,Dairy,Mother Dairy,0.69,355,226,36,4,903,Debit Card,Returned,64,2,Damaged item,In Stock,Pending
ORD103278,CUST9534,Janani Chaudry,44,Male,Tamil Nadu,Chennai,Velachery,754569,18-08-2024,22-08-2024,P853,Milk,Dairy,Dairy,Amul,3.57,488,475,3,6,2848,CASH ON DELIVERY,Pending,44,5,Late delivery,Out of Stock,Returned
ORD101095,CUST1844,Aayush Nath,19,Female,Tamil Nadu,Hyderbad,RS Puram,883020,30-12-2025,01-03-2026,P333,Soap,Personal Care,Personal Care,Dove,4.04,364,338,7,7,2368,Debit Card,Returned,9,5,Average,In Stock,Returned
ORD103430,CUST8047,Udant Kunda,74,Other,Maharashtra,Nagpur,Dharampeth,885649,09-01-2024,11-01-2024,P441,Toothpaste,Personal Care,Personal Care,Colgate,4.12,504,454,10,4,1816,GOOGLE PAY,Cancelled,73,3,Average,Limited,Pending
ORD103332,CUST3810,Chakradev Basu,69,Male,Maharashtra,Mumbai,Bandra,652942,09-06-2024,11-06-2024,P731,Bread,Bakery,Bakery,Britannia,3.83,149,111,25,6,668,GPAY,Delivered,35,1,Damaged item,In Stock,Pending
ORD104505,CUST5975,Ekapad Tank,18,Female,Telangana,pune,Banjara Hills,145047,04-02-2024,05-02-2024,P910,Shampoo,Personal Care,Personal Care,Clinic Plus,0.78,470,307,35,1,307,CASH ON DELIVERY,Delivered,8,1,Damaged item,Limited,Cancelled
ORD101595,CUST5096,Lohit Balay,55,Male,Maharashtra,Mumbai,Andheri,773171,16-07-2025,17-07-2025,P718,Juice,Beverages,Beverages,Real,3.36,102,64,37,4,256,CASH,Cancelled,67,5,Good,Limited,Delivered
ORD103032,CUST5026,Mason Kalla,65,Female,Tamil Nadu,Chennai,Velachery,174477,09-12-2024,13-12-2024,P931,Juice,Beverages,Beverages,Real,1.72,320,219,32,6,1314,UPI,Cancelled,41,5,Average,In Stock,Cancelled
ORD103145,CUST8303, Pavani Viswanathan ,33,Male,Maharashtra,Pune,Kothrud,616611,17-11-2024,17-11-2024,P707,Atta,Grocery,Grocery,Aashirvaad,2.78,164,103,37,3,308,GOOGLE PAY,Returned,90,3,Late delivery,In Stock,Pending
ORD100883,CUST9666,Anusha Ahluwalia,43,Female,West Bengal,Kolkata,Howrah,634625,13-01-2025,15-01-2025,P175,Sugar,Grocery,Grocery,Madhur,0.73,341,341,0,7,2384,CASH,Cancelled,85,4,Average,Limited,Pending
ORD104701,CUST2464,Urmi Maharaj,68,Other,Tamil Nadu,Chennai,Velachery,191307,27-10-2024,29-10-2024,P389,Soft Drink,Beverages,Beverages,Coca-Cola,2.39,702,687,2,2,1375,GPAY,Returned,60,3,Damaged item,In Stock,Cancelled
ORD100709,CUST8526,Bachittar Loke,39,Male,Maharashtra,Nagpur,Dharampeth,360771,23-05-2025,23-05-2025,P385,Biscuits,Snacks,Snacks,Parle,4.25,752,466,38,1,466,GPAY,Pending,14,2,Average,Limited,Cancelled
ORD101539,CUST8470,Qabil Narula,48,Female,West Bengal,Kolkata,Salt Lake,426746,04-08-2024,08-08-2024,P556,Biscuits,Snacks,Snacks,Parle,3.4,754,492,35,4,1966,UPI,Pending,31,3,Average,Limited,Cancelled
ORD100176,CUST7518,Bhavani Ghose,66,Male,Delhi,New Delhi,Saket,542756,15-01-2025,19-01-2025,P155,Paneer,Dairy,Dairy, Mother Dairy ,2.68,404,402,1,6,2410,GPAY,Returned,43,1,Average,Out of Stock,Returned
ORD104786,CUST9150,Harinakshi Rana,47,Male,West Bengal,Kolkata,Salt Lake,962637,19-03-2025,22-03-2025,P651,Soft Drink,Beverages,Beverages,Coca-Cola,1.79,73,49,33,3,147,GPAY,Delivered,20,5,Average,Out of Stock,Cancelled
ORD102440,CUST1611,Gopal Goswami,57,Other,West Bengal,Kolkata,Salt Lake,888232,18-08-2024,22-08-2024,P705,Cleaner,Household Items,Household Items,Lizol,2.76,539,454,16,1,702,CASH,Returned,21,3,Average,Limited,Delivered
ORD103085,CUST6311,Anusha Banik,54,Other,Karnataka,Bangalore,Koramangala,982606,25-12-2024,29-12-2024,P681,Bread,Bakery,Bakery,Britannia,4.08,575,500,13,5,2499,GOOGLE PAY,Pending,51,2,Damaged item,Limited,Cancelled
ORD103264,CUST2206,Amara Balay,41,Male,Telangana,Hyderabad,Madhapur,407962,24-02-2025,27-02-2025,P886,Atta,Grocery,Grocery,Aashirvaad,1.78,147,143,2,1,143,Debit Card,Cancelled,55,2,Average,Limited,Pending
ORD104130,CUST7395,Sanya Dewan,79,Other,Gujarat,Ahmedabad,Satellite,765424,28-07-2025,28-07-2025,P416,Chips,Snacks,Snacks,Lay's,1.63,763,549,28,3,1648,CASH ON DELIVERY,Cancelled,35,5,Average,Limited,Returned
ORD101105,CUST2637,Yatin Devan,55,Female,Telangana,Hyderabad,Gachibowli,652643,07-09-2024,08-09-2024,P977,Namkeen,Snacks,Snacks,Haldiram,2.48,466,348,25,2,696,UPI,Pending,673,3,Damaged item,Limited,Returned
ORD102341,CUST9798,Zehaan Vala,59,Other,Maharashtra,Hyderbad,Wakad,852762,11-07-2025,12-07-2025,P628,Shampoo,Personal Care,Personal Care,Clinic Plus,0.95,652,624,4,1,678,GPAY,Delivered,72,4,Excellent,In Stock,Pending
ORD104898,CUST3391,Xalak Kar,75,Female,maharashtra,PUNE,Koramangala,184946,09-07-2025,07-11-2025,P504,Cake,Bakery,Bakery,Monginis,1.59,242,169,30,5,847,CASH ON DELIVERY,Returned,64,3,Average,Limited,Delivered
ORD101210,CUST9187,Abdul Luthra,69,Other,West Bengal,Kolkata,Howrah,736968,22-12-2025,24-12-2025,P157,Toothpaste,Personal Care,Personal Care,Colgate,1.35,209,200,4,8,1601,UPI,Cancelled,65,3,Average,Limited,Returned
ORD102387,CUST9010,Yash Bandi,75,Other,Gujarat,Surat,Adajan,811502,29-01-2024,31-01-2024,P227,Tomato,Fruits & Vegetables,Fruits & Vegetables, Organic India ,0.49,346,345,0,7,2553,GPAY,Returned,23,2,Late delivery,In Stock,Cancelled
ORD100505,CUST6365, Watika Bir ,46,Male,Delhi,pune,Dwarka,918119,19-08-2024,21-08-2024,P633,Shampoo,Personal Care,Personal Care,Clinic Plus,1.62,716,465,35,3,1395,UPI,Returned,43,3,Damaged item,Out of Stock,Delivered
ORD102125,CUST6950,Chatura Master,59,Male,Tamil Nadu,Coimbatore, Peelamedu ,81532,18-08-2025,19-08-2025,P247,Apple,Fruits & Vegetables,Fruits & Vegetables,Kashmir Fresh,1,127,105,17,5,526,CASH,Returned,79,3,Good,In Stock,Returned
ORD102766,CUST7938,Raagini Cherian,58,Male,Gujarat,Surat,Adajan,656040,11-10-2025,10-12-2025,P394,Rice,Grocery,Grocery,India Gate,0.64,640,558,13,8,4464,UPI,Returned,15,3,Average,Out of Stock,Returned
ORD100726,CUST8843,Yachana Raman,67,Other,Telangana,Hyderabad,Banjara Hills,582285,19-04-2025,22-04-2025,P978,Toothpaste,Personal Care,Personal Care,Colgate,1.16,569,363,36,3,914,CASH,Returned,38,2,Average,Limited,Returned
ORD104274,CUST1130,Indali Ravel,73,Male,Telangana,Hyderabad,Madhapur,109300,12-09-2025,13-09-2025,P582,Biscuits,Snacks,Snacks,Parle,3.55,146,106,27,3,318,CASH ON DELIVERY,Returned,52,1,Late delivery,In Stock,Cancelled
ORD100630,CUST2448,Advik Dass,41,Male,Tamil Nadu,Chennai, Anna Nagar ,403737,11-05-2024,14-05-2024,P801,Banana,Fruits & Vegetables,Fruits & Vegetables,FreshFarm,2.33,752,735,2,1,735,GOOGLE PAY,Pending,85,2,Average,In Stock,Cancelled
ORD100748,CUST5450,Amruta Sastry,61,Male,Telangana,Hyderabad,Madhapur,372820,10-03-2025,10-03-2025,P193,Banana,Fruits & Vegetables,Fruits & Vegetables,FreshFarm,2.92,87,87,1,6,520,GPAY,Pending,62,3,Damaged item,Limited,Returned
ORD103296,CUST7255,Isaac Saini,64,Female,Telangana,Hyderabad,Banjara Hills,693716,05-03-2024,06-03-2024,P751,Detergent,Household Items,Household Items,Surf Excel,1.93,177,151,15,1,151,CASH,Returned,33,3,Late delivery,In Stock,Cancelled
ORD100614,CUST8761,Bhanumati Pandya,22,Female,Gujarat,Surat,Adajan,230192,30-04-2024,01-05-2024,P483,Chips,Snacks,Snacks,Lay's,0.27,509,485,5,6,2909,UPI,Returned,28,1,Average,In Stock,Pending
ORD101325,CUST1716,Sara Walla,46,Female,Maharashtra,Nagpur,Dharampeth,746469,15-02-2025,19-02-2025,P724,Chips,Snacks,Snacks,Lay's,0.72,244,225,8,8,1800,GOOGLE PAY,Pending,27,2,Damaged item,Out of Stock,Returned
ORD102224,CUST2527,Jagdish Sawhney,47,Female,West Bengal,Kolkata,Park Street,972324,19-03-2024,19-03-2024,P682,Tomato,Fruits & Vegetables,Fruits & Vegetables,Organic India,2.24,90,59,35,2,117,CASH,Cancelled,79,2,Average,Limited,Delivered
ORD101927,CUST7842,Dalbir Sur,40,Other,Gujarat,Ahmedabad,Navrangpura,719926,08-06-2025,10-08-2025,P874,Frozen Peas,Frozen Food,Frozen Food,Safal,2.86,286,235,18,5,1173,CASH ON DELIVERY,Delivered,79,3,Late delivery,Out of Stock,Cancelled
ORD104159,CUST1220,Kevin Thaker,76,Other,Maharashtra,Nagpur,Sitabuldi,924610,06-12-2024,13-06-2024,P691,Cake,Bakery,Bakery,Monginis,1.77,317,234,26,1,234,Debit Card,Cancelled,56,2,Good,Out of Stock,Pending
ORD104107,CUST2992,Sara Gopal,44,Female,Tamil Nadu,Chennai,Anna Nagar,83878,22-05-2025,25-05-2025,P590,Soap,Personal Care,Personal Care,Dove,4.16,453,400,12,4,1600,CASH,Pending,71,2,Average,Limited,Cancelled
ORD102870,CUST2894,Yadavi Gara,64,Female,Telangana,Hyderabad,Madhapur,336395,07-08-2025,08-11-2025,P442,Detergent,Household Items,Household Items,Surf Excel,3.61,238,198,17,1,198,UPI,Returned,68,4,Good,Out of Stock,Cancelled
ORD100691,CUST1887,Upadhriti Kanda,67,Male,Karnataka,Bangalore,Koramangala,479418,13-05-2024,14-05-2024,P442,Paneer,Dairy,Dairy,Mother Dairy,3.06,221,169,24,6,1012,GOOGLE PAY,Pending,45,1,Average,Limited,Returned
ORD101883,CUST8078,Yauvani Buch,29,Other,Karnataka,Bangalore,Whitefield,94098,29-04-2024,01-05-2024,P793,Frozen Peas,Frozen Food,Frozen Food,Safal,4.94,281,259,8,4,1036,CASH,Delivered,52,5,Damaged item,In Stock,Cancelled
ORD100783,CUST5799,Jyoti Dora,52,Other,West Bengal,Hyderbad,Salt Lake,185526,09-05-2024,07-09-2024,P371,Ice Cream,Frozen Food,Frozen Food,Amul,1.52,425,362,15,8,2895,UPI,Pending,56,3,Average,Out of Stock,Delivered
ORD102582,CUST2960,Aarini Garde,23,Other,West Bengal,Kolkata,Howrah,255146,23-03-2025,24-03-2025,P633,Cleaner,Household Items,Household Items,Lizol,2.76,135,113,16,1,113,UPI,Cancelled,33,1,Late delivery,Limited,Cancelled
ORD103786,CUST9723,Jasmit Lanka,70,Male,maharashtra,PUNE,Satellite,755895,28-01-2025,01-02-2025,P374,Banana,Fruits & Vegetables,Fruits & Vegetables,FreshFarm,4.61,337,262,22,8,2097,CASH,Pending,15,2,Damaged item,Out of Stock,Cancelled
ORD102825,CUST6024,Girish Rout,44,Female,Gujarat,Ahmedabad,Satellite,734168,13-01-2024,17-01-2024,P286,Bread,Bakery,Bakery,Britannia,3.45,340,268,21,1,268,Debit Card,Cancelled,78,3,Good,Limited,Cancelled
ORD100231,CUST5365, Alexander Narayanan ,58,Male,Delhi,New Delhi,Rohini,38985,02-05-2024,05-02-2024,P500,Juice,Beverages,Beverages,Real,2.92,466,326,30,2,652,CASH,Returned,840,4,Damaged item,Limited,Delivered
ORD102648,CUST7537,Osha Agarwal,63,Female,Gujarat,Ahmedabad,Satellite,57346,25-01-2025,27-01-2025,P510,Ice Cream,Frozen Food,Frozen Food,Amul,1.66,129,109,16,7,1010,Debit Card,Cancelled,16,2,Damaged item,In Stock,Cancelled
ORD103970,CUST6907,Alexander Golla,69,Female,Delhi,New Delhi,Dwarka,276440,03-04-2024,06-04-2024,P344,Detergent,Household Items,Household Items,Surf Excel,4.01,125,119,5,8,954,Debit Card,Returned,83,5,Average,Out of Stock,Pending
ORD103273,CUST2463,Suhani Yogi,75,Other,Delhi,New Delhi,Saket,735027,14-07-2025,18-07-2025,P460,Bread,Bakery,Bakery,Britannia,3.24,39,34,15,8,270,CASH,Returned,83,5,Late delivery,Out of Stock,Returned
ORD102942,CUST8587,Damyanti Guha,72,Male,Tamil Nadu,Coimbatore,Peelamedu,847401,20-10-2024,24-10-2024,P691,Detergent,Household Items,Household Items,Surf Excel,0.85,35,26,24,5,131,UPI,Delivered,50,2,Average,Limited,Pending
ORD102628,CUST5515, Triya Walia ,46,Female,Karnataka,Bangalore,Koramangala,136688,16-05-2025,18-05-2025,P888,Sugar,Grocery,Grocery,Madhur,3.7,658,611,7,1,611,GOOGLE PAY,Cancelled,18,3,Excellent,In Stock,Returned
ORD103151,CUST7408,Vedant Varty,18,Female,Gujarat,Ahmedabad,Satellite,762854,17-03-2025,18-03-2025,P232,Shampoo,Personal Care,Personal Care,Clinic Plus,1.06,153,129,16,7,900,CASH,Cancelled,73,3,Excellent,In Stock,Delivered
ORD103862,CUST2716,Zayan Sharma,30,Male,Maharashtra,Nagpur,Sitabuldi,736892,07-11-2024,10-11-2024,P946,Soft Drink,Beverages,Beverages,Coca-Cola,3.58,335,258,23,7,1803,CASH ON DELIVERY,Cancelled,8,4,Damaged item,In Stock,Returned
ORD103848,CUST3022,Mitesh Garg,53,Other,Maharashtra,Mumbai,Bandra,527770,21-09-2025,24-09-2025,P389,Cake,Bakery,Bakery,Monginis,1.31,414,287,31,1,287,UPI,Returned,36,3,Average,In Stock,Returned
ORD104613,CUST9374,Lajita Sharaf,72,Male,Karnataka,Mysore,Gokulam,865916,23-03-2025,27-03-2025,P661,Juice,Beverages,Beverages, Real ,2.02,239,167,30,3,502,CASH,Cancelled,63,2,Late delivery,Limited,Cancelled
ORD100166,CUST3639,Yahvi Barad,33,Male,Delhi,New Delhi,Saket,850061,12-04-2024,12-04-2024,P140,Atta,Grocery,Grocery,Aashirvaad,4.46,547,433,21,8,3462,UPI,Delivered,81,3,Late delivery,Limited,Returned
ORD103140,CUST5463,Upadhriti Bahl,35,Male,Karnataka,Mysore,VV Mohalla,376951,21-10-2024,25-10-2024,P855,Toothpaste,Personal Care,Personal Care,Colgate,2.08,58,43,25,7,304,Debit Card,Pending,26,5,Excellent,Out of Stock,Returned
ORD102639,CUST4639,Abdul Dhawan,74,Male,Maharashtra,Mumbai,Dadar,5814,21-08-2024,22-08-2024,P393,Chips,Snacks,Snacks,Lay's,3.76,730,547,25,8,4373,Debit Card,Pending,73,1,Average,In Stock,Returned
ORD102278,CUST6784,Aarna Shukla,16,Female,Delhi,New Delhi,Rohini,511593,09-05-2024,13-05-2024,P605,Tea,Beverages,Beverages,Tata Tea,4.66,338,266,21,4,1025,Debit Card,Delivered,52,5,Damaged item,Limited,Returned
ORD100170,CUST8925,Girindra Sangha,29,Female,Gujarat,Surat,Vesu,550866,01-08-2025,08-03-2025,P452,Cleaner,Household Items,Household Items,Lizol,3.89,794,602,24,5,3012,GPAY,Pending,79,1,Average,In Stock,Returned
ORD102606,CUST2976,Dalaja Hayre,11,Female,West Bengal,Kolkata,Park Street,166502,06-09-2024,13-06-2024,P607,Toothpaste,Personal Care,Personal Care,Colgate,2.29,174,149,14,8,1192,UPI,Pending,42,5,Average,Out of Stock,Pending
ORD103583,null,Warda Savant,52,Other,Gujarat,Unknown,Adajan,508754,15-02-2024,16-02-2024,P755,Soap,Personal Care,Personal Care,Dove,4.59,406,323,13,1,1488,Unknown,Pending,58,3,Average,Limited,Pending
ORD100506,CUST5769,Yoshita Tripathi,74,Male,Delhi,New Delhi,Dwarka,474725,15-12-2024,17-12-2024,P190,Apple,Fruits & Vegetables,Fruits & Vegetables,Kashmir Fresh,4.99,318,304,4,1,304,CASH,Cancelled,70,3,Damaged item,Limited,Returned
ORD101362,CUST2518,Tanveer Mutti,44,Other,Karnataka,Bangalore,Indiranagar,656264,22-09-2024,22-09-2024,P232,Toothpaste,Personal Care,Personal Care,Colgate,0.43,203,197,3,1,197,UPI,Cancelled,55,3,Excellent,In Stock,Delivered
ORD104993,CUST7608,Dakshesh Dixit,44,Other,Maharashtra,Nagpur,Dharampeth,732624,21-11-2025,25-11-2025,P510,Cake,Bakery,Bakery,Monginis,2.41,579,351,39,8,2806,UPI,Delivered,15,1,Average,In Stock,Returned
ORD102770,CUST9883,Yashica Sarin,19,Female,Delhi,New Delhi,Dwarka,569555,06-04-2025,06-04-2025,P111,Ice Cream,Frozen Food,Frozen Food,Amul,1.94,432,362,16,7,2534,GPAY,Cancelled,18,5,Damaged item,In Stock,Pending
ORD100332,CUST3199,Aashi Som,78,Female,Karnataka,Mysore,VV Mohalla,516629,20-05-2024,22-05-2024,P905,Banana,Fruits & Vegetables,Fruits & Vegetables,FreshFarm,3.83,251,166,34,8,1601,CASH,Returned,50,3,Average,In Stock,Pending
ORD104689,CUST1188,Arya Shetty,40,Female,West Bengal,Kolkata,Park Street,844535,30-01-2025,02-02-2025,P264,Frozen Peas,Frozen Food,Frozen Food,Safal,2.45,351,242,31,7,1696,GOOGLE PAY,Pending,59,2,Damaged item,In Stock,Cancelled
ORD102045,CUST1160,Ayushman Singhal,73,Male,West Bengal,Kolkata,Park Street,80879,11-12-2025,15-12-2025,P993,Cake,Bakery,Bakery,Monginis,0.44,688,603,12,4,2413,Debit Card,Delivered,84,3,Average,In Stock,Delivered
ORD101492,CUST7173,Meera Kamdar,37,Male,Maharashtra,Nagpur,Dharampeth,260517,27-11-2024,27-11-2024,P974,Soft Drink,Beverages,Beverages,Coca-Cola,1.11,612,446,27,3,1337,CASH,Pending,52,3,Average,Out of Stock,Pending
ORD100620,CUST7191,Varsha Badal,21,Female,Telangana,Hyderabad,Banjara Hills,516012,28-06-2024,30-06-2024,P190,Banana,Fruits & Vegetables,Fruits & Vegetables,FreshFarm,1.87,265,209,21,1,209,CASH,Cancelled,-12,2,Damaged item,Out of Stock,Delivered
ORD101605,CUST8680,Orinder Mistry,59,Male,Maharashtra,Mumbai,Andheri,398483,11-10-2024,13-10-2024,P589,Toothpaste,Personal Care,Personal Care,Colgate,0.27,259,207,20,8,1656,CASH ON DELIVERY,Returned,85,3,Late delivery,Out of Stock,Pending
ORD101026,CUST5475,Upasna Desai,56,Female,Karnataka,Mysore,Gokulam,848431,31-08-2025,09-02-2025,P570,Milk,Dairy,Dairy,Amul,3.43,373,283,24,7,1981,GOOGLE PAY,Delivered,34,3,Average,In Stock,Pending
ORD104643,CUST7928,Indira Oak,63,Other,Karnataka,PUNE,Koramangala,388748,27-03-2025,28-03-2025,P122,Soap,Personal Care,Personal Care,Dove,2.01,140,108,23,7,756,UPI,Pending,22,4,Damaged item,Limited,Returned
ORD103665,CUST3502,Ronith Konda,55,Male,Karnataka,Mysore,Gokulam,945530,15-07-2024,15-07-2024,P979,Paneer,Dairy,Dairy,Mother Dairy,2.25,220,218,1,3,653,UPI,Delivered,44,1,Average,Out of Stock,Cancelled
ORD104246,CUST7155,Yochana Gera,42,Female,Telangana,Hyderabad,Gachibowli,844879,24-01-2024,27-01-2024,P368,Apple,Fruits & Vegetables,Fruits & Vegetables,Kashmir Fresh,3.14,124,122,2,1,122,GOOGLE PAY,Delivered,36,2,Excellent,In Stock,Delivered
ORD103712,CUST9400,Idika Seshadri,29,Female,Delhi,New Delhi,Rohini,204105,02-07-2024,06-07-2024,P301,Milk,Dairy,Dairy,Amul,1.81,798,670,16,1,670,GPAY,Pending,57,5,Average,Out of Stock,Delivered
ORD101338,CUST4279,Tanay Srivastava,27,Male,Telangana,Hyderabad,Banjara Hills,898490,08-09-2024,13-08-2024,P360,Cleaner,Household Items,Household Items,Lizol,2.19,311,262,16,4,1047,CASH,Delivered,18,4,Average,Out of Stock,Delivered
ORD104719,CUST4612,Jeremiah Barad,49,Male,Telangana,Hyderabad,Madhapur,385657,22-03-2025,26-03-2025,P166,Tea,Beverages,Beverages,Tata Tea,3.36,668,403,40,1,403,UPI,Cancelled,23,5,Excellent,Limited,Returned
ORD103300,CUST1970,Quincy Joshi,47,Female,Maharashtra,Pune,Wakad,421411,06-10-2025,06-10-2025,P554,Tea,Beverages,Beverages,Tata Tea,1.54,593,445,25,3,1334,Debit Card,Cancelled,77,2,Late delivery,Out of Stock,Delivered
ORD104735,CUST8825,Jasmit Chahal,49,Female,West Bengal,Kolkata,Salt Lake,35278,22-09-2025,23-09-2025,P219,Sugar,Grocery,Grocery,Madhur,4.37,354,273,23,1,273,UPI,Pending,52,5,Damaged item,In Stock,Pending
ORD101956,CUST4063,Rushil Sahni,70,Other,West Bengal,Kolkata,Howrah,323613,09-06-2025,08-09-2025,P428,Soft Drink,Beverages,Beverages,Coca-Cola,1.43,89,79,11,3,238,UPI,Returned,73,4,Late delivery,Out of Stock,Cancelled
ORD102286,CUST5416,Megha Minhas,28,Male,Gujarat,Ahmedabad,Navrangpura,915755,01-08-2024,03-08-2024,P344,Paneer,Dairy,Dairy,Mother Dairy,1.75,176,157,11,5,783,CASH ON DELIVERY,Cancelled,52,4,Late delivery,Out of Stock,Returned
ORD104503,CUST8945,Yagnesh Deo,63,Female,Delhi,New Delhi,Rohini,428682,27-09-2024,28-09-2024,P784,Paneer,Dairy,Dairy, Mother Dairy ,4.47,294,177,40,2,354,UPI,Delivered,18,2,Damaged item,Out of Stock,Pending
ORD101398,null,Chanakya Sule,37,Female,Maharashtra,Unknown,Sitabuldi,977277,20-12-2025,23-12-2025,P539,Sugar,Grocery,Grocery,Madhur,0.7,406,323,37,7,1488,Unknown,Pending,49,3,Average,Out of Stock,Pending
ORD102433,CUST7288,Praneel Sundaram,59,Male,Karnataka,Mysore,Gokulam,624971,03-12-2024,15-03-2024,P804,Tomato,Fruits & Vegetables,Fruits & Vegetables,Organic India,4.08,612,531,13,5,2656,GPAY,Cancelled,27,3,Excellent,Limited,Cancelled
ORD103018,CUST9783,Aditya Barad,57,Other,Gujarat,Ahmedabad,Navrangpura,523360,05-03-2024,09-03-2024,P867,Milk,Dairy,Dairy,Amul,3.68,346,208,40,3,625,UPI,Delivered,57,2,Late delivery,In Stock,Returned
ORD103254,CUST5126,Lipika Lal,62,Male,Delhi,New Delhi,Saket,54873,27-04-2025,28-04-2025,P707,Toothpaste,Personal Care,Personal Care,Colgate,1.16,305,219,28,3,657,CASH,Delivered,32,5,Average,Out of Stock,Returned
ORD101368,CUST1138,Ekavir Sarraf,38,Male,Maharashtra,Mumbai,Powai,487728,14-07-2024,15-07-2024,P579,Tea,Beverages,Beverages,Tata Tea,4.82,369,321,13,3,974,UPI,Cancelled,66,4,Average,Limited,Cancelled
ORD102149,CUST6237,Girindra Sant,42,Male,Tamil Nadu,Coimbatore,RS Puram,391937,05-06-2025,06-06-2025,P302,Rice,Grocery,Grocery,India Gate,3.19,751,598,20,3,1795,UPI,Pending,89,3,Average,Limited,Cancelled
ORD102959,CUST5506,Vamakshi Naik,21,Male,Maharashtra,Pune,Wakad,190989,07-02-2025,02-10-2025,P110,Curd,Dairy,Dairy,Britannia,3.77,151,99,35,1,99,UPI,Cancelled,31,4,Damaged item,In Stock,Returned
ORD102380,CUST4227,Aadhya Parikh,78,Other,West Bengal,Hyderbad,Salt Lake,574627,14-11-2025,17-11-2025,P748,Detergent,Household Items,Household Items,Surf Excel,2.18,103,74,28,5,371,GPAY,Returned,66,2,Average,In Stock,Cancelled
ORD104226,CUST4584,Harinakshi Master,67,Male,Gujarat,Surat,Adajan,479319,28-02-2024,29-02-2024,P565,Soft Drink,Beverages,Beverages,Coca-Cola,4.14,568,520,9,8,4161,CASH ON DELIVERY,Cancelled,56,5,Late delivery,In Stock,Pending
ORD102698,CUST6349,Anay Bera,57,Other,Delhi,New Delhi,Rohini,942585,28-09-2025,28-09-2025,P544,Rice,Grocery,Grocery,India Gate,0.55,571,440,23,2,880,GPAY,Delivered,80,1,Good,In Stock,Pending
ORD102643,CUST2683,Udarsh Prabhu,53,Female,Tamil Nadu,Coimbatore,Peelamedu,861269,13-06-2025,13-06-2025,P830,Ice Cream,Frozen Food,Frozen Food,Amul,3.53,664,503,24,3,1508,UPI,Pending,88,4,Average,Limited,Returned
ORD103393,CUST3650,Kavya Andra,43,Other,Gujarat,Surat,Vesu,801265,18-01-2024,22-01-2024,P583,Bread,Bakery,Bakery,Britannia,3.55,536,527,2,3,1582,CASH,Delivered,72,3,Excellent,Limited,Pending
ORD101707,CUST9109,Qarin Hora,50,Male,Gujarat,Surat,Adajan,241793,12-07-2025,14-07-2025,P427,Sugar,Grocery,Grocery,Madhur,4.5,649,454,30,6,2722,Debit Card,Cancelled,86,3,Average,In Stock,Pending
ORD103189,CUST8343,Madhavi Hari,49,Other,Karnataka,Bangalore,Whitefield,856837,27-03-2024,29-03-2024,P381,Bread,Bakery,Bakery, Britannia ,1.3,742,736,1,7,5435,CASH ON DELIVERY,Delivered,53,4,Average,Limited,Returned
ORD103850,CUST7820,Yuvraj Bhatti,79,Male,Gujarat,Ahmedabad,Navrangpura,543545,26-12-2025,29-12-2025,P235,Ice Cream,Frozen Food,Frozen Food,Amul,3.15,772,603,22,7,4218,UPI,Pending,76,3,Late delivery,In Stock,Pending
ORD102593,CUST7607,Leena Arora,62,Male,Tamil Nadu,Chennai,Anna Nagar,133367,03-02-2025,03-02-2025,P803,Detergent,Household Items,Household Items, Surf Excel ,0.12,577,513,11,5,2564,GPAY,Cancelled,84,3,Average,In Stock,Delivered
ORD100916,CUST9442,Widisha Karpe,35,Female,Gujarat,Ahmedabad, Navrangpura ,821064,19-10-2025,21-10-2025,P738,Tea,Beverages,Beverages,Tata Tea,1.42,259,233,10,7,1628,Debit Card,Returned,49,3,Average,In Stock,Delivered
ORD102179,null,Azad Mahal,27,Female,Gujarat,Unknown,Navrangpura,571347,17-08-2025,18-08-2025,P316,Chips,Snacks,Snacks,Lay's,0.34,406,323,35,6,1488,Unknown,Pending,52,2,Average,Limited,Pending
ORD104229,CUST5247,Dayamai Panchal,33,Other,Maharashtra,Nagpur,Sitabuldi,267443,02-01-2025,06-01-2025,P227,Toothpaste,Personal Care,Personal Care, Colgate ,3.77,536,488,9,5,2441,GOOGLE PAY,Returned,10,3,Average,Out of Stock,Returned
ORD104393,CUST5518,Om Wali,48,Other,Maharashtra,Nagpur,Sitabuldi,968499,19-11-2024,20-11-2024,P935,Banana,Fruits & Vegetables,Fruits & Vegetables,FreshFarm,0.96,619,469,24,6,2813,GPAY,Cancelled,65,3,Good,Out of Stock,Delivered
ORD100091,CUST5903,Harish Chadha,63,Male,Karnataka,Mysore,Gokulam,559224,12-01-2025,03-12-2025,P680,Milk,Dairy,Dairy,Amul,4.19,160,150,-7,1,150,GPAY,Cancelled,17,3,Late delivery,Limited,Delivered
ORD101163,CUST7476,Chandran Morar,44,Other,Delhi,New Delhi,Dwarka,434891,10-04-2024,11-04-2024,P249,Toothpaste,Personal Care,Personal Care,Colgate,1.03,576,407,29,1,407,CASH,Cancelled,58,5,Average,In Stock,Pending
ORD103799,CUST2641,Gautam Chand,38,Male,Maharashtra,Pune,Wakad,199059,24-10-2024,28-10-2024,P821,Cake,Bakery,Bakery,Monginis,0.21,48,44,7,5,221,Debit Card,Pending,22,5,Late delivery,Limited,Returned
ORD100912,CUST5298,Ridhi Modi,68,Female,Karnataka,Mysore,VV Mohalla,251205,15-01-2024,15-01-2024,P389,Frozen Peas,Frozen Food,Frozen Food,Safal,2.91,571,386,32,4,1545,GOOGLE PAY,Cancelled,59,4,Average,Limited,Pending
ORD103325,CUST7831,Neel Sidhu,79,Other,Delhi,New Delhi,Rohini,399647,26-07-2025,26-07-2025,P501,Milk,Dairy,Dairy,Amul,3.08,83,55,33,1,227,UPI,Delivered,64,1,Good,Limited,Pending
ORD103339,CUST9407,Ganga Dey,30,Male,Tamil Nadu,Coimbatore, Peelamedu ,954843,27-06-2025,01-07-2025,P659,Cake,Bakery,Bakery,Monginis,4.16,629,516,18,6,3031,GOOGLE PAY,Cancelled,22,4,Good,Limited,Returned
ORD101909,CUST9453, Reva Mand ,46,Male,Tamil Nadu,Coimbatore,RS Puram,858608,03-02-2024,03-02-2024,P165,Cleaner,Household Items,Household Items,Lizol,4.05,624,620,1,8,4957,UPI,Cancelled,72,3,Average,In Stock,Pending
ORD101660,null,Jagrati Saini,41,Female,West Bengal,Unknown,Howrah,143809,18-11-2024,19-11-2024,P579,Biscuits,Snacks,Snacks,Parle,0.5,406,323,12,3,1488,Unknown,Pending,22,5,Average,Limited,Pending
ORD102794,null,Robert Saran,32,Other,Karnataka,Unknown,Koramangala,639521,08-11-2025,14-08-2025,P693,Toothpaste,Personal Care,Personal Care,Colgate,0.18,406,323,2,3,1488,Unknown,Pending,36,3,Average,Out of Stock,Pending
ORD101333,null,Oviya Badami,42,Female,Gujarat,Unknown,Vesu,141463,08-12-2024,12-12-2024,P580,Namkeen,Snacks,Snacks,Haldiram,2.74,406,323,25,4,1488,Unknown,Pending,8,2,Average,Limited,Pending
ORD102872,CUST6625,Aarush Roy,29,Male,Maharashtra,Mumbai,Powai,498431,24-10-2024,24-10-2024,P570,Soft Drink,Beverages,Beverages,Coca-Cola,1.11,788,639,19,4,2556,CASH,Delivered,52,1,Damaged item,Out of Stock,Delivered
ORD103476,CUST8996,Meghana Chand,72,Other,Gujarat,Ahmedabad,Satellite,464350,05-12-2024,12-06-2024,P747,Tea,Beverages,Beverages,Tata Tea,3.46,379,283,25,7,1983,CASH ON DELIVERY,Delivered,47,2,Damaged item,Out of Stock,Cancelled
ORD100124,CUST8982,Raagini Ranganathan,26,Other,Maharashtra,Pune,Hinjewadi,21011,22-06-2025,24-06-2025,P824,Chips,Snacks,Snacks,Lay's,4.85,311,304,2,2,608,CASH ON DELIVERY,Cancelled,63,3,Average,In Stock,Returned
ORD102494,CUST4658,Samaksh Rana,20,Other,West Bengal,Kolkata,Howrah,631102,27-11-2024,01-12-2024,P516,Frozen Peas,Frozen Food,Frozen Food,Safal,3.01,716,583,19,6,3497,GPAY,Returned,55,2,Late delivery,Out of Stock,Cancelled
ORD102402,CUST6416,Tristan Choudhary,73,Male,Karnataka,Hyderbad,Indiranagar,783473,21-11-2025,24-11-2025,P221,Ice Cream,Frozen Food,Frozen Food,Amul,3.75,456,356,22,1,356,Debit Card,Returned,71,2,Excellent,In Stock,Pending
ORD104250,CUST9742,Gautam Swaminathan,52,Female,Tamil Nadu,Coimbatore, Peelamedu ,277274,30-05-2024,30-05-2024,P204,Tea,Beverages,Beverages,Tata Tea,1.29,159,137,13,8,1098,UPI,Pending,67,3,Good,In Stock,Delivered
ORD103833,CUST3226,Zarna De,69,Male,Gujarat,Ahmedabad,Navrangpura,995767,14-04-2024,15-04-2024,P291,Frozen Peas,Frozen Food,Frozen Food,Safal,2.47,229,213,7,4,852,UPI,Returned,26,2,Average,Out of Stock,Pending
ORD102418,CUST2386,Atharv Palla,51,Other,Karnataka,Bangalore,Whitefield,973117,21-04-2024,24-04-2024,P769,Namkeen,Snacks,Snacks,Haldiram,1.86,626,386,38,3,1159,GPAY,Returned,46,3,Good,Limited,Pending
ORD103194,CUST8849,Samar Vohra,73,Other,Maharashtra,Pune,Kothrud,830125,15-04-2025,16-04-2025,P966,Detergent,Household Items,Household Items,Surf Excel,0.5,460,353,23,6,2119,Debit Card,Returned,21,3,Damaged item,Limited,Cancelled
ORD103968,CUST3788,Ishwar Shetty,74,Male,Tamil Nadu,pune,RS Puram,776968,19-02-2024,23-02-2024,P734,Sugar,Grocery,Grocery,Madhur,4.08,421,378,10,6,2271,UPI,Returned,81,4,Average,In Stock,Delivered
ORD101380,CUST4245,Tripti Dhar,94,Other,Tamil Nadu,Chennai,Anna Nagar,532176,24-10-2024,27-10-2024,P194,Toothpaste,Personal Care,Personal Care, Colgate ,3.8,475,311,34,1,311,UPI,Pending,53,3,Average,Out of Stock,Returned
ORD104285,CUST7655,Vaishnavi Nori,29,Male,maharashtra,Kolkata,Park Street,716933,05-03-2025,03-08-2025,P582,Apple,Fruits & Vegetables,Fruits & Vegetables,Kashmir Fresh,1.85,579,486,16,5,2431,GOOGLE PAY,Returned,50,1,Damaged item,In Stock,Delivered
ORD101042,CUST7857,Mitali Dhaliwal,78,Female,Telangana,pune,Gachibowli,166123,02-02-2024,06-02-2024,P168,Tea,Beverages,Beverages,Tata Tea,4.4,568,446,22,3,1337,UPI,Returned,19,4,Damaged item,In Stock,Returned
ORD102894,CUST1768,Isha Dhaliwal,72,Other,Maharashtra,Pune,Hinjewadi,764708,25-04-2024,25-04-2024,P735,Detergent,Household Items,Household Items,Surf Excel,2.02,155,140,9,7,848,UPI,Cancelled,39,3,Damaged item,Out of Stock,Returned
ORD103344,CUST6953,Saanvi Hayre,57,Female,Tamil Nadu,Mumbai,Rohini,280498,22-10-2024,25-10-2024,P151,Toothpaste,Personal Care,Personal Care,Colgate,2.82,154,98,36,8,784,GPAY,Delivered,65,2,Average,Out of Stock,Cancelled
ORD102064,CUST2665,Edhitha Gopal,60,Female,Maharashtra,Nagpur,Dharampeth,43188,14-03-2024,17-03-2024,P201,Atta,Grocery,Grocery,Aashirvaad,1.47,32,19,40,2,39,Debit Card,Cancelled,52,5,Average,In Stock,Returned
ORD102360,CUST4835,Forum Sawhney,49,Other,Telangana,Hyderabad,Gachibowli,34851,13-08-2024,14-08-2024,P822,Namkeen,Snacks,Snacks,Haldiram,3.91,764,702,8,4,2807,Debit Card,Returned,53,3,Good,In Stock,Pending
ORD101055,CUST6738,Imaran Padmanabhan,75,Other,Delhi,pune, Saket ,606888,17-09-2025,18-09-2025,P149,Shampoo,Personal Care,Personal Care, Clinic Plus ,4.47,612,525,14,1,525,GPAY,Cancelled,66,2,Good,In Stock,Returned
ORD100339,CUST4041,Hitesh Basu,46,Male,Delhi,New Delhi,Saket,493393,17-03-2025,18-03-2025,P287,Tea,Beverages,Beverages,Tata Tea,4.06,312,275,12,3,826,UPI,Cancelled,35,4,Average,Limited,Delivered
ORD103004,CUST8353,Eta Sura,25,Female,Tamil Nadu,Coimbatore, Peelamedu ,561622,30-10-2024,03-11-2024,P184,Chips,Snacks,Snacks,Lay's,3.5,535,460,14,5,2299,GOOGLE PAY,Returned,14,3,Good,Out of Stock,Pending
ORD102144,CUST4264,Reyansh Rajagopal,73,Male,Tamil Nadu,Coimbatore,RS Puram,631403,20-07-2024,20-07-2024,P903,Biscuits,Snacks,Snacks,Parle,4.19,36,33,7,7,232,UPI,Cancelled,58,3,Good,Limited,Returned
ORD102257,CUST8968,Harita Narula,21,Female,Maharashtra,Nagpur,Sitabuldi,490248,24-07-2024,24-07-2024,P933,Soap,Personal Care,Personal Care,Dove,1.67,369,308,16,5,1542,GPAY,Returned,85,5,Average,In Stock,Returned
ORD103717,CUST4608,Widisha Sundaram,79,Male,Telangana,Hyderabad,Banjara Hills,382649,09-04-2024,13-04-2024,P116,Bread,Bakery,Bakery,Britannia,1.41,569,494,13,2,988,GOOGLE PAY,Returned,75,5,Damaged item,Out of Stock,Pending
ORD104738,null,Idika Dugar,68,Male,Tamil Nadu,Mumbai,Rohini,271569,09-11-2024,13-11-2024,P117,Tea,Beverages,Beverages,Tata Tea,1.45,406,323,36,3,1488,Unknown,Pending,41,1,Average,In Stock,Pending
ORD100723,CUST5613,Wridesh Seth,68,Other,Telangana,Hyderabad,Gachibowli,405218,06-06-2025,08-06-2025,P442,Cleaner,Household Items,Household Items,Lizol,3.8,31,29,5,4,118,CASH,Returned,8,5,Average,In Stock,Delivered
ORD101954,CUST2077,Om Madan,18,Other,Delhi,New Delhi,Rohini,747466,22-12-2024,26-12-2024,P783,Shampoo,Personal Care,Personal Care,Clinic Plus,1.58,132,108,18,6,648,CASH,Returned,13,1,Good,In Stock,Cancelled
ORD102820,CUST9600,Eesha Dash,52,Male,Tamil Nadu,Coimbatore,RS Puram,431962,29-03-2025,04-02-2025,P791,Atta,Grocery,Grocery,Aashirvaad,4.03,299,245,18,4,980,UPI,Pending,89,3,Good,Limited,Delivered
ORD100003,CUST8019,Dalbir Bala,53,Other,Tamil Nadu,Coimbatore,RS Puram,486220,18-11-2024,19-11-2024,P324,Sugar,Grocery,Grocery,Madhur,4.99,329,317,3,8,2539,UPI,Returned,82,1,Average,In Stock,Pending
ORD100501,null,Onveer Karnik,80,Female,Karnataka,Unknown,Whitefield,575671,14-06-2024,17-06-2024,P658,Milk,Dairy,Dairy,Amul,2.26,406,323,21,6,1488,Unknown,Pending,65,5,Average,Out of Stock,Pending
ORD101807,CUST8936,Udant Trivedi,71,Female,Tamil Nadu,Coimbatore,RS Puram,737991,02-10-2024,05-10-2024,P348,Tea,Beverages,Beverages,Tata Tea,4.77,505,375,26,1,375,UPI,Pending,69,4,Late delivery,Limited,Delivered
ORD100310,CUST8314,Abha Kar,46,Other,West Bengal,Kolkata,Salt Lake,695564,01-09-2024,03-09-2024,P162,Tomato,Fruits & Vegetables,Fruits & Vegetables,Organic India,4.59,661,534,19,1,534,GPAY,Cancelled,88,1,Average,In Stock,Delivered
ORD101227,CUST2844,Chaman Manda,65,Male,Telangana,Hyderabad,Banjara Hills,739483,25-05-2024,29-05-2024,P689,Bread,Bakery,Bakery,Britannia,4.78,732,685,6,6,4110,Debit Card,Delivered,48,3,Average,In Stock,Pending
ORD102366,CUST8336,Sanaya Mallick,72,Other,Telangana,Hyderbad,Madhapur,939149,13-06-2025,14-06-2025,P252,Curd,Dairy,Dairy,Britannia,1.32,130,92,29,4,368,UPI,Cancelled,47,3,Average,In Stock,Pending
ORD103422,CUST2689,Ubika Nadkarni,22,Other,Delhi,New Delhi,Saket,318754,29-09-2025,10-02-2025,P339,Banana,Fruits & Vegetables,Fruits & Vegetables,FreshFarm,2.87,118,117,1,1,117,CASH ON DELIVERY,Returned,90,2,Average,Out of Stock,Delivered
ORD104678,CUST2903,Bhavini Shukla,69,Other,Karnataka,Hyderbad,VV Mohalla,797685,23-12-2025,27-12-2025,P179,Milk,Dairy,Dairy,Amul,4.52,342,212,38,6,1270,CASH ON DELIVERY,Returned,15,4,Average,In Stock,Delivered
ORD104092,null,Hemal Gaba,21,Male,Karnataka,Unknown,VV Mohalla,183132,15-12-2025,16-12-2025,P496,Milk,Dairy,Dairy,Amul,4.97,406,323,6,4,1488,Unknown,Pending,13,5,Average,Limited,Pending
ORD104087,CUST3840,Janaki Iyengar,25,Male,Delhi,PUNE,Rohini,24958,02-08-2025,10-02-2025,P169,Detergent,Household Items,Household Items,Surf Excel,1.2,705,525,25,5,2626,UPI,Delivered,33,2,Late delivery,Out of Stock,Pending
ORD101592,CUST7735,Ronith Bera,66,Other,West Bengal,PUNE,Howrah,963567,13-07-2025,13-07-2025,P589,Soft Drink,Beverages,Beverages,Coca-Cola,4.23,391,333,15,1,333,GOOGLE PAY,Cancelled,59,1,Excellent,Out of Stock,Pending
ORD100374,CUST3421,Kalpit Devan,67,Female,Delhi,PUNE,Rohini,232657,26-05-2025,28-05-2025,P915,Tomato,Fruits & Vegetables,Fruits & Vegetables,Organic India,3.95,652,577,12,5,3162,GPAY,Delivered,48,5,Damaged item,Limited,Cancelled
ORD102658,CUST9246, Dakshesh Sachdeva ,80,Female,Gujarat,Ahmedabad,Satellite,793701,05-04-2024,04-08-2024,P300,Namkeen,Snacks,Snacks,Haldiram,4.79,228,146,36,2,293,CASH ON DELIVERY,Pending,72,3,Average,Limited,Pending
ORD101945,CUST6080,Pranit Cheema,25,Female,Gujarat,Surat, Vesu ,920403,29-08-2024,09-02-2024,P969,Frozen Peas,Frozen Food,Frozen Food,Safal,1.62,447,398,11,6,2188,CASH,Pending,54,4,Excellent,In Stock,Cancelled
ORD101049,CUST7913,Vincent Maharaj,33,Female,Telangana,Hyderabad,Madhapur,190558,21-12-2024,22-12-2024,P430,Curd,Dairy,Dairy,Britannia,3.04,495,471,5,6,2826,Debit Card,Returned,85,3,Good,Out of Stock,Returned
ORD102995,CUST8270,Qarin Gopal,23,Other,Karnataka,Bangalore,Indiranagar,721526,28-05-2025,28-05-2025,P713,Toothpaste,Personal Care,Personal Care,Colgate,1.77,302,270,10,2,540,Debit Card,Returned,57,2,Average,In Stock,Returned
ORD100347,CUST5626,Onkar Sastry,43,Other,Gujarat,Ahmedabad, Navrangpura ,261187,02-11-2024,11-03-2024,P976,Cake,Bakery,Bakery,Monginis,2.79,447,329,27,1,329,UPI,Pending,44,5,Average,In Stock,Cancelled
ORD101996,CUST5507,Jairaj Wagle,45,Other,Karnataka,Bangalore,Indiranagar,516566,24-11-2024,26-11-2024,P847,Ice Cream,Frozen Food,Frozen Food,Amul,0.25,120,113,6,5,566,UPI,Pending,51,1,Average,Out of Stock,Pending
ORD100103,CUST9898,Dakshesh Sandhu,25,Female,West Bengal,Kolkata,Howrah,434619,18-08-2024,22-08-2024,P878,Paneer,Dairy,Dairy,Mother Dairy,3.62,151,118,22,5,592,CASH,Pending,42,1,Average,Limited,Pending
ORD101279,CUST3697,Henry Ganesh,35,Other,Telangana,Hyderabad,Gachibowli,448958,19-09-2025,22-09-2025,P578,Apple,Fruits & Vegetables,Fruits & Vegetables,Kashmir Fresh,0.24,652,570,13,2,1140,UPI,Delivered,65,2,Average,Limited,Cancelled
ORD104940,CUST2344,Kamya Deshpande,50,Male,West Bengal,Kolkata,Howrah,542458,21-08-2025,21-08-2025,P147,Rice,Grocery,Grocery,India Gate,0.57,540,468,13,3,1403,CASH ON DELIVERY,Delivered,42,5,Average,Out of Stock,Returned
ORD100774,CUST8145,Veer Bakshi,29,Male,Karnataka,Mysore,Gokulam,560017,15-10-2024,18-10-2024,P297,Ice Cream,Frozen Food,Frozen Food,Amul,1,625,404,35,5,2022,GOOGLE PAY,Delivered,26,3,Late delivery,Limited,Cancelled
ORD100576,CUST7187,Urmi Dey,41,Male,Maharashtra,Nagpur,Sitabuldi,193621,18-05-2025,21-05-2025,P323,Sugar,Grocery,Grocery,Madhur,1.64,271,217,20,6,1301,GPAY,Cancelled,17,3,Excellent,In Stock,Returned
ORD101258,CUST3709,William Kamdar,35,Female,Delhi,pune,Rohini,505227,27-11-2024,27-11-2024,P893,Namkeen,Snacks,Snacks,Haldiram,4.39,207,167,20,3,500,GOOGLE PAY,Cancelled,85,4,Average,Out of Stock,Pending
ORD104074,CUST1293,Osha Chaudhary,59,Other,Gujarat,Surat,Adajan,883219,15-11-2025,16-11-2025,P108,Cleaner,Household Items,Household Items,Lizol,4.3,73,55,25,8,438,UPI,Pending,8,1,Average,Limited,Returned
ORD104850,CUST2556,Pavani Pathak,39,Male,Maharashtra,pune,Andheri,733325,30-04-2025,05-04-2025,P702,Chips,Snacks,Snacks, Lay's ,4.09,625,563,10,6,3375,CASH ON DELIVERY,Delivered,62,2,Average,Limited,Delivered
ORD102608,CUST4630,Champak Parsa,48,Other,West Bengal,Kolkata,Salt Lake,799010,01-01-2025,01-01-2025,P650,Soap,Personal Care,Personal Care,Dove,0.81,660,422,36,4,1689,UPI,Delivered,73,1,Late delivery,Limited,Delivered
ORD102153,CUST7259,Hemangini Kothari,38,Female,Delhi,New Delhi,Saket,133953,12-03-2025,12-06-2025,P273,Apple,Fruits & Vegetables,Fruits & Vegetables,Kashmir Fresh,0.95,534,389,27,2,778,GPAY,Pending,83,3,Average,In Stock,Delivered
ORD102408,CUST2857, Wriddhish Dass ,71,Other,Karnataka,Mysore,VV Mohalla,512515,12-07-2024,15-07-2024,P656,Namkeen,Snacks,Snacks,Haldiram,3.66,24,21,15,4,82,CASH ON DELIVERY,Delivered,30,1,Average,In Stock,Cancelled
ORD102981,CUST5540,Yashoda Sengupta,47,Other,Gujarat,Ahmedabad,Satellite,166533,31-07-2024,08-04-2024,P853,Banana,Fruits & Vegetables,Fruits & Vegetables,FreshFarm,2.82,674,585,13,4,2341,Debit Card,Cancelled,76,3,Average,Out of Stock,Returned
ORD100815,CUST5429,Jatin Ram,19,Female,Karnataka,Bangalore,Indiranagar,645984,04-06-2024,07-04-2024,P698,Soap,Personal Care,Personal Care,Dove,2.75,387,244,37,3,733,UPI,Returned,25,2,Good,In Stock,Delivered
ORD100117,CUST5778,Yutika Varty,60,Female,West Bengal,Kolkata,Park Street,655467,27-03-2024,31-03-2024,P817,Soap,Personal Care,Personal Care,Dove,4.18,414,354,15,2,708,GOOGLE PAY,Cancelled,38,3,Late delivery,In Stock,Pending
ORD104183,CUST1428,Sanya Dubey,24,Other,Telangana,Hyderabad,Madhapur,217626,17-12-2024,21-12-2024,P882,Tomato,Fruits & Vegetables,Fruits & Vegetables,Organic India,3.36,533,330,38,5,1651,UPI,Pending,82,1,Damaged item,In Stock,Returned
ORD104028,CUST2777,Hardik Bala,71,Female,Telangana,Hyderabad,Madhapur,277523,02-06-2024,02-10-2024,P174,Frozen Peas,Frozen Food,Frozen Food,Safal,3.34,304,251,17,3,753,CASH ON DELIVERY,Pending,89,1,Excellent,Out of Stock,Delivered
ORD103313,CUST2412,Utkarsh Anne,71,Female,Delhi,New Delhi,Dwarka,970303,24-12-2024,24-12-2024,P385,Ice Cream,Frozen Food,Frozen Food,Amul,4.2,86,69,21,4,274,GPAY,Delivered,76,2,Average,In Stock,Cancelled
ORD102414,CUST7331,Nathaniel Rama,60,Female,Delhi,New Delhi, Dwarka ,493780,01-04-2024,02-04-2024,P766,Milk,Dairy,Dairy, Amul ,1.26,125,99,20,6,595,UPI,Returned,46,3,Excellent,Limited,Pending
ORD103170,CUST4461,Jhalak Barad,76,Female,Tamil Nadu,Chennai,Anna Nagar,45351,29-04-2024,29-04-2024,P889,Rice,Grocery,Grocery,India Gate,3.35,422,414,2,1,414,CASH,Pending,9,3,Excellent,Out of Stock,Returned
ORD100944,CUST7641,Krishna Taneja,53,Other,Telangana,pune,Gachibowli,601222,19-03-2025,22-03-2025,P533,Juice,Beverages,Beverages,Real,1.58,153,98,36,7,688,GOOGLE PAY,Returned,13,4,Average,Limited,Delivered
ORD101158,CUST7633,Chakradhar Kara,54,Female,Karnataka,Bangalore,Whitefield,589376,19-11-2025,23-11-2025,P790,Milk,Dairy,Dairy,Amul,4.67,531,360,32,3,1079,UPI,Delivered,79,3,Excellent,Limited,Delivered
ORD102290,CUST9249,George Sura,27,Other,Telangana,Hyderabad,Banjara Hills,923686,13-12-2025,14-12-2025,P773,Shampoo,Personal Care,Personal Care,Clinic Plus,2.03,408,276,32,7,1933,GPAY,Returned,19,2,Late delivery,Out of Stock,Pending
ORD100584,CUST1592, Rishi Anand ,49,Other,Maharashtra,Mumbai,Dadar,475638,16-04-2025,18-04-2025,P866,Toothpaste,Personal Care,Personal Care, Colgate ,2.88,242,150,38,6,902,UPI,Pending,73,3,Average,Limited,Returned
ORD102565,CUST5912,Neel Bhattacharyya,51,Other,West Bengal,Kolkata,Salt Lake,112808,27-08-2025,31-08-2025,P869,Bread,Bakery,Bakery,Britannia,1.16,490,374,24,4,1498,Debit Card,Delivered,82,3,Late delivery,Out of Stock,Pending
ORD104804,CUST2865,Samesh Parmar,29,Female,Delhi,New Delhi,Saket,610895,13-08-2025,17-08-2025,P887,Cake,Bakery,Bakery, Monginis ,0.79,426,383,10,4,1533,CASH ON DELIVERY,Pending,56,1,Good,Out of Stock,Cancelled
ORD102277,CUST2111,Christopher Dani,42,Female,West Bengal,Kolkata,Howrah,666939,06-05-2025,06-06-2025,P667,Cleaner,Household Items,Household Items,Lizol,2.89,708,547,23,8,4377,UPI,Delivered,87,2,Average,Out of Stock,Cancelled
ORD102625,CUST7177,Osha Padmanabhan,58,Female,West Bengal,Kolkata,Howrah,827424,30-01-2025,31-01-2025,P385,Rice,Grocery,Grocery,India Gate,1.44,185,182,2,5,912,UPI,Cancelled,48,2,Average,In Stock,Pending
ORD103208,CUST8016,Madhav Dhaliwal,31,Other,Gujarat,pune, Vesu ,267776,11-01-2024,13-01-2024,P445,Rice,Grocery,Grocery,India Gate,1.47,44,27,38,1,27,Debit Card,Cancelled,84,3,Average,In Stock,Pending
ORD101966,CUST2353, Girik Karan ,55,Other,Gujarat,Ahmedabad,Navrangpura,589718,19-09-2024,23-09-2024,P699,Atta,Grocery,Grocery,Aashirvaad,4.66,443,387,12,7,2712,GOOGLE PAY,Cancelled,80,3,Average,Limited,Cancelled
ORD103659,CUST1681,Pallavi Soman,15,Female,Telangana,Hyderabad,Gachibowli,538935,07-11-2024,11-07-2024,P119,Tomato,Fruits & Vegetables,Fruits & Vegetables,Organic India,2.84,493,318,-12,6,2060,CASH,Pending,59,3,Late delivery,Limited,Pending
ORD101198,CUST7405,Bhavna Kakar,69,Other,Tamil Nadu,Chennai,Anna Nagar,392116,26-06-2025,28-06-2025,P381,Frozen Peas,Frozen Food,Frozen Food,Safal,1.44,407,259,36,6,1552,CASH,Delivered,46,1,Late delivery,Out of Stock,Returned
ORD100252,CUST7834,Aarav Dyal,58,Male,Delhi,New Delhi,Dwarka,579934,07-11-2024,11-10-2024,P760,Tea,Beverages,Beverages,Tata Tea,1.3,195,179,8,8,1431,UPI,Cancelled,44,1,Average,Limited,Cancelled
ORD104796,null,Sai Kapoor,73,Female,Telangana,Unknown,Banjara Hills,732469,22-10-2025,22-10-2025,P519,Cake,Bakery,Bakery,Monginis,0.74,406,323,3,3,1488,Unknown,Pending,25,3,Average,In Stock,Pending
ORD103091,CUST8361,Anay Kumar,38,Female,maharashtra,Bangalore,Indiranagar,809018,10-02-2025,14-02-2025,P372,Ice Cream,Frozen Food,Frozen Food,Amul,0.99,35,22,39,4,147,UPI,Pending,61,3,Average,Out of Stock,Pending
ORD101500,CUST7995,Raghav Mannan,18,Male,Maharashtra,Mumbai,Andheri,580007,09-04-2025,13-04-2025,P848,Cleaner,Household Items,Household Items, Lizol ,4.91,139,133,4,7,931,GPAY,Delivered,75,3,Average,In Stock,Pending
ORD100256,CUST9412,Jack Bansal,20,Other,Gujarat,Ahmedabad,Satellite,718684,13-05-2024,13-05-2024,P221,Chips,Snacks,Snacks, Lay's ,4.55,559,511,9,7,3574,UPI,Delivered,12,3,Good,In Stock,Delivered
ORD102666,CUST1701,Yashawini Sunder,39,Male,maharashtra,Mumbai,Bandra,526330,15-02-2025,17-02-2025,P768,Cake,Bakery,Bakery,Monginis,1.23,541,499,8,6,2992,GPAY,Cancelled,80,4,Damaged item,Out of Stock,Pending
ORD102630,CUST2422,Oliver Bhandari,73,Other,Karnataka,Hyderbad, Whitefield ,611066,20-12-2024,23-12-2024,P335,Ice Cream,Frozen Food,Frozen Food,Amul,3.97,367,272,26,7,1903,UPI,Pending,54,4,Late delivery,Limited,Cancelled
ORD103590,CUST1734,Chakradhar Dhar,78,Male,Karnataka,Mysore,Gokulam,497984,07-09-2024,09-07-2024,P882,Juice,Beverages,Beverages,Real,0.87,245,157,36,2,405,Debit Card,Pending,21,5,Late delivery,Out of Stock,Delivered
ORD102224,CUST2527,Jagdish Sawhney,47,Female,West Bengal,Kolkata,Park Street,972324,19-03-2024,19-03-2024,P682,Tomato,Fruits & Vegetables,Fruits & Vegetables,Organic India,2.24,90,59,35,2,117,CASH,Cancelled,79,2,Average,Limited,Delivered
ORD102517,CUST4268,Adya Ratti,39,Male,Tamil Nadu,Coimbatore,Peelamedu,289080,13-09-2024,14-09-2024,P984,Ice Cream,Frozen Food,Frozen Food,Amul,4.45,252,152,40,4,607,UPI,Delivered,22,3,Late delivery,Limited,Returned
ORD103236,CUST9841, Shaurya Tara ,40,Female,Telangana,PUNE, Madhapur ,360118,03-10-2025,10-03-2025,P963,Milk,Dairy,Dairy,Amul,1.8,639,595,7,7,4162,UPI,Pending,83,3,Average,In Stock,Returned
ORD103347,null,Qabil Krishnan,44,Male,Tamil Nadu,Unknown,Anna Nagar,532614,25-09-2024,29-09-2024,P780,Bread,Bakery,Bakery,Britannia,4.8,406,323,13,7,1488,Unknown,Pending,81,1,Average,In Stock,Pending
ORD103089,CUST2404,Samarth Chaudhari,55,Male,Telangana,Hyderabad,Madhapur,514805,06-05-2024,09-06-2024,P790,Tea,Beverages,Beverages,Tata Tea,1.48,625,549,12,4,2197,UPI,Pending,9,1,Average,In Stock,Cancelled
ORD100551,CUST4486,Dominic Boase,75,Male,Maharashtra,Nagpur,Sitabuldi,220494,02-11-2024,12-02-2024,P742,Detergent,Household Items,Household Items,Surf Excel,3.75,183,152,-3,1,152,GOOGLE PAY,Cancelled,58,3,Average,Out of Stock,Pending
ORD102891,CUST6205,Ethan Gade,51,Other,Telangana,Hyderabad,Gachibowli,492629,25-03-2024,26-03-2024,P740,Ice Cream,Frozen Food,Frozen Food,Amul,2.33,31,22,30,8,177,GOOGLE PAY,Pending,23,2,Average,Limited,Delivered
ORD102745,CUST1601,Zehaan Chada,24,Female,Delhi,New Delhi,Rohini,859590,25-07-2025,27-07-2025,P637,Chips,Snacks,Snacks,Lay's,4.71,452,450,1,5,2250,CASH ON DELIVERY,Delivered,16,4,Average,Limited,Pending
ORD102037,CUST9552,Krisha Kunda,50,Other,Delhi,New Delhi,Saket,375521,11-04-2025,05-11-2025,P453,Bread,Bakery,Bakery,Britannia,2.61,212,144,32,4,574,GPAY,Pending,59,3,Damaged item,Limited,Delivered
ORD100399,CUST5670, Timothy Sethi ,42,Male,maharashtra,Hyderabad,Gachibowli,620776,20-05-2025,23-05-2025,P104,Rice,Grocery,Grocery,India Gate,4.57,792,609,23,1,609,GOOGLE PAY,Pending,10,1,Average,Limited,Delivered
ORD104341,null,Samarth Din,21,Female,Delhi,Unknown,Dwarka,677357,02-11-2025,02-11-2025,P749,Tomato,Fruits & Vegetables,Fruits & Vegetables,Organic India,2.49,406,323,19,6,1488,Unknown,Pending,13,3,Average,In Stock,Pending
ORD102171,CUST9369,Girindra Wason,54,Other,Telangana,Hyderabad,Gachibowli,161106,04-01-2025,07-01-2025,P127,Cleaner,Household Items,Household Items,Lizol,2.2,107,94,12,2,187,Debit Card,Pending,25,1,Average,In Stock,Pending
ORD102591,CUST9047,Siddharth Rege,44,Other,Gujarat,Ahmedabad,Navrangpura,891185,30-01-2025,02-02-2025,P198,Detergent,Household Items,Household Items, Surf Excel ,2.98,52,40,22,1,40,CASH,Returned,25,3,Average,Limited,Pending
ORD102601,null,Ekiya Pau,71,Male,Telangana,Unknown,Gachibowli,212372,29-04-2025,30-04-2025,P983,Rice,Grocery,Grocery,India Gate,3.29,406,323,24,6,1488,Unknown,Pending,76,4,Average,In Stock,Pending
ORD104880,CUST2931,Theodore Wadhwa,78,Female,Tamil Nadu,Coimbatore,RS Puram,601463,03-12-2025,12-07-2025,P765,Curd,Dairy,Dairy,Britannia,3.48,369,369,0,3,1107,GOOGLE PAY,Pending,41,3,Damaged item,Limited,Returned
ORD101264,null,Varenya Dugar,22,Female,West Bengal,Unknown,Howrah,526824,18-05-2024,18-05-2024,P457,Shampoo,Personal Care,Personal Care,Clinic Plus,1.99,406,323,38,5,1488,Unknown,Pending,68,5,Average,Out of Stock,Pending
ORD104041,CUST5889,Yutika Sur,30,Male,West Bengal,Kolkata,Howrah,887207,05-05-2024,09-05-2024,P550,Milk,Dairy,Dairy,Amul,3.73,560,360,36,5,1801,Debit Card,Cancelled,49,3,Good,Out of Stock,Pending
ORD101924,CUST8857,Maanav Narayan,59,Male,Tamil Nadu,Chennai,T Nagar,829145,25-04-2025,27-04-2025,P784,Cake,Bakery,Bakery,Monginis,3.69,135,89,34,5,445,Debit Card,Delivered,83,3,Damaged item,In Stock,Delivered
ORD104885,CUST1141,Sai Hegde,80,Other,West Bengal,PUNE,Howrah,557982,15-05-2024,19-05-2024,P869,Detergent,Household Items,Household Items,Surf Excel,4.76,250,241,3,1,241,CASH ON DELIVERY,Cancelled,77,2,Average,In Stock,Delivered
ORD100296,CUST3130,Dayamai Goel,23,Female,Gujarat,Surat,Adajan,888768,12-06-2025,16-06-2025,P179,Tomato,Fruits & Vegetables,Fruits & Vegetables,Organic India,1.91,662,493,26,4,1971,CASH,Returned,62,5,Average,Out of Stock,Cancelled
ORD103824,CUST2019,Chandresh Wagle,94,Male,Gujarat,Ahmedabad, Navrangpura ,669347,07-01-2025,07-04-2025,P646,Toothpaste,Personal Care,Personal Care,Colgate,4.77,642,438,32,1,515,Debit Card,Returned,80,4,Damaged item,In Stock,Pending
ORD103040,CUST6649,Charita Doshi,68,Male,Delhi,New Delhi,Rohini,231193,29-03-2025,30-03-2025,P998,Apple,Fruits & Vegetables,Fruits & Vegetables,Kashmir Fresh,2.96,227,173,24,2,345,GOOGLE PAY,Returned,23,4,Late delivery,In Stock,Delivered
ORD103682,CUST3513,Sanya Mangal,48,Female,Delhi,pune,Dwarka,281099,10-04-2025,04-10-2025,P740,Banana,Fruits & Vegetables,Fruits & Vegetables,FreshFarm,2.48,242,209,14,4,837,GPAY,Cancelled,21,3,Average,In Stock,Pending
ORD101222,CUST7532,Maanav Dada,27,Female,Gujarat,Ahmedabad,Navrangpura,292713,10-08-2024,11-08-2024,P828,Apple,Fruits & Vegetables,Fruits & Vegetables,Kashmir Fresh,4.41,326,269,18,6,1614,UPI,Returned,63,1,Average,Limited,Pending
ORD104895,CUST5415,Xiti Bahri,33,Male,Delhi,New Delhi, Rohini ,139640,13-05-2024,16-05-2024,P321,Bread,Bakery,Bakery,Britannia,4.55,192,177,8,5,887,CASH,Cancelled,36,1,Average,Out of Stock,Returned
ORD100856,CUST5126,Ekta Dash,72,Female,Maharashtra,pune,Dharampeth,408402,16-01-2025,17-01-2025,P818,Tomato,Fruits & Vegetables,Fruits & Vegetables,Organic India,0.22,120,92,23,7,646,CASH,Returned,59,4,Average,In Stock,Delivered
ORD103119,CUST4884,Harshil Khosla,73,Other,Telangana,Hyderabad,Madhapur,658660,26-05-2024,30-05-2024,P833,Detergent,Household Items,Household Items,Surf Excel,0.62,689,554,20,1,554,UPI,Cancelled,29,2,Excellent,Limited,Cancelled
ORD104822,CUST6255,Orinder Wali,45,Female,Delhi,New Delhi,Rohini,792930,01-04-2025,01-05-2025,P859,Bread,Bakery,Bakery,Britannia,0.45,582,382,34,6,2290,GOOGLE PAY,Cancelled,28,5,Excellent,In Stock,Cancelled
ORD101730,CUST6750,Jacob Guha,80,Other,Tamil Nadu,Chennai,T Nagar,78083,12-08-2025,14-08-2025,P268,Detergent,Household Items,Household Items,Surf Excel,2.81,742,591,20,5,2955,GPAY,Pending,12,2,Late delivery,Limited,Returned
ORD104788,CUST4180,Zaitra Rastogi,60,Other,Gujarat,Ahmedabad,Navrangpura,539646,23-05-2024,27-05-2024,P472,Tea,Beverages,Beverages,Tata Tea,0.78,187,126,33,1,126,Debit Card,Returned,23,2,Excellent,Out of Stock,Delivered
ORD101652,CUST8101,Zashil Khanna,48,Female,Maharashtra,Mumbai,Dadar,38500,02-07-2024,06-07-2024,P804,Cleaner,Household Items,Household Items,Lizol,0.55,780,581,26,5,2904,CASH ON DELIVERY,Pending,13,5,Average,In Stock,Cancelled
ORD103628,CUST2691,Chavvi Dugal,30,Other,Gujarat,Ahmedabad,Satellite,568491,24-10-2024,28-10-2024,P535,Detergent,Household Items,Household Items,Surf Excel,3.03,191,127,33,1,127,UPI,Returned,50,3,Good,In Stock,Delivered
ORD101150,CUST5920,Sudiksha Bal,78,Other,Gujarat,Surat,Vesu,226284,18-06-2024,20-06-2024,P751,Frozen Peas,Frozen Food,Frozen Food,Safal,2.96,329,249,24,4,994,CASH,Cancelled,67,3,Average,In Stock,Returned
ORD100837,CUST2465,Lipika Goda,41,Female,Tamil Nadu,PUNE,RS Puram,899464,29-11-2025,12-01-2025,P218,Ice Cream,Frozen Food,Frozen Food,Amul,4.21,361,316,12,2,632,GOOGLE PAY,Pending,26,1,Good,Out of Stock,Delivered
ORD100892,CUST9337,Sai Chawla,22,Male,Gujarat,Surat,Adajan,999145,04-11-2025,05-11-2025,P657,Bread,Bakery,Bakery,Britannia,3.74,81,60,26,6,361,CASH ON DELIVERY,Delivered,53,4,Excellent,Out of Stock,Returned
ORD103453,CUST9423,Maanas Dhingra,70,Male,West Bengal,Kolkata,Howrah,630852,26-10-2024,26-10-2024,P282,Bread,Bakery,Bakery,Britannia,1.22,686,524,24,5,2619,GPAY,Returned,39,1,Average,Out of Stock,Returned
ORD103286,CUST9294,Dominic Sanghvi,77,Other,Maharashtra,Mumbai,Andheri,287943,23-02-2025,23-02-2025,P618,Rice,Grocery,Grocery,India Gate,0.91,218,148,32,3,443,Debit Card,Pending,61,4,Good,Out of Stock,Pending
ORD103582,CUST9571,Veda Bhardwaj,53,Other,maharashtra,Chennai,Velachery,180681,09-01-2025,09-01-2025,P224,Cleaner,Household Items,Household Items,Lizol,0.16,572,459,20,5,2294,GPAY,Returned,28,3,Damaged item,Out of Stock,Cancelled
ORD104476,CUST6809,Frado Nigam,40,Female,West Bengal,Kolkata,Howrah,560597,18-01-2024,20-01-2024,P495,Shampoo,Personal Care,Personal Care,Clinic Plus,2.68,96,76,22,7,530,GPAY,Pending,87,4,Average,Out of Stock,Delivered
ORD104412,CUST2218,Advik Mody,29,Other,Gujarat,Surat,Adajan,371998,26-04-2025,30-04-2025,P481,Apple,Fruits & Vegetables,Fruits & Vegetables,Kashmir Fresh,4.33,452,329,27,8,2636,CASH ON DELIVERY,Returned,17,2,Average,Limited,Cancelled
ORD101654,CUST2573,Gagan Madan,21,Other,West Bengal,Kolkata,Park Street,144736,28-08-2025,09-01-2025,P652,Cake,Bakery,Bakery,Monginis,0.29,91,79,13,1,79,GOOGLE PAY,Returned,61,1,Average,In Stock,Returned
ORD103220,CUST8412,Megha Raman,51,Other,Gujarat,Surat,Adajan,18442,08-10-2024,13-08-2024,P895,Chips,Snacks,Snacks,Lay's,1.46,710,682,4,1,682,GPAY,Returned,34,4,Damaged item,Limited,Pending
ORD101544,CUST1700,Anika Behl,39,Other,Maharashtra,Pune,Kothrud,831039,31-05-2025,03-06-2025,P555,Juice,Beverages,Beverages,Real,0.58,485,368,24,7,2574,CASH ON DELIVERY,Delivered,82,5,Good,In Stock,Cancelled
ORD101571,CUST6796,Zinal Mand,46,Male,Tamil Nadu,Coimbatore,Peelamedu,227115,06-09-2024,08-09-2024,P283,Soap,Personal Care,Personal Care,Dove,1.71,98,59,40,5,296,Debit Card,Delivered,24,3,Average,Out of Stock,Cancelled
ORD104286,CUST9512,Krishna Sachar,77,Other,Gujarat,Surat,Adajan,653039,28-07-2024,01-08-2024,P328,Bread,Bakery,Bakery,Britannia,2.23,111,109,2,2,218,CASH,Pending,90,2,Average,Limited,Pending
ORD100540,CUST2309, Vasudha Iyer ,57,Other,Telangana,Hyderabad,Banjara Hills,456946,01-08-2024,10-01-2024,P112,Sugar,Grocery,Grocery,Madhur,4.89,608,381,37,5,1904,CASH ON DELIVERY,Delivered,63,5,Average,Out of Stock,Delivered
ORD102194,CUST1459,Kamya Chacko,71,Other,West Bengal,Kolkata,Park Street,465301,09-01-2025,04-09-2025,P442,Shampoo,Personal Care,Personal Care,Clinic Plus,1.59,218,206,6,2,411,CASH ON DELIVERY,Cancelled,41,5,Damaged item,In Stock,Cancelled
ORD101336,CUST3446,Kalpit Yadav,25,Male,Tamil Nadu,Coimbatore,Peelamedu,35681,17-05-2025,20-05-2025,P309,Frozen Peas,Frozen Food,Frozen Food,Safal,1.91,516,508,2,4,2032,UPI,Returned,29,3,Average,Limited,Pending
ORD102172,CUST3304,Lavanya Bhasin,69,Other,maharashtra,Hyderabad,Gachibowli,772256,07-08-2025,07-08-2025,P333,Ice Cream,Frozen Food,Frozen Food,Amul,4.74,371,241,35,8,1927,CASH ON DELIVERY,Cancelled,68,1,Late delivery,Limited,Pending
ORD100888,CUST7062,Finn Sibal,80,Female,Delhi,New Delhi,Rohini,197235,29-09-2025,01-10-2025,P104,Frozen Peas,Frozen Food,Frozen Food,Safal,0.52,118,115,2,7,803,CASH ON DELIVERY,Cancelled,12,3,Good,Out of Stock,Returned
ORD102029,CUST8684,David Sampath,72,Other,Maharashtra,Pune,Baner,527780,03-05-2024,03-07-2024,P844,Biscuits,Snacks,Snacks,Parle,4.74,117,94,19,8,751,CASH ON DELIVERY,Pending,69,5,Late delivery,In Stock,Delivered
ORD104283,CUST9932,Chanakya Bora,67,Male,Delhi,pune,Saket,440562,13-08-2025,13-08-2025,P242,Soft Drink,Beverages,Beverages,Coca-Cola,0.16,214,129,40,3,388,CASH ON DELIVERY,Returned,89,3,Excellent,Limited,Pending
ORD100459,CUST2331,Bachittar Bhatt,68,Other,Tamil Nadu,Chennai,Anna Nagar,676479,29-04-2024,29-04-2024,P957,Bread,Bakery,Bakery,Britannia,3.44,589,397,33,3,1192,Debit Card,Pending,691,3,Late delivery,Out of Stock,Delivered
ORD102214,CUST3697,Bhanumati Kumar,62,Female,Karnataka,PUNE,VV Mohalla,895616,21-02-2025,25-02-2025,P559,Cake,Bakery,Bakery,Monginis,1.52,56,51,8,8,409,CASH ON DELIVERY,Delivered,78,1,Average,Limited,Returned
ORD103535,CUST3753,Victor Shukla,21,Male,Karnataka,Bangalore,Koramangala,451806,06-11-2024,08-11-2024,P139,Curd,Dairy,Dairy,Britannia,1.82,178,145,19,7,1016,GPAY,Returned,84,2,Average,Out of Stock,Cancelled
ORD100661,CUST5967,Harini Suri,60,Male,Telangana,Hyderabad,Gachibowli,70475,08-03-2025,08-07-2025,P247,Namkeen,Snacks,Snacks,Haldiram,1.26,598,570,5,4,2279,UPI,Cancelled,17,3,Average,In Stock,Pending
ORD102398,CUST2122,Pahal Vyas,71,Other,West Bengal,Kolkata,Howrah,710723,05-05-2024,05-09-2024,P271,Sugar,Grocery,Grocery,Madhur,1.23,438,409,7,4,1634,GPAY,Pending,19,2,Average,Out of Stock,Pending
ORD101462,CUST3855,Yahvi Jha,55,Other,Telangana,Hyderabad,Madhapur,548785,06-03-2025,08-03-2025,P547,Chips,Snacks,Snacks,Lay's,2.88,593,416,30,4,1665,Debit Card,Returned,14,3,Late delivery,Limited,Delivered
ORD102113,CUST9850,Falak Narain,56,Female,Delhi,New Delhi,Saket,574453,31-05-2025,03-06-2025,P946,Frozen Peas,Frozen Food,Frozen Food, Safal ,4.35,606,563,7,4,2250,CASH ON DELIVERY,Delivered,71,3,Late delivery,In Stock,Pending
ORD102463,CUST2984,Wridesh Kaul,74,Female,Delhi,New Delhi,Dwarka,488245,28-07-2024,29-07-2024,P942,Bread,Bakery,Bakery, Britannia ,0.45,543,359,34,1,359,GPAY,Cancelled,87,3,Average,Limited,Delivered
ORD103275,CUST2293,Chaman Dutt,33,Male,Karnataka,PUNE,Gokulam,600644,21-08-2024,21-08-2024,P658,Juice,Beverages,Beverages,Real,4.2,701,493,30,7,3451,GOOGLE PAY,Returned,58,4,Average,Out of Stock,Pending
ORD100700,CUST9543,Nicholas Gandhi,32,Male,Telangana,Hyderabad,Gachibowli,306146,04-09-2025,09-08-2025,P911,Milk,Dairy,Dairy,Amul,0.61,574,385,33,7,2693,UPI,Returned,28,4,Average,In Stock,Pending
ORD101348,CUST8063,Kavya Gour,69,Other,Telangana,Hyderabad,Gachibowli,252071,20-07-2024,23-07-2024,P219,Sugar,Grocery,Grocery,Madhur,2.25,301,277,8,7,1938,CASH,Delivered,50,3,Average,Out of Stock,Pending
ORD101961,null,Bahadurjit Gupta,74,Female,Delhi,Unknown,Saket,695537,25-07-2024,25-07-2024,P890,Chips,Snacks,Snacks,Lay's,3.05,406,323,29,5,1488,Unknown,Pending,20,5,Average,Limited,Pending
ORD102201,CUST5982,Bina Suresh,54,Female,West Bengal,Kolkata,Salt Lake,946285,07-01-2024,07-01-2024,P450,Shampoo,Personal Care,Personal Care,Clinic Plus,3.18,771,676,12,4,2704,GPAY,Returned,83,4,Average,Limited,Returned
ORD102128,CUST7999,Fiyaz Swamy,71,Female,Karnataka,Bangalore,Indiranagar,7962,27-08-2024,31-08-2024,P359,Apple,Fruits & Vegetables,Fruits & Vegetables,Kashmir Fresh,2.24,510,409,20,3,1226,GPAY,Delivered,73,4,Good,Limited,Cancelled
ORD102396,CUST3574,Arjun Bhatia,29,Other,Maharashtra,Nagpur,Sitabuldi,209137,16-08-2024,19-08-2024,P368,Bread,Bakery,Bakery,Britannia,3.57,464,348,25,6,2085,CASH ON DELIVERY,Delivered,69,3,Damaged item,In Stock,Delivered
ORD104106,CUST8136,Lohit Nath,78,Female,West Bengal,Kolkata,Salt Lake,278901,22-08-2024,25-08-2024,P370,Ice Cream,Frozen Food,Frozen Food,Amul,2.65,153,148,3,4,592,UPI,Delivered,34,4,Average,Out of Stock,Returned
ORD100814,CUST3325,Yashoda Basu,76,Other,Tamil Nadu,Chennai,T Nagar,174768,27-10-2024,28-10-2024,P117,Atta,Grocery,Grocery,Aashirvaad,2.96,301,192,36,3,576,GOOGLE PAY,Returned,18,2,Damaged item,Limited,Delivered
ORD100822,CUST3260,Chameli Nadig,63,Female,Telangana,Hyderabad,Madhapur,864135,25-11-2024,28-11-2024,P116,Paneer,Dairy,Dairy, Mother Dairy ,4.07,241,230,4,5,1152,CASH ON DELIVERY,Delivered,15,5,Late delivery,In Stock,Pending
ORD102908,CUST2531,Amrita Trivedi,64,Female,Maharashtra,Nagpur, Dharampeth ,515726,05-09-2025,11-05-2025,P415,Namkeen,Snacks,Snacks,Haldiram,1.22,40,29,28,8,232,GPAY,Pending,76,4,Average,Out of Stock,Delivered
ORD104481,CUST5117,Frado Parmer,57,Female,maharashtra,Nagpur,Sitabuldi,988333,13-06-2025,16-06-2025,P587,Milk,Dairy,Dairy,Amul,1.92,66,52,22,4,208,Debit Card,Cancelled,75,1,Excellent,Out of Stock,Returned
ORD101532,CUST7874,Madhav Pathak,61,Female,West Bengal,pune,Howrah,88782,01-06-2024,01-06-2024,P971,Curd,Dairy,Dairy,Britannia,4.32,195,173,11,4,693,CASH,Delivered,23,1,Excellent,Limited,Cancelled
ORD104736,CUST5832,Jonathan Toor,28,Male,West Bengal,Kolkata,Salt Lake,975941,28-11-2024,01-12-2024,P247,Sugar,Grocery,Grocery,Madhur,2.02,312,213,32,3,638,UPI,Delivered,70,1,Average,Limited,Delivered
ORD102804,CUST2984,Caleb Raghavan,22,Female,Karnataka,Mysore,Gokulam,830643,23-08-2025,27-08-2025,P778,Bread,Bakery,Bakery,Britannia,3.64,707,567,20,8,4558,CASH,Delivered,27,3,Late delivery,Out of Stock,Returned
ORD103584,CUST9201,Mugdha Sama,18,Other,Telangana,Hyderabad,Madhapur,413926,30-01-2024,31-01-2024,P380,Ice Cream,Frozen Food,Frozen Food,Amul,3.76,248,151,39,3,454,UPI,Pending,13,3,Average,Limited,Pending
ORD103649,CUST1731,Maanav Mani,54,Female,Maharashtra,pune,Bandra,237524,17-05-2024,20-05-2024,P863,Soft Drink,Beverages,Beverages,Coca-Cola,2.33,38,30,20,3,91,GOOGLE PAY,Pending,73,2,Average,In Stock,Delivered
ORD103233,CUST3988,Eta Vala,32,Other,Karnataka,Bangalore,Koramangala,797468,20-04-2024,23-04-2024,P450,Biscuits,Snacks,Snacks,Parle,0.27,696,614,12,2,1305,GOOGLE PAY,Delivered,88,3,Average,In Stock,Returned
ORD103387,CUST6342,Anirudh Venkataraman,32,Male,Telangana,Hyderabad,Madhapur,736490,23-05-2024,26-05-2024,P815,Namkeen,Snacks,Snacks,Haldiram,3.55,531,371,30,7,2599,UPI,Returned,65,3,Average,Out of Stock,Cancelled
ORD102661,CUST2256,Falak Chaudry,76,Male,West Bengal,Kolkata,Park Street,356864,21-10-2025,21-10-2025,P685,Soft Drink,Beverages,Beverages,Coca-Cola,4.5,670,581,13,3,1742,GOOGLE PAY,Returned,33,3,Late delivery,Out of Stock,Pending
ORD101791,null,Timothy Banerjee,57,Male,Tamil Nadu,Unknown,Velachery,813905,21-12-2025,24-12-2025,P305,Juice,Beverages,Beverages,Real,0.79,406,323,36,8,1488,Unknown,Pending,71,3,Average,Out of Stock,Pending
ORD101215,CUST9044,Nachiket Saran,26,Male,Delhi,New Delhi,Dwarka,963215,29-04-2024,01-05-2024,P172,Detergent,Household Items,Household Items,Surf Excel,4.99,181,129,29,4,516,GPAY,Cancelled,65,4,Average,Limited,Cancelled
ORD104230,CUST3256,Andrew Lala,23,Male,Karnataka,pune,Whitefield,284059,03-08-2025,03-08-2025,P321,Toothpaste,Personal Care,Personal Care,Colgate,4.65,553,469,15,5,2345,GOOGLE PAY,Returned,86,1,Late delivery,In Stock,Delivered
ORD101060,null, Mugdha Ravi ,76,Female,Karnataka,Unknown,Gokulam,257828,16-12-2024,17-12-2024,P975,Shampoo,Personal Care,Personal Care,Clinic Plus,5,406,323,35,4,1488,Unknown,Pending,9,1,Average,In Stock,Pending
ORD101828,CUST7904,Luke Khanna,48,Male,Maharashtra,Nagpur,Dharampeth,847534,31-08-2024,09-03-2024,P899,Frozen Peas,Frozen Food,Frozen Food,Safal,1.07,121,118,2,1,118,UPI,Pending,28,3,Average,Limited,Returned
ORD102735,null,Faraj Mane,73,Male,West Bengal,Unknown,Howrah,942463,19-06-2025,19-06-2025,P786,Apple,Fruits & Vegetables,Fruits & Vegetables,Kashmir Fresh,3.52,406,323,10,5,1488,Unknown,Pending,24,1,Average,Limited,Pending
ORD103112,CUST5348,Harini Saraf,20,Other,Karnataka,Mysore,Gokulam,861234,21-02-2025,22-02-2025,P929,Shampoo,Personal Care,Personal Care,Clinic Plus,0.48,159,134,16,4,537,UPI,Delivered,49,5,Good,Out of Stock,Returned
ORD103418,CUST6314,Leela Kohli,43,Female,Delhi,New Delhi,Dwarka,209467,26-08-2025,28-08-2025,P157,Banana,Fruits & Vegetables,Fruits & Vegetables,FreshFarm,3.96,232,166,29,6,995,CASH,Delivered,31,3,Average,Out of Stock,Returned
ORD104248,CUST4259,Daniel Patla,70,Female,Gujarat,Ahmedabad,Satellite,315005,04-01-2024,04-01-2024,P626,Chips,Snacks,Snacks,Lay's,4.78,594,460,23,2,919,CASH ON DELIVERY,Returned,75,2,Damaged item,Out of Stock,Returned
ORD104903,CUST6922,Tripti Sengupta,18,Other,West Bengal,Kolkata,Salt Lake,257162,30-07-2024,01-08-2024,P472,Bread,Bakery,Bakery,Britannia,1.34,443,340,23,5,1698,UPI,Cancelled,46,3,Average,In Stock,Delivered
ORD102610,CUST4737,Warinder Buch,49,Female,West Bengal,Kolkata,Park Street,362595,03-08-2024,03-08-2024,P733,Namkeen,Snacks,Snacks,Haldiram,0.39,105,63,40,6,378,CASH ON DELIVERY,Pending,18,4,Damaged item,Limited,Delivered
ORD104198,null,Ekaraj Mander,12,Female,Gujarat,Unknown,Satellite,43734,27-05-2024,27-05-2024,P905,Bread,Bakery,Bakery,Britannia,4.42,406,323,32,7,1488,Unknown,Pending,19,1,Average,Out of Stock,Pending
ORD100845,CUST7850,Abeer Vaidya,67,Other,Delhi,pune,Dwarka,583922,08-12-2024,10-12-2024,P710,Curd,Dairy,Dairy,Britannia,4.28,223,164,26,4,658,GPAY,Cancelled,33,3,Late delivery,Limited,Cancelled
ORD103571,CUST4162,Balendra Rana,32,Female,Gujarat,Ahmedabad,Satellite,718331,16-11-2024,16-11-2024,P633,Juice,Beverages,Beverages,Real,0.64,570,358,37,8,2867,UPI,Delivered,78,1,Late delivery,Limited,Returned
ORD104768,CUST8334,Niharika Pingle,26,Other,West Bengal,Kolkata,Howrah,842305,15-07-2024,16-07-2024,P394,Frozen Peas,Frozen Food,Frozen Food,Safal,3.16,403,293,27,8,2345,Debit Card,Cancelled,56,2,Excellent,Limited,Delivered
ORD101141,CUST9056,Januja Raval,57,Other,Karnataka,Bangalore,Whitefield,15774,22-06-2025,23-06-2025,P208,Juice,Beverages,Beverages,Real,2.24,41,34,17,1,34,CASH,Returned,10,3,Damaged item,Out of Stock,Pending
ORD100179,CUST5256, Veer Narayan ,24,Female,West Bengal,Kolkata,Howrah,881750,04-08-2025,08-04-2025,P670,Tea,Beverages,Beverages,Tata Tea,4.67,97,65,33,7,453,GOOGLE PAY,Cancelled,50,4,Good,Out of Stock,Pending
ORD100664,CUST7098,Chanchal Hayer,54,Other,Delhi,New Delhi,Dwarka,557598,28-09-2024,02-10-2024,P289,Milk,Dairy,Dairy,Amul,1.26,493,481,2,8,3850,CASH,Returned,34,1,Late delivery,In Stock,Cancelled
ORD103761,null,Avi Parmar,39,Other,Karnataka,Unknown,Koramangala,855023,12-03-2025,12-03-2025,P490,Curd,Dairy,Dairy, Britannia ,2.69,406,323,18,3,1488,Unknown,Pending,38,3,Average,Limited,Pending
ORD102399,CUST1368,Anita Madan,48,Other,Delhi,New Delhi,Dwarka,324409,17-04-2025,17-04-2025,P114,Cleaner,Household Items,Household Items,Lizol,3.73,733,725,1,4,2902,GPAY,Returned,72,4,Excellent,In Stock,Returned
ORD103239,CUST3967, Simon Srivastava ,29,Female,Tamil Nadu,Chennai,Velachery,285920,11-09-2025,10-11-2025,P351,Chips,Snacks,Snacks,Lay's,2.66,356,315,12,7,2202,GOOGLE PAY,Returned,28,4,Good,Out of Stock,Delivered
ORD101941,null,Dakshesh Naik,60,Male,Karnataka,Unknown,VV Mohalla,865272,09-04-2025,04-09-2025,P485,Curd,Dairy,Dairy,Britannia,2.36,406,323,36,3,1488,Unknown,Pending,-7,1,Average,In Stock,Pending
ORD103365,CUST1655,Reva Master,33,Male,Tamil Nadu,Chennai,Velachery,842954,16-04-2025,18-04-2025,P294,Toothpaste,Personal Care,Personal Care,Colgate,4.11,155,108,30,6,651,CASH,Cancelled,88,3,Average,In Stock,Delivered
ORD100235,CUST6268,Pranav Chauhan,61,Male,West Bengal,Kolkata,Salt Lake,453815,05-03-2024,03-06-2024,P277,Bread,Bakery,Bakery,Britannia,1.74,283,265,7,7,1852,UPI,Cancelled,25,4,Late delivery,Limited,Cancelled
ORD104175,CUST7325,Nihal Warrior,20,Other,Delhi,New Delhi,Rohini,681420,06-12-2024,10-12-2024,P195,Frozen Peas,Frozen Food,Frozen Food,Safal,2.48,424,395,7,6,2372,Debit Card,Pending,63,5,Damaged item,Limited,Pending
ORD104154,CUST5852,Aarini Ben,39,Male,maharashtra,Surat, Vesu ,356108,15-12-2025,16-12-2025,P427,Cake,Bakery,Bakery,Monginis,2.34,714,568,20,6,3408,UPI,Returned,31,4,Average,In Stock,Pending
ORD100604,CUST1086,Chanchal Rai,61,Other,Maharashtra,Mumbai,Bandra,257231,08-05-2025,05-08-2025,P690,Namkeen,Snacks,Snacks,Haldiram,3.99,387,345,11,1,345,Debit Card,Pending,60,5,Late delivery,In Stock,Returned
ORD100065,CUST3126,Gautam Kala,54,Other,Telangana,Hyderabad,Banjara Hills,636234,04-06-2025,05-06-2025,P416,Biscuits,Snacks,Snacks,Parle,2.05,788,723,8,2,1446,CASH ON DELIVERY,Returned,78,4,Average,Out of Stock,Delivered
ORD103310,CUST9201,Bhanumati Subramanian,18,Other,Maharashtra,Nagpur,Sitabuldi,909641,22-12-2024,23-12-2024,P415,Atta,Grocery,Grocery,Aashirvaad,3.82,421,314,25,8,2516,CASH ON DELIVERY,Returned,35,4,Average,Limited,Cancelled
ORD102129,CUST6486,Omaja Sen,34,Male,Delhi,New Delhi,Saket,675515,02-07-2024,02-07-2024,P853,Ice Cream,Frozen Food,Frozen Food,Amul,3.05,308,292,5,6,1751,CASH ON DELIVERY,Returned,55,4,Average,In Stock,Cancelled
ORD102312,CUST4063,Harshil Vyas,45,Other,West Bengal,Kolkata,Howrah,453389,24-04-2025,27-04-2025,P841,Apple,Fruits & Vegetables,Fruits & Vegetables,Kashmir Fresh,4.36,670,649,3,7,4545,GOOGLE PAY,Pending,64,4,Excellent,Limited,Delivered
ORD101515,CUST9037,Niharika Dutt,55,Other,Tamil Nadu,Coimbatore,Peelamedu,416898,29-01-2025,31-01-2025,P968,Banana,Fruits & Vegetables,Fruits & Vegetables,FreshFarm,2.72,562,460,18,8,3682,GOOGLE PAY,Pending,29,5,Average,Limited,Delivered
ORD102077,CUST2641,Upma Mann,33,Female,Delhi,New Delhi,Dwarka,112911,31-01-2025,04-02-2025,P446,Sugar,Grocery,Grocery,Madhur,0.77,88,83,5,4,333,CASH,Returned,78,3,Average,In Stock,Returned
ORD100005,null,Ikshita Dutt,69,Other,West Bengal,PUNE,Salt Lake,680668,06-07-2025,10-07-2025,P849,Shampoo,Personal Care,Personal Care,Clinic Plus,2.48,406,323,20,1,1488,Unknown,Pending,15,3,Average,Limited,Pending
ORD104974,CUST5119,Yasti Ganesh,74,Male,Karnataka,Bangalore, Koramangala ,15783,19-09-2024,20-09-2024,P123,Apple,Fruits & Vegetables,Fruits & Vegetables,Kashmir Fresh,3.36,242,224,7,3,672,CASH ON DELIVERY,Pending,16,1,Late delivery,In Stock,Cancelled
ORD102131,CUST4949, Kiaan Hans ,63,Female,Tamil Nadu,pune, RS Puram ,143374,22-10-2025,23-10-2025,P931,Tea,Beverages,Beverages,Tata Tea,3.66,457,316,31,3,948,GOOGLE PAY,Pending,78,5,Average,Limited,Delivered
ORD101575,CUST7576,Anika Kurian,57,Other,Tamil Nadu,Chennai,Anna Nagar,200696,23-12-2024,23-12-2024,P722,Rice,Grocery,Grocery,India Gate,0.27,700,607,13,5,3033,UPI,Delivered,60,3,Late delivery,Limited,Delivered
ORD103944,null,Aradhana Mann,74,Other,Maharashtra,Unknown,Dharampeth,490417,19-02-2024,22-02-2024,P515,Bread,Bakery,Bakery,Britannia,1.08,406,323,12,6,1488,Unknown,Pending,36,5,Average,Limited,Pending
ORD103827,CUST4598,Ubika Suri,83,Male,Karnataka,Mysore,VV Mohalla,436309,13-01-2024,16-01-2024,P820,Sugar,Grocery,Grocery,Madhur,2.26,592,428,28,6,2565,Debit Card,Delivered,78,2,Good,In Stock,Pending
ORD100155,CUST2117,Dhriti Mani,32,Other,Gujarat,PUNE,Navrangpura,261690,03-09-2025,03-09-2025,P656,Biscuits,Snacks,Snacks,Parle,2.73,403,334,17,5,1669,UPI,Cancelled,74,2,Average,Out of Stock,Cancelled
ORD100428,null,Daksha Shanker,45,Other,Telangana,Unknown,Gachibowli,648188,28-01-2025,31-01-2025,P723,Tea,Beverages,Beverages,Tata Tea,3.8,406,323,25,1,1488,Unknown,Pending,47,2,Average,In Stock,Pending
ORD102632,CUST5650,Zehaan Dubey,32,Other,West Bengal,Kolkata,Park Street,838853,02-10-2025,14-02-2025,P921,Frozen Peas,Frozen Food,Frozen Food,Safal,1.22,511,485,5,7,3393,CASH,Returned,508,4,Average,In Stock,Pending
ORD100472,CUST7893,Kashvi Sane,64,Other,West Bengal,Kolkata,Park Street,526878,30-09-2024,03-10-2024,P654,Biscuits,Snacks,Snacks,Parle,2.01,96,66,31,6,396,CASH,Delivered,66,3,Excellent,Out of Stock,Returned
ORD104452,CUST1701,Charita Sarraf,46,Female,Karnataka,pune,Gokulam,275758,08-12-2025,11-12-2025,P586,Sugar,Grocery,Grocery,Madhur,0.99,85,78,9,2,156,GOOGLE PAY,Cancelled,73,5,Damaged item,Out of Stock,Delivered
ORD100361,CUST7551,Jairaj Khurana,61,Other,Tamil Nadu,Coimbatore,Peelamedu,400295,13-11-2025,14-11-2025,P963,Milk,Dairy,Dairy,Amul,4.15,769,763,1,8,6107,UPI,Delivered,49,1,Late delivery,In Stock,Cancelled
ORD104506,CUST6263,Alka Mital,25,Male,Gujarat,Surat,Adajan,53607,13-06-2025,16-06-2025,P852,Tea,Beverages,Beverages,Tata Tea,3.04,158,145,9,4,578,GOOGLE PAY,Delivered,58,3,Average,Out of Stock,Returned
ORD103399,CUST1892,Warhi Dube,22,Male,Tamil Nadu,Chennai,Anna Nagar,293772,09-04-2025,13-04-2025,P605,Milk,Dairy,Dairy,Amul,3.93,551,418,24,4,1670,Debit Card,Cancelled,21,4,Late delivery,Limited,Pending
ORD100267,CUST9556,Harish Gala,54,Male,Maharashtra,Nagpur,Dharampeth,710116,07-11-2025,10-11-2025,P251,Bread,Bakery,Bakery,Britannia,1.28,751,611,19,5,3053,CASH ON DELIVERY,Cancelled,15,4,Excellent,In Stock,Pending
ORD100436,CUST7358,Waida Ramaswamy,26,Female,Karnataka,pune,Indiranagar,689455,29-12-2025,01-01-2026,P511,Tea,Beverages,Beverages,Tata Tea,3.51,119,73,39,2,146,UPI,Cancelled,75,3,Average,Out of Stock,Delivered
ORD100301,CUST3755,Balendra Biswas,25,Female,Maharashtra,Nagpur,Sitabuldi,941837,18-05-2025,18-05-2025,P361,Frozen Peas,Frozen Food,Frozen Food,Safal,3.86,361,276,23,6,1659,UPI,Cancelled,77,3,Late delivery,In Stock,Cancelled
ORD101424,CUST5119,Jacob Dugal,61,Female,Tamil Nadu,Chennai,Anna Nagar,108015,26-02-2025,02-03-2025,P207,Tea,Beverages,Beverages,Tata Tea,0.33,389,242,38,3,727,UPI,Cancelled,40,3,Average,Out of Stock,Delivered
ORD104010,CUST2434,Vidhi Badal,53,Male,Telangana,Hyderabad,Gachibowli,649097,26-11-2024,26-11-2024,P103,Cleaner,Household Items,Household Items,Lizol,0.31,413,383,7,2,766,CASH ON DELIVERY,Cancelled,33,5,Late delivery,Limited,Cancelled
ORD102116,CUST7303,Saksham Tella,77,Other,Tamil Nadu,Chennai, Velachery ,943409,09-03-2024,12-03-2024,P975,Cake,Bakery,Bakery,Monginis,1.43,268,225,16,8,1801,CASH,Returned,31,5,Average,In Stock,Cancelled
ORD102228,CUST5324,Adya Reddy,80,Female,Karnataka,Mysore,VV Mohalla,967533,05-11-2025,08-11-2025,P183,Frozen Peas,Frozen Food,Frozen Food,Safal,1.8,502,361,28,5,1803,GPAY,Pending,15,3,Good,Out of Stock,Delivered
ORD103159,CUST7281,Anthony Chacko,36,Other,Telangana,Hyderabad,Madhapur,171094,06-01-2025,02-06-2025,P511,Rice,Grocery,Grocery,India Gate,3.52,601,553,8,5,2766,UPI,Pending,59,1,Damaged item,Out of Stock,Pending
ORD101177,CUST1838,Turvi Dutta,54,Other,West Bengal,Kolkata,Park Street,95242,20-10-2025,24-10-2025,P760,Toothpaste,Personal Care,Personal Care,Colgate,0.12,420,269,36,7,1886,UPI,Returned,39,3,Average,Limited,Cancelled
ORD102934,CUST6184,Timothy Bhat,19,Male,Delhi,New Delhi,Saket,551279,02-09-2025,03-09-2025,P409,Atta,Grocery,Grocery,Aashirvaad,2.75,596,568,5,5,2839,UPI,Delivered,34,4,Average,Limited,Delivered
ORD100156,CUST7248,Falak Kale,79,Male,Telangana,Hyderabad,Gachibowli,255459,28-07-2025,28-07-2025,P653,Cleaner,Household Items,Household Items, Lizol ,3.65,542,422,22,2,843,UPI,Cancelled,49,5,Damaged item,Out of Stock,Delivered
ORD102937,CUST7826,Jeevika Hans,38,Female,Maharashtra,Mumbai,Bandra,784714,13-08-2025,13-08-2025,P785,Apple,Fruits & Vegetables,Fruits & Vegetables,Kashmir Fresh,0.49,20,13,34,3,40,Debit Card,Delivered,16,5,Excellent,Out of Stock,Cancelled
ORD104317,null,Aryan Borra,65,Other,Tamil Nadu,Unknown,Anna Nagar,963684,20-10-2025,23-10-2025,P504,Apple,Fruits & Vegetables,Fruits & Vegetables,Kashmir Fresh,2.48,406,323,3,2,1488,Unknown,Pending,63,5,Average,Out of Stock,Pending
ORD104671,CUST1298,Vansha Bera,39,Other,West Bengal,pune,Park Street,866466,04-05-2024,08-05-2024,P326,Soap,Personal Care,Personal Care,Dove,1.24,391,311,20,7,2178,CASH,Returned,36,2,Excellent,Out of Stock,Delivered
ORD104653,CUST3297,Ekaraj Sane,71,Male,Karnataka,Mysore,Gokulam,12623,16-05-2024,20-05-2024,P916,Detergent,Household Items,Household Items,Surf Excel,3.76,352,252,29,1,459,UPI,Returned,27,5,Average,Limited,Pending
ORD100410,CUST5974,Mohammed Modi,57,Female,West Bengal,Kolkata,Howrah,657313,22-10-2024,22-10-2024,P918,Cake,Bakery,Bakery,Monginis,1.54,409,358,13,1,358,GPAY,Delivered,28,3,Average,Limited,Delivered
ORD100974,CUST4944,Advika Seshadri,29,Other,Tamil Nadu,Chennai,T Nagar,210925,09-06-2024,13-06-2024,P491,Cake,Bakery,Bakery,Monginis,3.06,667,407,39,3,1221,GPAY,Delivered,53,2,Late delivery,Out of Stock,Delivered
ORD100980,CUST4986,Vivaan Gopal,66,Other,Telangana,Hyderabad,Banjara Hills,812127,23-01-2024,23-01-2024,P312,Juice,Beverages,Beverages,Real,0.8,752,525,30,1,525,GPAY,Cancelled,27,3,Average,Limited,Returned
ORD103136,CUST3274,Nirja Saha,38,Female,Telangana,Hyderabad,Gachibowli,664627,11-12-2025,15-11-2025,P521,Tomato,Fruits & Vegetables,Fruits & Vegetables,Organic India,3.34,87,65,26,2,130,CASH,Returned,46,4,Damaged item,Limited,Returned
ORD102507,CUST5247,Anika Loke,39,Male,Gujarat,Surat,Vesu,649216,18-05-2024,20-05-2024,P854,Namkeen,Snacks,Snacks,Haldiram,1.09,246,233,5,6,1400,GOOGLE PAY,Cancelled,17,4,Average,In Stock,Pending
ORD101607,CUST3816, Hemal Grewal ,74,Female,Maharashtra,Nagpur, Sitabuldi ,250309,29-05-2025,29-05-2025,P750,Bread,Bakery,Bakery,Britannia,0.56,369,244,34,5,1503,CASH,Cancelled,89,1,Average,Limited,Returned
ORD101982,CUST9596,Isaac Jayaraman,57,Female,Karnataka,Bangalore,Whitefield,737580,07-06-2024,08-07-2024,P643,Soap,Personal Care,Personal Care,Dove,4.04,93,57,39,1,57,UPI,Cancelled,15,3,Average,Out of Stock,Cancelled
ORD103046,CUST8062,Ekalinga Pingle,21,Other,Karnataka,Mysore,VV Mohalla,599739,25-05-2025,27-05-2025,P403,Sugar,Grocery,Grocery,Madhur,2.71,733,705,4,5,3523,CASH,Pending,30,5,Average,In Stock,Returned
ORD102151,CUST1004,Upadhriti Patel,47,Female,West Bengal,Kolkata,Salt Lake,195548,14-08-2025,15-08-2025,P407,Biscuits,Snacks,Snacks,Parle,0.67,509,414,19,2,828,GPAY,Returned,84,5,Excellent,Out of Stock,Returned
ORD104572,CUST1072,Bhanumati Choudhary,63,Other,West Bengal,Kolkata,Park Street,773971,18-11-2025,18-11-2025,P119,Apple,Fruits & Vegetables,Fruits & Vegetables,Kashmir Fresh,0.41,450,392,13,2,784,UPI,Returned,24,3,Average,In Stock,Delivered
ORD103713,CUST6561,Omisha Sharma,43,Other,Gujarat,Ahmedabad,Satellite,758758,11-06-2024,11-08-2024,P879,Tomato,Fruits & Vegetables,Fruits & Vegetables,Organic India,4.82,487,336,31,7,2351,UPI,Cancelled,84,3,Average,Out of Stock,Delivered
ORD104209,CUST2421,Sneha Goswami,18,Female,Karnataka,Bangalore,Indiranagar,83150,05-05-2025,07-05-2025,P474,Frozen Peas,Frozen Food,Frozen Food,Safal,1.31,291,205,29,8,1643,CASH,Cancelled,15,3,Late delivery,In Stock,Cancelled
ORD100412,CUST7820,Kalpit Walla,67,Other,West Bengal,Kolkata,Howrah,65013,24-09-2024,26-09-2024,P412,Frozen Peas,Frozen Food,Frozen Food,Safal,0.52,155,120,23,5,601,CASH,Returned,25,2,Damaged item,Out of Stock,Delivered
ORD100652,CUST2854,Anay Kant,50,Female,Tamil Nadu,Coimbatore,RS Puram,617602,27-11-2025,29-11-2025,P268,Soap,Personal Care,Personal Care,Dove,0.33,195,132,32,5,660,CASH,Cancelled,17,2,Excellent,In Stock,Delivered
ORD103995,CUST4708,Balveer Cheema,73,Male,Gujarat,Ahmedabad,Satellite,695808,23-01-2024,27-01-2024,P670,Milk,Dairy,Dairy,Amul,0.81,273,214,22,5,1068,GPAY,Returned,-11,3,Late delivery,Out of Stock,Cancelled
ORD100340,CUST1685,Aditya Solanki,18,Male,West Bengal,Kolkata,Salt Lake,160997,21-01-2025,21-01-2025,P910,Juice,Beverages,Beverages,Real,0.14,70,43,39,5,215,CASH,Cancelled,8,4,Average,Out of Stock,Returned
ORD101687,null,Nicholas Chatterjee,30,Female,Maharashtra,Unknown,Bandra,146405,21-05-2025,23-05-2025,P374,Cake,Bakery,Bakery,Monginis,0.63,406,323,14,3,1488,Unknown,Pending,21,3,Average,Limited,Pending
ORD102644,CUST8453, Brinda Jaggi ,53,Other,Gujarat,Surat,Vesu,38638,05-11-2024,08-11-2024,P729,Ice Cream,Frozen Food,Frozen Food,Amul,4.88,737,551,25,3,1652,GOOGLE PAY,Pending,68,3,Excellent,Out of Stock,Returned
ORD104861,CUST2147,Ikshita Agarwal,32,Other,West Bengal,Kolkata,Park Street,637026,16-10-2025,18-10-2025,P603,Juice,Beverages,Beverages,Real,4.24,190,119,37,7,834,UPI,Pending,71,4,Good,Out of Stock,Delivered
ORD100539,CUST4730,Ekantika Memon,22,Male,Tamil Nadu,Chennai,Anna Nagar,807938,29-06-2024,30-06-2024,P956,Milk,Dairy,Dairy,Amul,3,132,108,18,5,540,CASH,Returned,49,3,Excellent,In Stock,Returned
ORD104146,CUST5209,Warhi Ghose,43,Male,Telangana,Hyderbad, Gachibowli ,752793,28-09-2024,29-09-2024,P790,Namkeen,Snacks,Snacks,Haldiram,3.08,337,307,9,3,921,CASH,Pending,60,3,Excellent,Limited,Delivered
ORD100425,CUST1244,Indali Sahni,68,Other,Delhi,New Delhi,Rohini,402866,23-03-2025,23-03-2025,P178,Atta,Grocery,Grocery,Aashirvaad,0.38,201,168,16,4,672,GPAY,Pending,13,1,Excellent,Out of Stock,Pending
ORD100016,CUST8244,Rushil Badami,59,Other,Karnataka,Mysore,Gokulam,2534,05-08-2025,08-07-2025,P584,Namkeen,Snacks,Snacks,Haldiram,3.99,447,269,40,7,1880,Debit Card,Pending,64,1,Excellent,Limited,Cancelled
ORD101193,CUST2388,Daksha Nagar,23,Other,Gujarat,Ahmedabad,Navrangpura,339762,05-06-2024,07-05-2024,P731,Bread,Bakery,Bakery,Britannia,2.83,124,109,13,5,543,GOOGLE PAY,Delivered,10,4,Good,Limited,Delivered
ORD100443,CUST7522,Chanchal Magar,38,Other,Delhi,pune,Rohini,662860,25-04-2024,27-04-2024,P960,Banana,Fruits & Vegetables,Fruits & Vegetables,FreshFarm,4.04,776,567,27,7,3967,GPAY,Returned,52,2,Good,Out of Stock,Cancelled
ORD104522,CUST3939,Bhavya Loke,53,Other,Gujarat,Surat,Adajan,796471,06-06-2025,07-06-2025,P351,Soft Drink,Beverages,Beverages,Coca-Cola,3.32,469,306,35,2,613,CASH,Pending,57,2,Late delivery,In Stock,Returned
ORD103599,CUST5382,Michael Bhattacharyya,78,Female,West Bengal,Kolkata,Park Street,313949,12-12-2025,12-12-2025,P966,Cleaner,Household Items,Household Items,Lizol,2.05,148,90,39,2,179,Debit Card,Cancelled,32,1,Average,In Stock,Cancelled
ORD101682,CUST8246,Jyoti Mishra,73,Other,Gujarat,Surat,Vesu,417935,06-06-2025,07-06-2025,P277,Bread,Bakery,Bakery,Britannia,3.11,100,92,8,5,460,UPI,Pending,12,4,Average,Out of Stock,Pending
ORD100753,CUST4055,Reva Kapadia,35,Female,Gujarat,Ahmedabad,Satellite,71627,24-01-2024,27-01-2024,P212,Shampoo,Personal Care,Personal Care,Clinic Plus,4.43,295,260,12,4,1217,CASH,Cancelled,86,5,Average,Out of Stock,Pending
ORD103546,CUST5309,Jalsa Raj,23,Male,Tamil Nadu,pune,Peelamedu,815052,11-02-2025,15-02-2025,P284,Shampoo,Personal Care,Personal Care,Clinic Plus,2.95,435,406,7,1,406,CASH,Returned,48,5,Average,In Stock,Cancelled
ORD103504,null,Arya Thakur,59,Female,maharashtra,Unknown,Howrah,373517,02-12-2024,06-12-2024,P778,Tomato,Fruits & Vegetables,Fruits & Vegetables,Organic India,4.34,406,323,13,4,1488,Unknown,Pending,43,2,Average,In Stock,Pending
ORD104555,CUST4467,Viraj Krishnan,74,Female,maharashtra,Mumbai,Bandra,932785,22-03-2024,25-03-2024,P669,Ice Cream,Frozen Food,Frozen Food,Amul,3.66,415,393,5,2,785,UPI,Returned,46,4,Average,Out of Stock,Returned
ORD102267,CUST5750,Vaishnavi Master,64,Female,Telangana,Hyderabad,Gachibowli,502224,10-12-2024,14-12-2024,P778,Shampoo,Personal Care,Personal Care,Clinic Plus,2.98,205,123,40,6,740,UPI,Cancelled,51,2,Average,In Stock,Delivered
ORD103283,null,Aarna Mall,64,Female,Tamil Nadu,pune,Velachery,759207,21-09-2024,21-09-2024,P291,Atta,Grocery,Grocery,Aashirvaad,2.4,406,323,31,6,1488,Unknown,Pending,12,1,Average,In Stock,Pending
ORD100121,CUST6883,Henry Rege,52,Female,Tamil Nadu,Coimbatore,Peelamedu,749371,13-10-2024,16-10-2024,P452,Milk,Dairy,Dairy,Amul,4.57,347,297,14,3,892,CASH,Cancelled,56,3,Late delivery,In Stock,Cancelled
ORD104959,CUST8771,Nilima Shere,77,Female,Telangana,Hyderabad,Gachibowli,552678,17-06-2025,21-06-2025,P180,Detergent,Household Items,Household Items,Surf Excel,2.3,366,323,12,4,1291,UPI,Returned,41,3,Excellent,In Stock,Pending
ORD102318,CUST4501,Ekiya Sane,46,Male,Delhi,New Delhi,Rohini,456698,02-09-2025,09-06-2025,P992,Detergent,Household Items,Household Items,Surf Excel,1.1,498,491,1,5,2453,CASH,Returned,38,3,Excellent,Out of Stock,Cancelled
ORD101835,CUST2100,Vaishnavi Bala,32,Female,Tamil Nadu,Mumbai,Indiranagar,428250,22-10-2024,24-10-2024,P989,Juice,Beverages,Beverages,Real,0.39,783,519,34,4,2075,CASH ON DELIVERY,Pending,60,1,Excellent,In Stock,Cancelled
ORD104046,CUST7389,Azaan Sheth,30,Male,Maharashtra,Mumbai,Dadar,764875,12-09-2024,16-09-2024,P103,Soft Drink,Beverages,Beverages,Coca-Cola,2.64,161,113,30,6,679,UPI,Returned,18,4,Average,Limited,Cancelled
ORD103807,CUST8193,Aditya Butala,33,Male,Maharashtra,Pune,Baner,467551,22-09-2025,23-09-2025,P747,Cleaner,Household Items,Household Items,Lizol,0.93,639,459,28,6,2756,UPI,Returned,28,3,Good,In Stock,Returned
ORD101672,CUST6764,Leena Kala,28,Other,Maharashtra,Mumbai,Powai,549669,10-03-2024,06-10-2024,P518,Frozen Peas,Frozen Food,Frozen Food,Safal,2.23,773,542,30,5,2709,UPI,Cancelled,12,4,Average,Out of Stock,Returned
ORD100586,CUST6349,Chasmum Venkatesh,53,Other,Karnataka,pune,VV Mohalla,854357,22-03-2024,25-03-2024,P798,Bread,Bakery,Bakery,Britannia,4.19,501,497,1,6,2982,CASH,Cancelled,50,2,Late delivery,In Stock,Returned
ORD100362,CUST3498,Rushil Loyal,66,Other,Delhi,New Delhi,Saket,690118,25-11-2025,27-11-2025,P355,Rice,Grocery,Grocery,India Gate,1.48,782,700,11,7,4897,UPI,Cancelled,87,2,Average,Out of Stock,Pending
ORD104163,CUST9431,Arin Ratta,24,Female,Delhi,New Delhi,Rohini,100663,02-02-2025,05-02-2025,P312,Toothpaste,Personal Care,Personal Care,Colgate,1.69,508,402,21,3,1206,CASH ON DELIVERY,Delivered,23,5,Damaged item,Limited,Returned
ORD103501,null,Anamika Vora,88,Other,Maharashtra,Unknown,Powai,443135,13-03-2024,13-03-2024,P585,Banana,Fruits & Vegetables,Fruits & Vegetables,FreshFarm,1.9,406,323,34,5,1488,Unknown,Pending,25,3,Average,In Stock,Pending
ORD102442,null,Bahadurjit Cherian,73,Other,Maharashtra,Unknown,Sitabuldi,341455,24-01-2024,25-01-2024,P508,Detergent,Household Items,Household Items,Surf Excel,2.62,406,323,19,6,1488,Unknown,Pending,44,1,Average,Limited,Pending
ORD102520,CUST5433,Saumya Comar,30,Other,Gujarat,pune,Adajan,104725,30-05-2025,31-05-2025,P651,Detergent,Household Items,Household Items,Surf Excel,2.85,82,61,26,8,487,UPI,Returned,83,3,Late delivery,Out of Stock,Pending
ORD103882,null,Aradhana Radhakrishnan,69,Female,Maharashtra,Unknown,Dharampeth,881192,07-02-2025,04-07-2025,P562,Atta,Grocery,Grocery,Aashirvaad,0.51,406,323,36,4,1488,Unknown,Pending,62,1,Average,Out of Stock,Pending
ORD102574,CUST9527,Ekavir Gupta,60,Male,Telangana,Hyderabad,Banjara Hills,930422,11-10-2024,11-10-2024,P406,Namkeen,Snacks,Snacks, Haldiram ,1.62,599,408,32,4,1633,CASH,Delivered,14,1,Average,Out of Stock,Pending
ORD103341,CUST8761,Qadim Modi,48,Male,Tamil Nadu,Chennai,Anna Nagar,350464,19-09-2025,20-09-2025,P777,Namkeen,Snacks,Snacks,Haldiram,4.06,602,484,20,1,484,Debit Card,Pending,67,1,Average,In Stock,Returned
ORD101000,CUST3396,Chanchal Kunda,60,Other,Karnataka,pune,Gokulam,328993,02-09-2024,03-09-2024,P502,Tea,Beverages,Beverages,Tata Tea,2.74,704,448,36,1,448,GOOGLE PAY,Pending,54,4,Average,In Stock,Cancelled
ORD101320,CUST5278,Alka Dhar,58,Other,Gujarat,Surat,Vesu,350701,29-05-2025,06-01-2025,P370,Soap,Personal Care,Personal Care,Dove,1.15,62,46,26,1,46,GPAY,Pending,62,4,Good,Out of Stock,Returned
ORD102281,CUST9334,Viraj Kanda,80,Other,Maharashtra,Nagpur,Sitabuldi,596638,14-12-2024,17-12-2024,P162,Rice,Grocery,Grocery,India Gate,1.69,506,332,34,6,1993,CASH ON DELIVERY,Cancelled,46,1,Damaged item,In Stock,Delivered
ORD101075,CUST5578,Ikshita Khalsa,30,Female,Maharashtra,Pune,Wakad,352976,24-10-2025,25-10-2025,P781,Paneer,Dairy,Dairy,Mother Dairy,3.79,678,413,39,3,1239,UPI,Delivered,9,5,Good,In Stock,Cancelled
ORD101411,CUST3117,Pranit Subramaniam,33,Female,Maharashtra,Pune,Baner,370204,05-11-2024,11-06-2024,P758,Juice,Beverages,Beverages,Real,1.18,39,33,15,2,66,GPAY,Cancelled,38,3,Damaged item,Out of Stock,Delivered
ORD100212,CUST1477,Omisha Hegde,43,Male,Telangana,Hyderabad,Gachibowli,180425,15-10-2024,17-10-2024,P953,Sugar,Grocery,Grocery,Madhur,1.76,260,209,20,2,568,CASH ON DELIVERY,Returned,86,1,Average,In Stock,Returned
ORD100131,CUST9561,Aarav Loke,18,Female,West Bengal,Kolkata,Park Street,489867,09-03-2024,09-03-2024,P253,Soft Drink,Beverages,Beverages,Coca-Cola,0.83,454,373,18,7,2608,CASH,Delivered,87,5,Average,In Stock,Cancelled
ORD102667,CUST1762,Utkarsh Srivastava,25,Male,Gujarat,PUNE,Adajan,180345,18-12-2024,22-12-2024,P718,Bread,Bakery,Bakery,Britannia,0.63,331,224,32,1,224,CASH,Pending,17,3,Average,Out of Stock,Delivered
ORD101779,CUST4624,Daksh Bava,82,Male,Tamil Nadu,Coimbatore,Peelamedu,541396,18-12-2025,18-12-2025,P262,Shampoo,Personal Care,Personal Care,Clinic Plus,4.95,103,90,13,4,360,UPI,Delivered,75,3,Good,Limited,Returned
ORD102377,CUST8114,Zehaan Subramanian,35,Other,Delhi,New Delhi,Rohini,63480,22-08-2024,22-08-2024,P885,Cake,Bakery,Bakery,Monginis,1.71,250,164,34,4,656,GOOGLE PAY,Returned,58,3,Good,Out of Stock,Delivered
ORD103381,CUST5229, Chaitanya Mohan ,77,Other,Delhi,New Delhi,Dwarka,317437,09-05-2025,11-05-2025,P657,Juice,Beverages,Beverages,Real,1.82,234,210,10,4,838,CASH,Returned,10,2,Good,Limited,Cancelled
ORD101785,CUST8609,Vihaan Mohan,14,Female,West Bengal,Kolkata,Park Street,477710,08-12-2025,12-12-2025,P202,Curd,Dairy,Dairy,Britannia,0.75,707,446,37,7,3125,UPI,Returned,48,1,Good,Limited,Delivered
ORD101562,CUST1663,Odika Bhat,26,Other,West Bengal,Kolkata,Park Street,994536,30-07-2025,03-08-2025,P431,Apple,Fruits & Vegetables,Fruits & Vegetables,Kashmir Fresh,2.99,279,222,20,8,1779,GOOGLE PAY,Cancelled,84,3,Good,Out of Stock,Pending
ORD101156,null,Dayamai Bhardwaj,80,Female,Gujarat,Unknown,Satellite,534027,05-11-2024,08-11-2024,P713,Soft Drink,Beverages,Beverages,Coca-Cola,3.62,406,323,19,4,1488,Unknown,Pending,49,3,Average,In Stock,Pending
ORD103648,CUST9262,Lakshmi Pant,22,Other,Tamil Nadu,Coimbatore,Peelamedu,252276,08-10-2024,11-10-2024,P890,Detergent,Household Items,Household Items,Surf Excel,2.56,759,666,12,3,1998,UPI,Cancelled,59,3,Excellent,In Stock,Cancelled
ORD100191,CUST1994, Raghav Chander ,74,Female,Maharashtra,Nagpur,Sitabuldi,63072,20-02-2024,22-02-2024,P525,Cake,Bakery,Bakery,Monginis,4.13,493,310,37,4,1238,Debit Card,Delivered,67,3,Average,In Stock,Delivered
ORD100337,CUST2912,Yahvi Prasad,60,Male,West Bengal,Kolkata,Park Street,869079,11-12-2025,13-11-2025,P493,Curd,Dairy,Dairy,Britannia,2.05,492,481,2,5,2406,CASH,Delivered,9,2,Damaged item,In Stock,Returned
ORD103569,CUST5651,Daksh Nayak,63,Other,Delhi,New Delhi,Rohini,986628,19-04-2025,22-04-2025,P589,Toothpaste,Personal Care,Personal Care,Colgate,2.43,713,526,26,3,1577,Debit Card,Delivered,17,3,Excellent,In Stock,Pending
ORD102958,CUST3593,Harrison Apte,27,Female,Tamil Nadu,Coimbatore,RS Puram,570012,05-10-2024,10-07-2024,P708,Tea,Beverages,Beverages,Tata Tea,0.42,599,402,33,3,1206,CASH ON DELIVERY,Pending,18,2,Average,Out of Stock,Pending
ORD100079,null,Mahika Sarna,62,Other,Gujarat,Unknown,Adajan,941300,01-05-2024,04-05-2024,P236,Curd,Dairy,Dairy,Britannia,2.44,406,323,13,5,1488,Unknown,Pending,45,3,Average,Out of Stock,Pending
ORD104784,CUST9580,Nilima Kapur,67,Female,West Bengal,Kolkata,Salt Lake,47695,12-06-2025,12-09-2025,P147,Paneer,Dairy,Dairy,Mother Dairy,2.16,140,137,2,7,962,Debit Card,Pending,55,2,Average,In Stock,Pending
ORD100558,CUST1700,Chavvi Deo,66,Female,West Bengal,Kolkata,Park Street,373743,01-03-2025,01-06-2025,P248,Cleaner,Household Items,Household Items, Lizol ,3.03,490,467,5,2,934,CASH,Pending,29,2,Average,In Stock,Returned
ORD104490,CUST4749,Pranit Ravel,25,Male,Telangana,Hyderabad,Madhapur,862417,02-06-2025,10-02-2025,P953,Atta,Grocery,Grocery,Aashirvaad,1.64,524,424,19,4,1697,CASH,Delivered,72,3,Damaged item,Out of Stock,Cancelled
ORD104625,CUST1042,Anya Kannan,23,Female,Karnataka,Mysore,VV Mohalla,283837,28-08-2024,29-08-2024,P693,Biscuits,Snacks,Snacks,Parle,4.99,696,658,5,1,658,GPAY,Pending,593,5,Damaged item,Limited,Cancelled
ORD102226,CUST3855,Aishani Saxena,76,Other,Gujarat,Surat,Adajan,272608,01-10-2025,01-10-2025,P234,Biscuits,Snacks,Snacks,Parle,3.94,663,573,14,6,3438,Debit Card,Pending,69,1,Average,Limited,Returned
ORD101317,CUST6487,Faras Date,80,Male,Tamil Nadu,Coimbatore,Peelamedu,693949,01-02-2025,05-02-2025,P438,Biscuits,Snacks,Snacks,Parle,4.06,538,388,28,8,3108,GPAY,Cancelled,86,2,Late delivery,Limited,Cancelled
ORD104396,CUST5502, Gopal Som ,55,Male,West Bengal,Kolkata,Park Street,543213,23-07-2024,27-07-2024,P388,Soft Drink,Beverages,Beverages,Coca-Cola,3.72,224,217,3,8,1738,GPAY,Delivered,53,4,Excellent,In Stock,Cancelled
ORD104075,CUST7685,Tanveer Jani,45,Male,West Bengal,Kolkata,Howrah,674280,09-02-2024,09-04-2024,P531,Namkeen,Snacks,Snacks,Haldiram,0.37,284,231,-5,8,1848,Debit Card,Returned,29,4,Late delivery,In Stock,Pending
ORD103646,CUST4014,Triveni Kata,59,Female,Delhi,New Delhi, Rohini ,295058,29-04-2025,30-04-2025,P714,Toothpaste,Personal Care,Personal Care,Colgate,2.99,626,502,20,3,1507,UPI,Delivered,15,3,Good,Limited,Cancelled
ORD104662,CUST8945,Ekavir Bhat,23,Female,Telangana,Hyderabad,Gachibowli,471476,13-07-2025,17-07-2025,P728,Ice Cream,Frozen Food,Frozen Food,Amul,3.11,535,521,3,7,3648,UPI,Returned,28,3,Good,Limited,Pending
ORD102480,CUST1883,Chakrika Pillay,79,Male,Gujarat,Surat, Vesu ,429162,20-01-2025,21-01-2025,P623,Tea,Beverages,Beverages,Tata Tea,2.33,240,192,20,8,1543,UPI,Returned,62,5,Excellent,In Stock,Cancelled
ORD101903,CUST2709,Rohan Gade,30,Male,Gujarat,Surat,Adajan,917328,19-10-2025,19-10-2025,P459,Cake,Bakery,Bakery,Monginis,2.98,512,384,25,5,1729,UPI,Pending,41,3,Average,Out of Stock,Returned
ORD101524,null,Arin Chhabra,33,Female,Gujarat,Unknown,Vesu,309010,17-08-2024,18-08-2024,P291,Atta,Grocery,Grocery,Aashirvaad,0.67,406,323,21,7,1488,Unknown,Pending,74,3,Average,Out of Stock,Pending
ORD103016,CUST2170,Sathvik Mohanty,65,Male,Maharashtra,Mumbai,Dadar,620320,06-06-2025,09-06-2025,P553,Toothpaste,Personal Care,Personal Care,Colgate,2.66,248,152,39,4,607,UPI,Pending,41,2,Average,In Stock,Delivered
ORD103304,CUST6299,Fitan Prabhu,39,Female,Karnataka,Mysore,VV Mohalla,180561,12-11-2024,15-11-2024,P678,Soap,Personal Care,Personal Care,Dove,2.6,753,743,1,3,2229,Debit Card,Delivered,56,4,Average,Out of Stock,Returned
ORD102897,CUST4201,Reyansh Manda,29,Female,Maharashtra,pune,Andheri,54014,06-05-2024,05-06-2024,P740,Detergent,Household Items,Household Items,Surf Excel,1.36,110,82,25,4,328,GOOGLE PAY,Cancelled,60,1,Damaged item,Out of Stock,Cancelled
ORD102351,CUST6968,Eiravati Kota,61,Other,Karnataka,Mysore,Gokulam,153863,09-01-2024,11-01-2024,P813,Juice,Beverages,Beverages,Real,4.55,756,699,7,3,2394,UPI,Pending,57,5,Damaged item,Limited,Delivered
ORD100622,CUST9166,Warjas Subramanian,14,Male,Karnataka,Bangalore,Whitefield,109637,05-05-2024,08-05-2024,P487,Juice,Beverages,Beverages,Real,3.62,671,436,35,5,2181,UPI,Delivered,68,3,Late delivery,In Stock,Delivered
ORD104994,CUST7515,Unni Apte,57,Female,Gujarat,Ahmedabad,Navrangpura,124745,18-12-2024,19-12-2024,P557,Paneer,Dairy,Dairy,Mother Dairy,1.43,292,290,1,5,1451,UPI,Delivered,72,3,Good,Out of Stock,Delivered
ORD102741,CUST1855,Shivani Mangal,53,Other,Maharashtra,Nagpur,Sitabuldi,946864,04-11-2025,12-04-2025,P379,Soap,Personal Care,Personal Care,Dove,1.18,712,677,5,1,677,CASH ON DELIVERY,Pending,84,2,Good,In Stock,Returned
ORD101986,null,Zashil Misra,58,Male,Maharashtra,Unknown,Sitabuldi,24278,26-02-2024,28-02-2024,P261,Soap,Personal Care,Personal Care,Dove,3.58,406,323,38,4,1488,Unknown,Pending,659,3,Average,In Stock,Pending
ORD104284,null,Faras Chandran,53,Other,Maharashtra,Unknown,Dharampeth,822329,05-02-2024,06-02-2024,P715,Soap,Personal Care,Personal Care,Dove,4.94,406,323,18,7,1488,Unknown,Pending,74,4,Average,Limited,Pending
ORD100391,CUST1430,Samesh Bawa,33,Male,Tamil Nadu,Coimbatore,RS Puram,690148,03-06-2025,06-05-2025,P939,Shampoo,Personal Care,Personal Care,Clinic Plus,3.73,706,498,29,5,2492,GOOGLE PAY,Cancelled,-7,5,Damaged item,In Stock,Returned
ORD100972,CUST8512,Sanaya Gera,38,Female,West Bengal,pune,Howrah,633159,27-12-2025,28-12-2025,P493,Tomato,Fruits & Vegetables,Fruits & Vegetables,Organic India,0.95,106,78,27,5,389,GPAY,Returned,48,2,Excellent,In Stock,Cancelled
ORD100656,CUST4873,Aachal Sampath,59,Male,Telangana,Hyderabad, Gachibowli ,182857,27-01-2024,28-01-2024,P918,Ice Cream,Frozen Food,Frozen Food,Amul,1.7,708,437,38,1,437,GOOGLE PAY,Delivered,17,1,Excellent,Out of Stock,Returned
ORD100083,CUST7590,Anmol Joshi,73,Female,Telangana,Hyderbad,Banjara Hills,285662,07-11-2025,11-10-2025,P322,Banana,Fruits & Vegetables,Fruits & Vegetables,FreshFarm,3.8,208,130,37,1,130,Debit Card,Delivered,13,5,Excellent,In Stock,Cancelled
ORD101574,CUST7451,Frado Shah,50,Male,West Bengal,Kolkata,Park Street,567516,13-09-2025,15-09-2025,P513,Ice Cream,Frozen Food,Frozen Food,Amul,1.54,279,240,14,4,959,UPI,Pending,36,3,Excellent,Limited,Delivered
ORD103840,CUST1463,Benjamin Kapoor,66,Female,Delhi,New Delhi,Saket,451025,26-12-2024,28-12-2024,P489,Soap,Personal Care,Personal Care,Dove,0.29,34,25,28,6,148,GPAY,Returned,84,5,Average,In Stock,Cancelled
ORD104369,CUST4028,Lajita Ganguly,72,Female,Gujarat,Surat,Adajan,506774,04-08-2025,04-08-2025,P421,Frozen Peas,Frozen Food,Frozen Food,Safal,2.97,76,74,3,3,221,UPI,Returned,26,3,Good,In Stock,Delivered
ORD100073,CUST4397,Damini Lad,21,Other,Karnataka,Bangalore,Indiranagar,85794,04-06-2024,06-07-2024,P589,Soap,Personal Care,Personal Care,Dove,2.67,340,309,9,4,1238,GOOGLE PAY,Pending,74,5,Excellent,Limited,Cancelled
ORD104637,CUST8760,Libni Gade,70,Female,Maharashtra,Mumbai,Dadar,985666,27-08-2025,28-08-2025,P258,Cake,Bakery,Bakery,Monginis,1.41,81,79,3,7,551,GPAY,Cancelled,15,2,Excellent,Limited,Returned
ORD102062,CUST9419,Saumya Golla,24,Female,Telangana,PUNE,Madhapur,50181,02-06-2025,02-06-2025,P660,Banana,Fruits & Vegetables,Fruits & Vegetables,FreshFarm,1.33,223,162,27,6,972,UPI,Returned,24,3,Damaged item,In Stock,Returned
ORD100082,CUST1372,Amruta Khare,64,Female,Tamil Nadu,Coimbatore,Peelamedu,774667,30-11-2025,12-04-2025,P836,Frozen Peas,Frozen Food,Frozen Food,Safal,2.77,530,392,26,3,1175,CASH,Returned,8,2,Damaged item,Out of Stock,Pending
ORD103478,CUST5374,Agastya Keer,57,Other,Gujarat,Surat,Vesu,778735,26-10-2025,27-10-2025,P652,Namkeen,Snacks,Snacks,Haldiram,1.43,157,115,27,1,115,UPI,Returned,90,1,Late delivery,Limited,Returned
ORD100975,CUST4467,Ishwar Gandhi,54,Female,Tamil Nadu,Mumbai,Whitefield,251496,16-02-2024,18-02-2024,P601,Namkeen,Snacks,Snacks,Haldiram,3.06,26,17,34,6,103,UPI,Delivered,39,1,Average,In Stock,Pending
ORD102200,CUST9413,Ridhi Borah,45,Male,Telangana,Hyderabad,Banjara Hills,713762,22-01-2025,25-01-2025,P197,Bread,Bakery,Bakery,Britannia,2.61,527,360,32,4,1440,Debit Card,Delivered,78,3,Excellent,Out of Stock,Cancelled
ORD104669,CUST2488,Saumya Tella,28,Female,Tamil Nadu,Chennai,Anna Nagar,962988,26-05-2024,28-05-2024,P468,Soap,Personal Care,Personal Care,Dove,2.97,155,132,15,8,1056,Debit Card,Delivered,11,1,Good,Out of Stock,Cancelled
ORD102640,CUST4416,Aachal Kapadia,34,Other,Maharashtra,Mumbai, Dadar ,833035,01-02-2024,04-02-2024,P944,Frozen Peas,Frozen Food,Frozen Food,Safal,0.26,383,253,34,4,1012,Debit Card,Pending,59,5,Average,Limited,Delivered
ORD101715,CUST1420,Shaurya Memon,76,Male,Delhi,New Delhi,Saket,37575,01-02-2024,02-05-2024,P130,Cleaner,Household Items,Household Items, Lizol ,2.59,92,88,4,2,176,GOOGLE PAY,Cancelled,59,3,Late delivery,Out of Stock,Pending
ORD101510,CUST8535,Timothy Bajaj,43,Female,Tamil Nadu,Coimbatore,Peelamedu,371151,16-03-2025,19-03-2025,P954,Namkeen,Snacks,Snacks,Haldiram,3.27,759,739,3,5,3696,UPI,Pending,16,2,Damaged item,Out of Stock,Cancelled
ORD103736,CUST5008,Darika Varughese,53,Other,Delhi,New Delhi,Saket,660771,26-04-2024,28-04-2024,P936,Shampoo,Personal Care,Personal Care,Clinic Plus,1.38,462,335,27,8,2679,CASH ON DELIVERY,Pending,12,5,Average,Out of Stock,Cancelled
ORD100963,CUST6924,Shravya Kothari,27,Female,Tamil Nadu,Coimbatore,Peelamedu,344934,09-01-2025,11-01-2025,P365,Frozen Peas,Frozen Food,Frozen Food,Safal,1.98,711,669,6,5,3346,UPI,Returned,25,3,Good,In Stock,Cancelled
ORD102111,CUST9096,Dhruv Lad,70,Male,West Bengal,Kolkata,Salt Lake,422838,08-02-2025,02-11-2025,P805,Ice Cream,Frozen Food,Frozen Food,Amul,3.32,377,277,27,7,1937,CASH ON DELIVERY,Cancelled,12,5,Average,Limited,Pending
ORD103821,CUST7679,Sachi Menon,38,Male,Telangana,Hyderabad,Banjara Hills,588513,19-06-2024,21-06-2024,P178,Namkeen,Snacks,Snacks,Haldiram,2.53,121,86,29,7,603,UPI,Delivered,58,4,Late delivery,Limited,Cancelled
ORD100573,null,Bhavani Deep,21,Male,Karnataka,Unknown,VV Mohalla,458514,09-01-2025,09-01-2025,P374,Ice Cream,Frozen Food,Frozen Food,Amul,0.72,406,323,27,8,1488,Unknown,Pending,16,1,Average,Limited,Pending
ORD100446,CUST7190,Meghana Batra,20,Other,Maharashtra,Pune,Kothrud,504066,28-05-2025,31-05-2025,P937,Detergent,Household Items,Household Items,Surf Excel,3.73,53,38,29,8,302,GOOGLE PAY,Delivered,23,1,Average,Limited,Returned
ORD104967,CUST1017,Warda Korpal,44,Other,Maharashtra,Nagpur,Sitabuldi,279430,18-04-2025,18-04-2025,P179,Cleaner,Household Items,Household Items,Lizol,3.36,253,237,6,6,1423,Debit Card,Cancelled,78,3,Good,Out of Stock,Pending
ORD103160,CUST6067,Kashvi Bath,71,Other,Telangana,Hyderabad, Gachibowli ,352460,02-03-2024,06-03-2024,P886,Sugar,Grocery,Grocery,Madhur,2.83,107,97,10,7,677,CASH ON DELIVERY,Cancelled,69,4,Excellent,Limited,Cancelled
ORD104865,CUST2539,Girindra Shanker,18,Male,Delhi,New Delhi,Rohini,118418,02-01-2024,03-02-2024,P946,Atta,Grocery,Grocery,Aashirvaad,0.45,399,257,36,2,513,Debit Card,Delivered,30,4,Excellent,In Stock,Returned
ORD104042,CUST4885,Girik Kata,88,Male,Tamil Nadu,Chennai,Velachery,894209,05-09-2024,11-05-2024,P408,Apple,Fruits & Vegetables,Fruits & Vegetables,Kashmir Fresh,3.51,688,571,17,7,4000,Debit Card,Returned,51,1,Damaged item,Limited,Delivered
ORD103059,CUST3612,Saumya Mahal,47,Male,Delhi,New Delhi,Saket,937215,08-08-2025,08-08-2025,P314,Milk,Dairy,Dairy,Amul,4.93,794,703,11,2,1407,GPAY,Returned,64,4,Excellent,Out of Stock,Cancelled
ORD103385,CUST4755,Manya Dayal,77,Other,Telangana,Hyderabad,Gachibowli,495212,27-08-2025,27-08-2025,P747,Soap,Personal Care,Personal Care,Dove,2.91,279,202,28,7,1411,CASH ON DELIVERY,Delivered,70,5,Good,In Stock,Delivered
ORD100416,CUST2638,Aradhana Bajwa,48,Other,West Bengal,Kolkata, Howrah ,208971,23-01-2024,24-01-2024,P783,Namkeen,Snacks,Snacks,Haldiram,1.45,658,568,14,3,1705,GPAY,Delivered,45,4,Average,Out of Stock,Pending
ORD102114,CUST2737, Chandresh Muni ,75,Female,Maharashtra,Nagpur,Dharampeth,92073,18-02-2024,19-02-2024,P543,Juice,Beverages,Beverages,Real,1.73,747,710,5,8,5679,UPI,Pending,10,4,Average,Out of Stock,Delivered
ORD101760,CUST5866,Anmol Samra,89,Male,Maharashtra,Pune,Wakad,193959,10-03-2024,10-07-2024,P345,Ice Cream,Frozen Food,Frozen Food,Amul,1.69,676,569,16,7,3984,UPI,Cancelled,18,1,Average,Out of Stock,Cancelled
ORD101630,CUST8331,Inaya Bhavsar,51,Female,Karnataka,Mysore,Gokulam,380920,13-08-2025,17-08-2025,P126,Biscuits,Snacks,Snacks,Parle,3.18,108,84,23,4,335,Debit Card,Returned,61,2,Average,Limited,Returned
ORD100890,CUST2162,Maanav Sridhar,27,Other,Tamil Nadu,Chennai,Anna Nagar,949398,23-05-2025,25-05-2025,P595,Chips,Snacks,Snacks,Lay's,1.05,196,124,37,1,124,GPAY,Delivered,87,3,Average,In Stock,Cancelled
ORD104621,CUST1848,Ishani Sachdeva,68,Other,Gujarat,Ahmedabad,Satellite,159743,24-07-2024,28-07-2024,P574,Juice,Beverages,Beverages,Real,1.98,753,717,5,7,5020,Debit Card,Returned,71,1,Good,Limited,Delivered
ORD101512,null,Jonathan Sharma,55,Female,Delhi,Unknown,Saket,166143,12-02-2024,04-12-2024,P717,Soft Drink,Beverages,Beverages,Coca-Cola,1.62,406,323,5,8,1488,Unknown,Pending,13,5,Average,Out of Stock,Pending
ORD104263,CUST3608,Naksh Khurana,28,Female,Delhi,New Delhi,Saket,634946,18-09-2024,20-09-2024,P196,Rice,Grocery,Grocery,India Gate,4.32,72,54,25,7,375,UPI,Returned,13,1,Average,Out of Stock,Returned
ORD100282,CUST7979,Unni Chanda,57,Male,Telangana,PUNE,Madhapur,55546,16-05-2025,19-05-2025,P449,Detergent,Household Items,Household Items,Surf Excel,4.87,392,323,17,7,2262,CASH ON DELIVERY,Pending,88,3,Average,In Stock,Returned
ORD104150,CUST6328,Indira Trivedi,33,Female,Gujarat,Ahmedabad,Navrangpura,906660,05-12-2024,12-06-2024,P821,Rice,Grocery,Grocery,India Gate,1.1,712,494,31,7,3461,CASH,Cancelled,31,4,Good,Limited,Returned
ORD100543,CUST4852,Rachita Hegde,48,Other,Karnataka,Bangalore,Indiranagar,960625,21-03-2025,22-03-2025,P526,Cake,Bakery,Bakery,Monginis,2.5,776,484,38,8,3873,GOOGLE PAY,Pending,26,3,Excellent,Limited,Returned
ORD102061,CUST6688,Vedika Kala,44,Female,Gujarat,Surat,Vesu,23610,03-04-2025,05-04-2025,P596,Curd,Dairy,Dairy,Britannia,2.99,234,221,5,8,1768,Debit Card,Delivered,70,1,Average,In Stock,Cancelled
ORD102683,CUST2926,Ojasvi Kakar,75,Female,Gujarat,Surat,Adajan,224747,30-07-2025,03-08-2025,P846,Sugar,Grocery,Grocery,Madhur,0.75,481,459,5,2,918,Debit Card,Returned,28,1,Average,Limited,Delivered
ORD102850,CUST4111,Upma Kashyap,57,Male,Karnataka,Mysore,VV Mohalla,849669,05-04-2024,04-06-2024,P303,Rice,Grocery,Grocery,India Gate,3.44,617,588,5,4,2353,CASH,Cancelled,8,4,Average,In Stock,Delivered
ORD104139,CUST4483,Rudra Tiwari,42,Male,Delhi,New Delhi,Saket,678331,22-09-2024,23-09-2024,P415,Cleaner,Household Items,Household Items,Lizol,3.13,728,547,25,8,4377,UPI,Returned,10,1,Average,In Stock,Pending
ORD104801,CUST1734,Manthan Varghese,34,Female,Tamil Nadu,Coimbatore,RS Puram,751297,15-04-2025,17-04-2025,P511,Cleaner,Household Items,Household Items,Lizol,1.23,118,78,34,7,543,Debit Card,Delivered,75,2,Good,In Stock,Pending
ORD104055,CUST3452,Omkaar Balay,36,Other,Karnataka,Mysore,VV Mohalla,282030,25-12-2024,26-12-2024,P534,Atta,Grocery,Grocery,Aashirvaad,3.72,398,310,22,5,1550,GPAY,Cancelled,52,3,Excellent,In Stock,Pending
ORD103847,CUST2276,Vedika Pant,30,Male,West Bengal,Kolkata,Park Street,853714,27-05-2025,29-05-2025,P717,Cake,Bakery,Bakery,Monginis,2.84,461,428,7,2,856,CASH ON DELIVERY,Pending,35,1,Average,Limited,Cancelled
ORD101517,CUST6117,Amol Saran,25,Male,Telangana,Hyderabad,Madhapur,418768,05-01-2024,01-05-2024,P597,Juice,Beverages,Beverages,Real,0.88,48,38,22,5,188,GPAY,Pending,62,3,Average,Limited,Cancelled
ORD102777,CUST2393,Krisha Ranganathan,59,Other,Delhi,pune,Rohini,815401,19-10-2025,21-10-2025,P227,Ice Cream,Frozen Food,Frozen Food,Amul,0.53,217,160,26,1,160,CASH ON DELIVERY,Cancelled,52,3,Average,In Stock,Pending
ORD100223,CUST9220,Urishilla D’Alia,54,Female,Gujarat,Surat,Vesu,398898,10-04-2025,14-04-2025,P690,Frozen Peas,Frozen Food,Frozen Food,Safal,1.9,451,351,22,7,2460,UPI,Returned,38,3,Good,Limited,Returned
ORD103176,CUST7169, Saumya Sahni ,21,Female,Tamil Nadu,Coimbatore,RS Puram,946928,27-05-2025,27-05-2025,P268,Milk,Dairy,Dairy,Amul,3.76,270,223,17,1,223,GOOGLE PAY,Pending,23,5,Good,Out of Stock,Pending
ORD103242,null,Osha Rege,46,Other,Tamil Nadu,pune,Velachery,418730,20-05-2025,22-05-2025,P284,Apple,Fruits & Vegetables,Fruits & Vegetables,Kashmir Fresh,4.78,406,323,18,1,1488,Unknown,Pending,46,4,Average,Out of Stock,Pending
ORD102094,CUST2173,Upma Amble,47,Female,West Bengal,Kolkata,Park Street,337955,30-11-2024,01-12-2024,P679,Tea,Beverages,Beverages,Tata Tea,4.58,43,33,23,7,230,GPAY,Delivered,59,3,Average,In Stock,Pending
ORD101885,CUST5278,Bhanumati Bhatt,80,Other,maharashtra,pune,Vesu,250324,04-12-2025,12-04-2025,P366,Cake,Bakery,Bakery,Monginis,0.81,141,140,1,6,840,UPI,Delivered,13,3,Average,Limited,Pending
ORD101942,CUST4928,Dhriti Salvi,46,Female,maharashtra,Bangalore,Koramangala,889572,12-02-2025,16-02-2025,P376,Detergent,Household Items,Household Items,Surf Excel,3.33,730,663,9,8,5301,UPI,Pending,48,3,Average,Out of Stock,Pending
ORD100440,null,Utkarsh Gopal,60,Other,Delhi,Unknown,Rohini,394084,24-12-2025,24-12-2025,P176,Juice,Beverages,Beverages,Real,1.7,406,323,20,8,1488,Unknown,Pending,53,4,Average,Limited,Pending
ORD104977,CUST1155, Patrick Basak ,53,Other,Karnataka,Bangalore,Koramangala,716071,13-01-2025,13-01-2025,P878,Tomato,Fruits & Vegetables,Fruits & Vegetables,Organic India,1.4,291,208,29,8,1663,UPI,Delivered,63,3,Average,Out of Stock,Delivered
ORD103333,CUST6664,Faraj Sandhu,49,Female,Delhi,New Delhi,Dwarka,217449,28-08-2025,28-08-2025,P275,Apple,Fruits & Vegetables,Fruits & Vegetables,Kashmir Fresh,1.16,562,493,12,2,986,Debit Card,Delivered,55,4,Damaged item,Out of Stock,Pending
ORD102057,CUST6931,Vivaan Mukhopadhyay,43,Female,Delhi,New Delhi,Rohini,345180,05-04-2024,04-05-2024,P440,Tomato,Fruits & Vegetables,Fruits & Vegetables,Organic India,1.25,697,531,24,1,531,Debit Card,Returned,78,4,Average,Out of Stock,Returned
ORD102702,CUST1588,Eesha Rattan,39,Male,Maharashtra,Nagpur,Dharampeth,692867,26-04-2025,27-04-2025,P389,Banana,Fruits & Vegetables,Fruits & Vegetables, FreshFarm ,3.99,406,272,33,7,1907,UPI,Returned,65,3,Good,In Stock,Pending
ORD104467,CUST6492,Ekavir Pandya,34,Female,Karnataka,Bangalore,Indiranagar,668761,31-12-2024,31-12-2024,P155,Tomato,Fruits & Vegetables,Fruits & Vegetables,Organic India,3.14,160,101,37,5,758,GPAY,Delivered,42,1,Average,Limited,Delivered
ORD102132,null,Tanish Gokhale,75,Other,Delhi,Unknown,Rohini,571419,30-07-2024,31-07-2024,P406,Cleaner,Household Items,Household Items,Lizol,2.02,406,323,20,8,1488,Unknown,Pending,67,5,Average,Limited,Pending
ORD103910,CUST6474,Dakshesh Sahota,72,Female,Telangana,Hyderabad,Madhapur,11733,23-12-2024,24-12-2024,P839,Chips,Snacks,Snacks,Lay's,0.58,767,731,5,8,5847,GPAY,Cancelled,59,4,Good,Out of Stock,Pending
ORD101780,CUST7258,Dayita Bains,26,Other,Tamil Nadu,Coimbatore,RS Puram,70974,21-01-2025,21-01-2025,P585,Curd,Dairy,Dairy,Britannia,0.67,136,128,6,5,640,GPAY,Delivered,46,1,Damaged item,Out of Stock,Pending
ORD104430,CUST6747,Omkaar Bumb,40,Other,West Bengal,Kolkata,Salt Lake,743652,21-12-2024,21-12-2024,P116,Apple,Fruits & Vegetables,Fruits & Vegetables,Kashmir Fresh,2.05,106,101,6,3,302,GOOGLE PAY,Delivered,40,3,Average,In Stock,Cancelled
ORD104538,CUST6225,Abeer Aggarwal,80,Male,Telangana,Hyderabad,Banjara Hills,959511,03-04-2025,04-03-2025,P895,Sugar,Grocery,Grocery,Madhur,2.41,319,315,1,6,1887,Debit Card,Returned,89,2,Damaged item,Out of Stock,Returned
ORD103099,CUST7284,Chakradhar Walla,38,Other,Telangana,Hyderabad,Gachibowli,971153,23-07-2024,24-07-2024,P485,Curd,Dairy,Dairy,Britannia,4.81,426,374,12,2,748,CASH ON DELIVERY,Returned,40,5,Good,Limited,Delivered
ORD104176,CUST2127,Adya Deep,75,Female,Telangana,pune,Banjara Hills,593807,23-12-2025,24-12-2025,P426,Cleaner,Household Items,Household Items,Lizol,4.09,453,431,5,8,3444,UPI,Returned,77,3,Late delivery,Out of Stock,Cancelled
ORD102674,CUST8590,Zilmil Bath,59,Female,Gujarat,Surat,Adajan,633455,29-09-2025,29-09-2025,P583,Biscuits,Snacks,Snacks,Parle,1.44,607,505,17,2,1009,GPAY,Returned,65,2,Good,Limited,Returned
ORD103130,CUST5538,Aarav Pingle,19,Female,Telangana,Hyderabad,Banjara Hills,104916,24-06-2024,27-06-2024,P334,Milk,Dairy,Dairy, Amul ,2.7,695,443,36,2,886,CASH,Pending,47,5,Excellent,In Stock,Delivered
ORD102186,CUST5564,Bachittar Chakraborty,45,Male,Delhi,New Delhi,Saket,457624,31-05-2024,03-06-2024,P907,Apple,Fruits & Vegetables,Fruits & Vegetables,Kashmir Fresh,2.31,544,399,27,6,2396,GOOGLE PAY,Delivered,23,1,Average,In Stock,Delivered
ORD100763,null,Radha Sarin,76,Female,West Bengal,Unknown,Salt Lake,267966,18-11-2024,19-11-2024,P129,Cake,Bakery,Bakery,Monginis,1.16,406,323,14,1,1488,Unknown,Pending,82,2,Average,Out of Stock,Pending
ORD100335,CUST4206,Darpan Butala,39,Male,West Bengal,Kolkata,Howrah,450792,20-07-2025,21-07-2025,P113,Detergent,Household Items,Household Items, Surf Excel ,4.32,317,229,28,5,1144,CASH ON DELIVERY,Cancelled,68,4,Damaged item,Out of Stock,Cancelled
ORD103540,CUST3748,Siya Sami,64,Other,Maharashtra,Pune,Wakad,605851,04-09-2025,09-08-2025,P680,Namkeen,Snacks,Snacks,Haldiram,4.65,272,197,28,6,1184,UPI,Pending,8,1,Good,Limited,Cancelled
ORD104009,CUST8822,Zinal Sharma,34,Other,Telangana,Hyderabad, Gachibowli ,376888,28-02-2024,03-03-2024,P208,Soap,Personal Care,Personal Care, Dove ,2.77,513,389,24,6,2333,GPAY,Cancelled,45,5,Damaged item,Out of Stock,Pending
ORD103566,CUST2051,Aarush Sidhu,40,Male,Maharashtra,Pune,Hinjewadi,245309,27-06-2025,29-06-2025,P266,Curd,Dairy,Dairy,Britannia,3.26,195,120,38,8,961,GPAY,Returned,54,1,Average,Limited,Delivered
ORD100592,null,Ekalinga Bhavsar,44,Other,Delhi,Unknown,Dwarka,3684,09-05-2024,10-05-2024,P771,Tomato,Fruits & Vegetables,Fruits & Vegetables, Organic India ,0.27,406,323,27,2,1488,Unknown,Pending,90,3,Average,In Stock,Pending
ORD101800,CUST3786,Dakshesh Madan,22,Male,West Bengal,Kolkata,Park Street,346306,02-11-2025,11-03-2025,P704,Namkeen,Snacks,Snacks,Haldiram,2.39,729,728,-3,1,728,CASH ON DELIVERY,Returned,62,1,Excellent,Out of Stock,Delivered
ORD103793,CUST7398,Advaith Luthra,58,Male,Telangana,Hyderabad,Banjara Hills,219980,10-07-2025,07-10-2025,P809,Apple,Fruits & Vegetables,Fruits & Vegetables, Kashmir Fresh ,0.57,641,473,26,1,473,CASH ON DELIVERY,Pending,25,3,Average,Out of Stock,Cancelled
ORD104170,CUST8623,Rachit Pant,55,Male,Delhi,New Delhi,Saket,271043,15-03-2024,17-03-2024,P558,Ice Cream,Frozen Food,Frozen Food,Amul,4.47,726,539,26,1,539,GPAY,Returned,36,4,Average,Out of Stock,Cancelled
ORD103252,CUST2134,Ojas Chaudhuri,60,Female,Maharashtra,Mumbai,Dadar,833171,05-08-2025,05-09-2025,P254,Biscuits,Snacks,Snacks,Parle,3.97,321,240,25,2,481,CASH,Delivered,59,1,Late delivery,Out of Stock,Returned
ORD100369,CUST2743,Ati Tiwari,52,Other,Gujarat,Surat,Adajan,841161,28-11-2024,28-11-2024,P491,Ice Cream,Frozen Food,Frozen Food,Amul,4.73,663,456,31,1,456,GOOGLE PAY,Pending,82,2,Excellent,Out of Stock,Pending
ORD103816,CUST3456,Deepa Keer,59,Other,Maharashtra,Pune,Hinjewadi,923289,15-04-2024,17-04-2024,P854,Toothpaste,Personal Care,Personal Care,Colgate,1.58,596,417,30,7,2921,GPAY,Pending,15,4,Excellent,Limited,Pending
ORD102940,null,Lajita Ratta,65,Male,Gujarat,Unknown,Satellite,970477,17-03-2025,19-03-2025,P234,Juice,Beverages,Beverages,Real,1.1,406,323,22,7,1488,Unknown,Pending,48,3,Average,Out of Stock,Pending
ORD103322,CUST3420,Anika Agrawal,33,Female,Delhi,New Delhi, Rohini ,769480,03-02-2024,03-06-2024,P800,Toothpaste,Personal Care,Personal Care,Colgate,2.55,386,248,36,5,1242,GOOGLE PAY,Pending,51,2,Average,Out of Stock,Delivered
ORD101639,CUST8437,Anvi Kumar,48,Other,Karnataka,Hyderbad,Gokulam,799101,04-10-2025,08-10-2025,P510,Atta,Grocery,Grocery,Aashirvaad,0.88,62,43,30,6,259,UPI,Cancelled,18,2,Late delivery,Out of Stock,Returned
ORD100859,CUST8099, Ansh Bhalla ,63,Female,Tamil Nadu,Coimbatore,RS Puram,660076,23-06-2024,27-06-2024,P441,Rice,Grocery,Grocery,India Gate,3.22,296,220,26,7,1542,Debit Card,Cancelled,45,5,Average,In Stock,Pending
ORD104332,CUST5280,Dominic Balay,26,Female,Karnataka,Mysore,VV Mohalla,805230,25-11-2025,26-11-2025,P390,Tomato,Fruits & Vegetables,Fruits & Vegetables,Organic India,1.23,52,45,14,7,312,Debit Card,Cancelled,32,4,Damaged item,Limited,Delivered
ORD101502,CUST1229,Hemangini Sahota,40,Female,West Bengal,Kolkata,Salt Lake,391567,23-12-2024,23-12-2024,P757,Tomato,Fruits & Vegetables,Fruits & Vegetables,Organic India,4.63,731,518,29,3,1555,CASH ON DELIVERY,Returned,40,5,Average,Out of Stock,Delivered
ORD101671,CUST6466,Anamika Krishnan,19,Female,Gujarat,Ahmedabad,Navrangpura,565087,19-10-2025,21-10-2025,P751,Bread,Bakery,Bakery,Britannia,0.58,362,236,35,4,943,CASH ON DELIVERY,Returned,18,3,Good,Out of Stock,Pending
ORD101175,CUST4360,Hemang Mukherjee,79,Male,Maharashtra,Mumbai,Andheri,315787,27-06-2025,07-01-2025,P634,Cleaner,Household Items,Household Items,Lizol,3.02,731,450,38,8,3600,GPAY,Delivered,22,5,Late delivery,Out of Stock,Returned
ORD101648,CUST7047,Madhavi Nanda,68,Other,West Bengal,Kolkata,Park Street,547510,21-09-2024,21-09-2024,P681,Cake,Bakery,Bakery,Monginis,2.55,409,327,20,3,981,Debit Card,Cancelled,15,4,Good,Limited,Pending
ORD103773,CUST6579,Gavin Sehgal,75,Male,West Bengal,Kolkata,Howrah,310566,14-12-2024,14-12-2024,P704,Ice Cream,Frozen Food,Frozen Food,Amul,2.22,81,79,2,7,551,CASH,Pending,73,5,Good,In Stock,Returned
ORD104099,CUST8841, Krishna Nanda ,76,Male,Telangana,Hyderabad,Banjara Hills,77685,25-01-2024,29-01-2024,P384,Chips,Snacks,Snacks,Lay's,2.5,671,604,10,7,4227,UPI,Cancelled,65,2,Average,Out of Stock,Delivered
ORD102920,CUST6628,Anika Misra,80,Male,Telangana,Hyderabad,Gachibowli,665371,19-09-2024,19-09-2024,P265,Soft Drink,Beverages,Beverages,Coca-Cola,4.57,489,313,36,8,2505,GPAY,Cancelled,65,3,Good,Limited,Delivered
ORD103076,CUST7078,Samar Brahmbhatt,40,Female,Gujarat,Ahmedabad,Satellite,105101,17-09-2024,18-09-2024,P325,Bread,Bakery,Bakery,Britannia,3.9,145,93,36,1,93,GPAY,Cancelled,9,3,Good,Limited,Delivered
ORD102612,CUST2391,Yachana Char,51,Male,Delhi,New Delhi,Rohini,524664,14-07-2025,15-07-2025,P563,Juice,Beverages,Beverages,Real,0.63,746,529,29,5,2647,GOOGLE PAY,Returned,48,3,Average,In Stock,Cancelled
ORD102703,null,Dayita Murty,58,Male,Gujarat,Unknown, Vesu ,686752,30-06-2025,01-07-2025,P511,Paneer,Dairy,Dairy,Mother Dairy,4.51,406,323,14,4,1488,Unknown,Pending,70,5,Average,Limited,Pending
ORD104056,CUST9272,Nirja Wali,66,Other,Telangana,Hyderabad,Madhapur,822601,14-05-2024,16-05-2024,P755,Sugar,Grocery,Grocery, Madhur ,1.7,661,553,16,1,553,GOOGLE PAY,Pending,72,1,Damaged item,Limited,Pending
ORD102618,CUST6989,Andrew Sachar,78,Female,Delhi,New Delhi,Rohini,243884,03-12-2025,15-03-2025,P653,Detergent,Household Items,Household Items,Surf Excel,1.34,238,189,20,8,1514,UPI,Returned,50,4,Good,Out of Stock,Delivered
ORD104133,null,Vrishti Rajan,51,Other,West Bengal,Unknown,Park Street,488438,04-10-2025,14-04-2025,P347,Milk,Dairy,Dairy,Amul,2.71,406,323,27,4,1488,Unknown,Pending,38,3,Average,In Stock,Pending
ORD103851,CUST7028,Maanav Gulati,53,Other,Gujarat,Surat,Adajan,397949,11-05-2024,12-05-2024,P443,Tomato,Fruits & Vegetables,Fruits & Vegetables,Organic India,2.62,587,474,19,6,2842,GPAY,Delivered,12,1,Excellent,In Stock,Returned
ORD104635,CUST6320,Aadhya Dar,46,Female,West Bengal,Kolkata,Howrah,382712,08-03-2024,03-08-2024,P358,Paneer,Dairy,Dairy,Mother Dairy,3.5,693,616,11,3,1848,CASH ON DELIVERY,Pending,63,4,Good,Out of Stock,Pending
ORD104642,CUST2704,Harsh Sha,26,Male,Telangana,Hyderabad,Banjara Hills,943246,05-05-2024,05-07-2024,P427,Tomato,Fruits & Vegetables,Fruits & Vegetables,Organic India,1.69,365,266,27,7,1865,UPI,Pending,35,3,Excellent,Limited,Delivered
ORD100319,CUST1404, Aishani Nagi ,49,Male,Telangana,Hyderabad,Banjara Hills,318476,20-08-2025,20-08-2025,P371,Shampoo,Personal Care,Personal Care,Clinic Plus,3.26,420,308,27,8,2466,GOOGLE PAY,Delivered,56,5,Average,Limited,Delivered
ORD102563,CUST9386,Manya Dani,53,Other,Karnataka,Mysore,VV Mohalla,916333,15-01-2025,18-01-2025,P360,Detergent,Household Items,Household Items,Surf Excel,0.94,240,231,4,1,231,UPI,Cancelled,89,5,Good,Out of Stock,Cancelled
ORD104729,CUST2336,Dominic Kamdar,44,Male,Telangana,Hyderabad, Banjara Hills ,534823,17-12-2025,18-12-2025,P675,Juice,Beverages,Beverages,Real,4,271,192,29,7,1341,Debit Card,Pending,11,2,Good,In Stock,Pending
ORD102765,CUST3089,Guneet Garg,35,Other,West Bengal,Kolkata,Howrah,809065,18-12-2024,20-12-2024,P235,Paneer,Dairy,Dairy,Mother Dairy,3.48,167,139,17,2,278,UPI,Pending,39,2,Good,In Stock,Pending
ORD103462,CUST9670,Shivani Kuruvilla,22,Male,maharashtra,Mumbai,Andheri,870320,23-02-2024,23-02-2024,P344,Curd,Dairy,Dairy,Britannia,3.81,380,345,9,5,1725,UPI,Pending,11,5,Average,Out of Stock,Pending
ORD104179,CUST9253,Hemal Karan,36,Other,Telangana,Hyderabad,Madhapur,231508,28-02-2025,28-02-2025,P243,Cleaner,Household Items,Household Items,Lizol,3.91,437,379,13,3,1136,Debit Card,Delivered,27,2,Excellent,Limited,Delivered
ORD100135,CUST1138,Ekiya Upadhyay,10,Male,Telangana,Hyderabad,Madhapur,555629,08-08-2025,08-09-2025,P924,Milk,Dairy,Dairy,Amul,4.72,525,457,13,4,1829,CASH ON DELIVERY,Cancelled,84,4,Average,Out of Stock,Returned
ORD104324,CUST3778,Chakrika Bora,61,Female,West Bengal,Kolkata,Howrah,882862,28-04-2024,29-04-2024,P663,Curd,Dairy,Dairy,Britannia,2.22,455,352,22,7,2466,GOOGLE PAY,Pending,24,1,Average,In Stock,Pending
ORD101650,CUST8295,Kala Mann,36,Female,Tamil Nadu,Coimbatore,RS Puram,939642,24-09-2025,27-09-2025,P180,Ice Cream,Frozen Food,Frozen Food,Amul,2.25,249,175,30,1,175,UPI,Delivered,8,5,Good,Out of Stock,Pending
ORD103553,CUST8307,Finn Pandya,67,Other,Karnataka,Mysore,Gokulam,836156,08-04-2025,08-04-2025,P354,Rice,Grocery,Grocery,India Gate,3.34,511,349,32,2,699,Debit Card,Pending,79,1,Damaged item,Out of Stock,Cancelled
ORD104026,CUST1427,Vedhika Narayan,30,Female,maharashtra,Surat,Vesu,522602,14-01-2024,14-01-2024,P325,Biscuits,Snacks,Snacks,Parle,1.36,560,548,2,4,2191,GOOGLE PAY,Cancelled,54,3,Average,In Stock,Pending
ORD100355,CUST7597,Ronith Sule,42,Female,Delhi,New Delhi,Dwarka,576037,18-12-2025,22-12-2025,P365,Cleaner,Household Items,Household Items,Lizol,0.15,450,380,16,5,1898,CASH,Pending,76,2,Late delivery,Out of Stock,Cancelled
ORD103204,CUST1283,Isha Sengupta,70,Female,Delhi,New Delhi,Rohini,966496,05-02-2024,02-05-2024,P560,Toothpaste,Personal Care,Personal Care,Colgate,0.58,108,65,-20,5,326,GPAY,Pending,56,2,Average,Out of Stock,Returned
ORD101076,CUST1782,Nandini Bal,34,Female,Maharashtra,Nagpur,Sitabuldi,207065,08-09-2024,12-09-2024,P551,Cleaner,Household Items,Household Items,Lizol,0.73,762,630,17,3,1891,UPI,Cancelled,80,3,Damaged item,Out of Stock,Pending
ORD104383,CUST9874,Ekapad Sahota,52,Male,West Bengal,Kolkata,Howrah,214215,17-12-2025,20-12-2025,P405,Tomato,Fruits & Vegetables,Fruits & Vegetables,Organic India,3.28,49,34,31,4,137,GOOGLE PAY,Delivered,18,2,Good,In Stock,Delivered
ORD104534,CUST1345,Ekani Bumb,47,Other,Tamil Nadu,Chennai,Anna Nagar,258649,24-12-2024,28-12-2024,P650,Biscuits,Snacks,Snacks,Parle,2.56,737,648,12,7,4539,UPI,Cancelled,43,1,Average,In Stock,Pending
ORD102109,CUST2794,Samesh Chauhan,55,Female,Maharashtra,Pune,Wakad,323021,17-02-2025,18-02-2025,P261,Sugar,Grocery,Grocery,Madhur,4.33,572,476,17,1,476,UPI,Delivered,45,4,Good,Limited,Returned
ORD103502,CUST6609,Zashil Shenoy,28,Other,Delhi,New Delhi,Rohini,215760,05-02-2025,05-05-2025,P921,Tomato,Fruits & Vegetables,Fruits & Vegetables,Organic India,4.16,262,230,12,7,1609,UPI,Pending,27,3,Average,Limited,Returned
ORD104946,CUST6310,Unni Varkey,46,Female,Tamil Nadu,Chennai,Velachery,278984,18-11-2025,19-11-2025,P930,Curd,Dairy,Dairy,Britannia,0.95,55,37,32,3,111,GOOGLE PAY,Returned,88,1,Excellent,Limited,Pending
ORD103281,CUST8873,Qasim Bandi,28,Other,Maharashtra,Nagpur,Sitabuldi,740785,18-09-2025,19-09-2025,P471,Paneer,Dairy,Dairy,Mother Dairy,4.35,94,88,6,3,264,GPAY,Delivered,89,5,Average,In Stock,Cancelled
ORD103077,CUST4663,Karan Pant,74,Female,West Bengal,Kolkata,Howrah,544292,07-09-2025,13-07-2025,P833,Namkeen,Snacks,Snacks,Haldiram,3.21,303,261,14,2,522,CASH,Delivered,49,3,Average,Out of Stock,Returned
ORD103574,CUST9392,Hemani Shenoy,24,Other,Gujarat,Surat,Vesu,348707,31-12-2024,02-01-2025,P472,Cleaner,Household Items,Household Items,Lizol,1.92,427,268,37,3,805,UPI,Delivered,36,2,Average,Out of Stock,Returned
ORD101897,CUST5619,Lakshmi Chawla,71,Male,Tamil Nadu,Chennai,T Nagar,643174,17-11-2024,17-11-2024,P478,Soft Drink,Beverages,Beverages,Coca-Cola,4.67,515,336,35,6,2014,CASH ON DELIVERY,Pending,9,3,Average,In Stock,Pending
ORD104745,CUST6102,Deepa Chopra,23,Other,Tamil Nadu,Chennai,Velachery,442301,07-07-2025,08-07-2025,P914,Tomato,Fruits & Vegetables,Fruits & Vegetables,Organic India,3.28,58,38,34,6,231,CASH ON DELIVERY,Cancelled,40,3,Excellent,Out of Stock,Delivered
ORD102962,CUST3384,Yoshita Karan,23,Female,Karnataka,Bangalore,Indiranagar,464812,17-06-2025,19-06-2025,P622,Curd,Dairy,Dairy,Britannia,2.55,714,570,20,1,570,GOOGLE PAY,Delivered,39,5,Good,In Stock,Pending
ORD102663,CUST1915,Nidhi Ramesh,19,Other,Karnataka,Bangalore,Koramangala,171566,19-04-2025,21-04-2025,P470,Apple,Fruits & Vegetables,Fruits & Vegetables,Kashmir Fresh,4.43,375,247,34,1,247,UPI,Cancelled,52,1,Average,In Stock,Returned
ORD103335,CUST4888,Theodore Badal,36,Male,Karnataka,Bangalore,Indiranagar,944438,17-06-2024,21-06-2024,P916,Frozen Peas,Frozen Food,Frozen Food,Safal,1.37,203,127,37,3,380,CASH,Delivered,90,3,Average,Out of Stock,Cancelled
ORD103861,CUST5299,Meera Thakur,67,Female,Telangana,Hyderabad,Gachibowli,264208,14-04-2024,17-04-2024,P971,Bread,Bakery,Bakery,Britannia,2.03,347,278,20,8,2224,GOOGLE PAY,Delivered,58,3,Average,In Stock,Delivered
ORD103070,CUST6826,Chameli Halder,27,Male,Tamil Nadu,Mumbai,Whitefield,966776,03-09-2025,06-09-2025,P771,Detergent,Household Items,Household Items,Surf Excel,4.96,554,375,32,4,1501,GOOGLE PAY,Pending,40,3,Damaged item,In Stock,Delivered
ORD100329,CUST3750,Kiaan Sunder,60,Other,Delhi,New Delhi,Dwarka,552335,12-09-2024,14-09-2024,P525,Frozen Peas,Frozen Food,Frozen Food,Safal,2.61,176,107,39,4,647,Debit Card,Cancelled,20,5,Average,In Stock,Pending
ORD100823,null,Dalbir Deo,75,Other,Delhi,Unknown,Saket,249388,01-06-2024,04-06-2024,P419,Juice,Beverages,Beverages,Real,0.88,406,323,26,3,1488,Unknown,Pending,37,1,Average,Out of Stock,Pending
ORD104448,CUST2341,Champak Pau,78,Other,West Bengal,Kolkata,Salt Lake,106756,02-05-2025,05-05-2025,P798,Sugar,Grocery,Grocery,Madhur,4.55,692,567,18,4,2268,GOOGLE PAY,Delivered,76,5,Late delivery,Out of Stock,Cancelled
ORD100064,CUST2213,Nirja Yadav,49,Female,Maharashtra,Pune, Hinjewadi ,139478,29-07-2025,29-07-2025,P555,Cake,Bakery,Bakery,Monginis,4.99,624,551,12,5,2753,Debit Card,Cancelled,25,3,Average,In Stock,Cancelled
ORD102638,CUST7285,Pallavi Korpal,35,Female,West Bengal,Kolkata,Howrah,23919,02-03-2024,03-02-2024,P268,Rice,Grocery,Grocery,India Gate,2.42,281,177,37,5,885,GOOGLE PAY,Returned,35,2,Average,Limited,Cancelled
ORD100772,CUST3572,Ekbal Chandran,54,Male,Delhi,pune,Saket,39738,04-09-2024,10-04-2024,P281,Cleaner,Household Items,Household Items,Lizol,4.27,585,403,31,4,1612,UPI,Pending,36,3,Average,Out of Stock,Delivered
ORD104484,CUST9972,Tamanna Saxena,46,Other,Maharashtra,Pune, Kothrud ,318403,13-04-2024,16-04-2024,P910,Soap,Personal Care,Personal Care,Dove,0.31,429,322,25,2,644,GOOGLE PAY,Pending,67,2,Late delivery,Limited,Returned
ORD100365,CUST1672,Avi Cherian,58,Other,Telangana,Hyderabad,Banjara Hills,755830,26-08-2025,30-08-2025,P297,Toothpaste,Personal Care,Personal Care,Colgate,3.55,206,146,29,6,877,UPI,Delivered,23,5,Excellent,Out of Stock,Returned
ORD103990,null,Jalsa Mishra,45,Male,West Bengal,Unknown,Howrah,196409,02-03-2025,05-02-2025,P309,Bread,Bakery,Bakery,Britannia,4.96,406,323,14,3,1488,Unknown,Pending,28,5,Average,Out of Stock,Pending
ORD101107,CUST2311,Bhanumati Lad,61,Other,West Bengal,Kolkata,Salt Lake,401632,17-08-2024,19-08-2024,P145,Ice Cream,Frozen Food,Frozen Food,Amul,1.22,755,651,14,6,3905,UPI,Cancelled,37,4,Average,Limited,Returned
ORD100353,CUST9780,Gabriel Om,45,Male,maharashtra,Hyderabad,Banjara Hills,811565,17-07-2025,19-07-2025,P850,Frozen Peas,Frozen Food,Frozen Food,Safal,1.42,318,306,4,5,1528,CASH ON DELIVERY,Pending,26,3,Average,Limited,Pending
ORD100678,CUST1431,Qushi Varkey,83,Male,Karnataka,Bangalore,Whitefield,974962,06-07-2024,07-07-2024,P627,Soap,Personal Care,Personal Care,Dove,2.36,475,458,4,5,2290,CASH,Pending,25,1,Damaged item,In Stock,Pending
ORD103366,CUST4616,Bakhshi Chand,71,Male,Maharashtra,PUNE,Andheri,159065,23-10-2025,24-10-2025,P419,Cleaner,Household Items,Household Items,Lizol,1.59,359,303,16,2,850,Debit Card,Cancelled,73,1,Damaged item,In Stock,Returned
ORD103203,CUST5815,Daksh Taneja,65,Other,Karnataka,Bangalore,Indiranagar,708,01-05-2024,05-04-2024,P143,Apple,Fruits & Vegetables,Fruits & Vegetables,Kashmir Fresh,1.7,575,544,5,5,2719,UPI,Returned,47,3,Average,Limited,Cancelled
ORD102295,CUST9987,Pranav Chad,34,Male,Gujarat,Surat,Vesu,448794,22-06-2025,25-06-2025,P610,Cake,Bakery,Bakery,Monginis,4.72,122,96,22,4,383,CASH ON DELIVERY,Delivered,22,3,Average,Out of Stock,Delivered
ORD100669,CUST4125,Charan Nagar,47,Female,maharashtra,Kolkata,Park Street,914078,13-11-2025,17-11-2025,P434,Milk,Dairy,Dairy,Amul,2.74,120,105,12,6,481,GPAY,Cancelled,43,2,Average,In Stock,Cancelled
ORD104288,CUST2006,Radhika Sani,30,Male,West Bengal,Kolkata,Park Street,265168,28-06-2024,29-06-2024,P684,Soft Drink,Beverages,Beverages,Coca-Cola,0.2,555,555,0,5,2773,CASH ON DELIVERY,Pending,69,1,Excellent,In Stock,Cancelled
ORD102016,CUST8987,Harshil Kamdar,39,Female,Telangana,Hyderabad,Madhapur,566038,14-06-2025,18-06-2025,P311,Namkeen,Snacks,Snacks,Haldiram,0.51,151,97,36,4,389,CASH,Returned,18,5,Late delivery,In Stock,Pending
ORD101955,CUST2671, Patrick Deshpande ,38,Other,Delhi,Hyderbad,Dwarka,289682,27-01-2024,31-01-2024,P764,Atta,Grocery,Grocery,Aashirvaad,4.81,745,463,38,2,926,UPI,Delivered,57,3,Average,Out of Stock,Cancelled
ORD102821,CUST9448,Nicholas Sur,42,Other,Delhi,Hyderbad,Saket,863727,18-11-2025,20-11-2025,P269,Cake,Bakery,Bakery, Monginis ,0.99,266,215,19,8,1720,UPI,Returned,74,3,Average,Out of Stock,Returned
ORD102483,CUST1492,Harrison Jhaveri,53,Other,Telangana,Hyderabad,Banjara Hills,70154,23-09-2024,23-09-2024,P708,Shampoo,Personal Care,Personal Care,Clinic Plus,1.82,759,626,18,3,1877,UPI,Delivered,37,3,Average,Out of Stock,Delivered
ORD100400,CUST9082,Mekhala Bahri,21,Other,Telangana,Hyderabad,Gachibowli,305866,01-03-2025,03-03-2025,P732,Bread,Bakery,Bakery,Britannia,0.6,267,197,26,5,987,UPI,Delivered,66,2,Good,Out of Stock,Returned
ORD103370,CUST6140,Chandresh Suri,78,Male,Gujarat,Ahmedabad,Navrangpura,517736,05-03-2025,08-03-2025,P447,Detergent,Household Items,Household Items,Surf Excel,0.39,118,90,24,6,539,Debit Card,Returned,32,1,Excellent,In Stock,Cancelled
ORD100613,CUST3571,Advay Narula,54,Male,Maharashtra,Pune,Hinjewadi,993047,13-03-2025,15-03-2025,P850,Juice,Beverages,Beverages,Real,0.98,608,500,18,6,2999,Debit Card,Pending,-12,2,Excellent,Out of Stock,Delivered
ORD104177,CUST8498,Saksham Ratta,25,Female,Maharashtra,Pune,Kothrud,504225,13-01-2024,13-01-2024,P174,Milk,Dairy,Dairy,Amul,3.61,31,29,8,1,29,UPI,Pending,61,2,Good,Out of Stock,Pending
ORD103985,CUST8019,Sarthak Kumar,70,Female,Karnataka,Mysore,VV Mohalla,824873,02-05-2024,03-05-2024,P189,Namkeen,Snacks,Snacks,Haldiram,0.3,529,331,38,4,1322,UPI,Delivered,46,4,Late delivery,In Stock,Cancelled
ORD103965,CUST1913,Zilmil Das,40,Male,Gujarat,Ahmedabad,Navrangpura,744941,19-08-2024,21-08-2024,P309,Toothpaste,Personal Care,Personal Care,Colgate,0.38,25,23,8,2,47,Debit Card,Returned,52,3,Average,In Stock,Delivered
ORD104897,CUST5099,Naveen Ben,33,Other,West Bengal,Kolkata,Howrah,979124,20-05-2025,21-05-2025,P560,Soap,Personal Care,Personal Care,Dove,1.1,483,373,23,7,2833,CASH,Delivered,70,1,Late delivery,Limited,Delivered
ORD101817,CUST4402,Wahab Choudhry,69,Female,West Bengal,Hyderbad,Park Street,29340,04-07-2024,06-07-2024,P711,Detergent,Household Items,Household Items,Surf Excel,0.72,269,215,20,6,1291,Debit Card,Returned,42,2,Damaged item,Limited,Delivered
ORD100504,CUST2094,Rishi Malhotra,92,Male,West Bengal,Kolkata,Howrah,780236,30-10-2024,02-11-2024,P247,Paneer,Dairy,Dairy,Mother Dairy,2.46,717,565,21,7,3952,UPI,Pending,86,2,Average,Out of Stock,Returned
ORD100227,CUST8775,Manan Sha,42,Female,Karnataka,Mysore,VV Mohalla,890541,23-02-2024,24-02-2024,P991,Juice,Beverages,Beverages,Real,2.23,331,239,28,8,1908,GOOGLE PAY,Returned,57,3,Excellent,Limited,Delivered
ORD101755,CUST3578, Indira Gola ,33,Other,Telangana,Hyderabad,Madhapur,959866,06-02-2025,02-06-2025,P821,Soap,Personal Care,Personal Care,Dove,2.99,454,321,29,7,2249,GPAY,Returned,77,3,Good,Limited,Delivered
ORD100245,CUST5521,Sudiksha Anand,79,Male,Tamil Nadu,Coimbatore, Peelamedu ,359799,12-10-2025,10-12-2025,P608,Toothpaste,Personal Care,Personal Care,Colgate,0.84,716,560,22,4,2242,UPI,Delivered,29,4,Average,Limited,Pending
ORD101635,CUST1355,Yachana Konda,61,Other,Tamil Nadu,Coimbatore, Peelamedu ,89489,17-05-2025,17-05-2025,P451,Biscuits,Snacks,Snacks,Parle,3.08,795,657,17,7,4596,GOOGLE PAY,Delivered,50,4,Average,In Stock,Cancelled
ORD102817,CUST9783,Orinder Mall,73,Other,Karnataka,Bangalore,Koramangala,120654,17-04-2025,20-04-2025,P293,Banana,Fruits & Vegetables,Fruits & Vegetables,FreshFarm,2.44,108,85,22,4,339,CASH ON DELIVERY,Returned,69,3,Late delivery,Out of Stock,Cancelled
ORD102002,CUST6127,Tristan Tiwari,63,Female,Maharashtra,PUNE,Powai,613056,15-10-2024,16-10-2024,P645,Frozen Peas,Frozen Food,Frozen Food,Safal,1.49,670,597,11,4,2389,GPAY,Cancelled,77,5,Average,Limited,Cancelled
ORD100374,CUST3421,Kalpit Devan,67,Female,Delhi,New Delhi,Rohini,232657,26-05-2025,28-05-2025,P915,Tomato,Fruits & Vegetables,Fruits & Vegetables,Organic India,3.95,652,577,12,5,3162,GPAY,Delivered,48,5,Damaged item,Limited,Cancelled
ORD100119,CUST2010,Aryan Sankaran,68,Male,Tamil Nadu,Chennai,Anna Nagar,764578,27-06-2024,27-06-2024,P943,Soft Drink,Beverages,Beverages,Coca-Cola,2.06,687,565,18,7,3952,CASH ON DELIVERY,Delivered,9,5,Excellent,In Stock,Delivered
ORD100040,CUST5951,Osha Ghose,22,Other,Tamil Nadu,Coimbatore,Peelamedu,76469,20-04-2024,21-04-2024,P243,Ice Cream,Frozen Food,Frozen Food,Amul,0.32,40,38,5,8,302,UPI,Cancelled,67,1,Good,In Stock,Pending
ORD102809,null,Fitan Comar,52,Female,Delhi,Unknown,Dwarka,704607,26-12-2024,30-12-2024,P492,Atta,Grocery,Grocery,Aashirvaad,3.75,406,323,25,4,1488,Unknown,Pending,70,5,Average,Limited,Pending
ORD100663,CUST9502,Krishna Narula,70,Male,Maharashtra,Pune,Kothrud,125208,13-11-2025,17-11-2025,P128,Shampoo,Personal Care,Personal Care,Clinic Plus,4.08,613,591,4,8,4726,Debit Card,Delivered,82,3,Damaged item,Limited,Delivered
ORD104775,CUST5084,Varsha Sarin,78,Female,Gujarat,Surat,Vesu,23327,20-09-2025,22-09-2025,P739,Namkeen,Snacks,Snacks,Haldiram,4.7,472,454,4,8,3629,Debit Card,Delivered,38,3,Excellent,Out of Stock,Returned
ORD100646,CUST5108,Benjamin Nazareth,71,Other,Karnataka,Mysore,Gokulam,9199,11-06-2024,06-12-2024,P233,Detergent,Household Items,Household Items,Surf Excel,1.56,684,629,8,1,629,CASH,Cancelled,84,5,Average,Limited,Delivered
ORD102578,CUST2325,Gavin Chaudhry,64,Other,Gujarat,pune,Satellite,803087,05-01-2025,01-05-2025,P920,Banana,Fruits & Vegetables,Fruits & Vegetables,FreshFarm,1.71,686,603,12,6,3616,Debit Card,Delivered,77,5,Average,In Stock,Returned
ORD101435,CUST3137,Xiti Walia,62,Male,Tamil Nadu,Chennai,Velachery,465943,18-10-2025,22-10-2025,P192,Biscuits,Snacks,Snacks,Parle,3.78,209,186,11,8,1488,UPI,Pending,38,1,Damaged item,In Stock,Returned
ORD103658,CUST8051,Laban Lad,57,Other,Tamil Nadu,Chennai,Anna Nagar,413317,20-04-2025,23-04-2025,P535,Rice,Grocery,Grocery,India Gate,4.81,402,395,2,1,395,UPI,Pending,62,3,Average,Limited,Delivered
ORD102982,null,Darsh Majumdar,43,Male,Karnataka,Unknown,Indiranagar,670210,24-10-2025,26-10-2025,P410,Sugar,Grocery,Grocery,Madhur,3.63,406,323,-6,7,1488,Unknown,Pending,69,3,Average,Out of Stock,Pending
ORD102065,CUST7268,Darika Pillay,51,Other,West Bengal,Kolkata,Howrah,514464,23-04-2025,24-04-2025,P243,Detergent,Household Items,Household Items, Surf Excel ,4.3,353,223,37,7,1489,CASH ON DELIVERY,Pending,16,3,Good,Limited,Delivered
ORD100755,CUST5007,Maya Shankar,43,Other,maharashtra,pune,Adajan,797538,25-09-2024,27-09-2024,P978,Soft Drink,Beverages,Beverages,Coca-Cola,1.37,260,183,30,4,730,CASH,Returned,85,2,Average,Out of Stock,Returned
ORD100554,CUST1877,Isaiah Sandal,54,Female,West Bengal,Kolkata,Salt Lake,177702,01-02-2024,02-05-2024,P295,Banana,Fruits & Vegetables,Fruits & Vegetables,FreshFarm,4.86,689,674,2,1,674,CASH ON DELIVERY,Cancelled,20,3,Damaged item,Limited,Delivered
ORD102342,CUST8092,Harish Barman,38,Female,Delhi,New Delhi,Dwarka,660211,28-05-2024,29-05-2024,P969,Detergent,Household Items,Household Items,Surf Excel,2.08,550,395,28,3,1184,GPAY,Delivered,54,2,Average,Limited,Pending
ORD103792,null,Nisha Roy,58,Other,West Bengal,Unknown,Salt Lake,837254,18-04-2024,18-04-2024,P666,Paneer,Dairy,Dairy,Mother Dairy,1.15,406,323,30,3,1488,Unknown,Pending,21,4,Average,In Stock,Pending
ORD102027,CUST7619,Anthony Karpe,39,Male,Delhi,New Delhi,Saket,690146,12-03-2024,13-03-2024,P332,Cake,Bakery,Bakery,Monginis,4.94,341,256,25,8,2046,UPI,Cancelled,49,2,Average,Limited,Pending
ORD104511,CUST7706,Manya Manne,20,Male,Telangana,Hyderabad,Madhapur,93019,10-08-2024,11-10-2024,P709,Apple,Fruits & Vegetables,Fruits & Vegetables,Kashmir Fresh,3.68,588,570,3,5,2849,Debit Card,Pending,13,1,Late delivery,Limited,Returned
ORD104592,CUST8545,Tanay Balasubramanian,72,Male,Telangana,Hyderabad,Madhapur,854026,22-01-2024,25-01-2024,P193,Sugar,Grocery,Grocery,Madhur,1.64,592,490,-14,2,980,UPI,Pending,69,5,Average,Out of Stock,Returned
ORD100802,CUST2408,Omkaar Om,79,Other,West Bengal,Kolkata,Park Street,115507,07-12-2024,11-12-2024,P940,Curd,Dairy,Dairy,Britannia,1.94,781,774,1,6,4641,CASH,Returned,39,2,Excellent,Out of Stock,Delivered
ORD101387,null,Zaitra Handa,75,Male,Delhi,Unknown,Dwarka,962589,15-08-2024,15-08-2024,P859,Cleaner,Household Items,Household Items,Lizol,1.63,406,323,15,6,1488,Unknown,Pending,24,3,Average,Out of Stock,Pending
ORD102554,CUST3773,Vritti Dasgupta,63,Female,Telangana,Hyderabad,Banjara Hills,361559,18-11-2024,21-11-2024,P613,Detergent,Household Items,Household Items,Surf Excel,2.35,796,695,13,5,3473,Debit Card,Pending,14,5,Average,In Stock,Returned
ORD102871,CUST3533,Kalpit Ganesan,12,Other,Telangana,Hyderabad,Banjara Hills,476741,19-12-2025,21-12-2025,P455,Rice,Grocery,Grocery,India Gate,4.94,363,341,6,8,2724,GOOGLE PAY,Delivered,44,5,Average,Limited,Cancelled
ORD102036,CUST1973,Maanas Muni,53,Female,Karnataka,Bangalore,Indiranagar,357245,10-03-2025,13-03-2025,P150,Namkeen,Snacks,Snacks,Haldiram,0.81,133,115,14,3,346,GOOGLE PAY,Returned,72,1,Average,Out of Stock,Pending
ORD103271,null,Chakrika Madan,62,Other,Delhi,Unknown,Saket,855308,30-03-2024,04-01-2024,P291,Paneer,Dairy,Dairy,Mother Dairy,4.77,406,323,19,5,1488,Unknown,Pending,31,1,Average,In Stock,Pending
ORD104578,CUST4051,Amruta Gole,29,Other,Maharashtra,Nagpur,Dharampeth,802789,11-08-2024,14-08-2024,P499,Tea,Beverages,Beverages,Tata Tea,1.7,576,563,2,1,563,GOOGLE PAY,Pending,53,4,Late delivery,Limited,Cancelled
ORD101818,CUST5485,Aishani Jani,42,Male,Karnataka,pune,Whitefield,808827,11-10-2025,11-10-2025,P796,Cake,Bakery,Bakery,Monginis,2.13,429,270,37,3,934,UPI,Returned,45,2,Average,Out of Stock,Returned
ORD100378,CUST5227,Sachi Char,28,Other,Gujarat,Surat,Vesu,703358,30-03-2025,30-03-2025,P826,Ice Cream,Frozen Food,Frozen Food,Amul,1.21,107,67,38,5,333,UPI,Cancelled,848,5,Damaged item,In Stock,Pending
ORD100793,CUST7694,Chasmum Bajaj,29,Female,West Bengal,PUNE,Howrah,993316,07-10-2025,13-07-2025,P435,Biscuits,Snacks,Snacks,Parle,3.67,28,26,7,4,102,GPAY,Delivered,47,5,Average,In Stock,Cancelled
ORD100605,CUST5177, Nathaniel Mane ,74,Other,Karnataka,Mysore,VV Mohalla,186471,18-12-2024,19-12-2024,P101,Cleaner,Household Items,Household Items,Lizol,4.89,780,596,24,7,4172,GPAY,Pending,61,3,Average,In Stock,Pending
ORD101958,CUST8586,Naksh Rege,52,Other,West Bengal,Kolkata,Salt Lake,670282,23-07-2025,24-07-2025,P519,Cleaner,Household Items,Household Items,Lizol,2.96,681,494,27,7,3459,Debit Card,Pending,70,4,Average,Limited,Delivered
ORD101514,CUST9295,Upadhriti Talwar,55,Female,Karnataka,Bangalore,Indiranagar,271677,02-12-2025,06-12-2025,P520,Chips,Snacks,Snacks,Lay's,1.31,536,494,8,8,3949,Debit Card,Delivered,48,1,Excellent,Limited,Cancelled
ORD100289,CUST5975, Jacob Nagy ,44,Male,Tamil Nadu,PUNE,Peelamedu,763676,31-07-2024,08-02-2024,P148,Namkeen,Snacks,Snacks,Haldiram,5,540,352,35,2,704,GOOGLE PAY,Cancelled,71,3,Late delivery,In Stock,Delivered
ORD101271,CUST6962, Dakshesh Banik ,36,Female,Delhi,New Delhi,Rohini,620971,09-05-2025,09-05-2025,P188,Ice Cream,Frozen Food,Frozen Food,Amul,3.61,329,247,25,2,494,UPI,Cancelled,16,3,Late delivery,In Stock,Cancelled
ORD102614,CUST3156,Yasti Sibal,24,Female,Karnataka,pune,Gokulam,490472,17-09-2025,18-09-2025,P181,Frozen Peas,Frozen Food,Frozen Food,Safal,4.6,656,524,20,5,2618,GOOGLE PAY,Returned,773,5,Late delivery,Out of Stock,Cancelled
ORD103929,CUST4173,Brijesh Vasa,80,Female,Tamil Nadu,Chennai,Velachery,625713,25-09-2025,26-09-2025,P242,Milk,Dairy,Dairy,Amul,4.58,578,460,20,7,3223,UPI,Pending,26,1,Damaged item,Out of Stock,Delivered
ORD104792,CUST4057,Kevin Merchant,43,Male,Tamil Nadu,PUNE, Velachery ,834564,01-10-2024,10-04-2024,P112,Detergent,Household Items,Household Items,Surf Excel,2.25,341,319,6,4,1275,UPI,Pending,38,2,Excellent,Limited,Returned
ORD104782,CUST8917,Anjali Kala,30,Other,Delhi,New Delhi,Rohini,634119,02-11-2025,05-11-2025,P512,Banana,Fruits & Vegetables,Fruits & Vegetables,FreshFarm,3.09,626,547,13,8,4378,CASH ON DELIVERY,Delivered,56,1,Average,In Stock,Returned
ORD104814,CUST4030,Vrinda Varkey,32,Other,Telangana,Hyderabad,Banjara Hills,160384,12-01-2024,13-01-2024,P770,Cake,Bakery,Bakery,Monginis,4.76,597,427,28,3,1282,CASH ON DELIVERY,Cancelled,49,3,Damaged item,Limited,Returned
ORD100297,CUST2934,Oeshi Mannan,63,Other,Delhi,New Delhi,Saket,41968,06-12-2025,09-12-2025,P584,Ice Cream,Frozen Food,Frozen Food,Amul,0.26,663,436,34,7,3051,UPI,Cancelled,75,5,Average,Out of Stock,Delivered
ORD101917,CUST7678,Jeet Bala,55,Other,Karnataka,Mysore,VV Mohalla,780996,29-11-2025,29-11-2025,P737,Juice,Beverages,Beverages,Real,1.46,647,463,28,4,1853,CASH,Cancelled,26,2,Damaged item,Out of Stock,Pending
ORD103877,CUST1091,Shravya Taneja,36,Male,Tamil Nadu,Coimbatore,RS Puram,427252,05-06-2025,08-06-2025,P554,Cleaner,Household Items,Household Items, Lizol ,1.89,764,674,12,2,1348,Debit Card,Cancelled,62,1,Average,Out of Stock,Pending
ORD101319,CUST6353,Hiral Parmer,76,Female,Karnataka,Bangalore, Whitefield ,780904,23-08-2024,26-08-2024,P152,Bread,Bakery,Bakery,Britannia,4.65,62,46,25,5,232,Debit Card,Cancelled,74,5,Damaged item,Limited,Cancelled
ORD104238,CUST8404,Anjali Oza,27,Other,West Bengal,Kolkata,Park Street,512236,24-11-2025,28-11-2025,P684,Ice Cream,Frozen Food,Frozen Food,Amul,0.16,28,25,10,7,178,Debit Card,Pending,81,3,Average,Out of Stock,Delivered
ORD103592,CUST4460,Imaran Narang,62,Other,Maharashtra,PUNE,Dharampeth,938613,17-04-2024,21-04-2024,P316,Biscuits,Snacks,Snacks,Parle,3.77,66,41,38,2,82,GOOGLE PAY,Pending,36,1,Good,Out of Stock,Cancelled
ORD100703,CUST2221,Bhavna Prabhu,65,Female,West Bengal,Kolkata,Salt Lake,802136,18-01-2024,21-01-2024,P147,Milk,Dairy,Dairy,Amul,2.24,734,442,40,7,3092,CASH ON DELIVERY,Returned,64,3,Good,In Stock,Delivered
ORD101634,CUST4220,Tanish More,56,Other,Karnataka,Mysore,Gokulam,871119,13-10-2025,14-10-2025,P157,Detergent,Household Items,Household Items,Surf Excel,4.81,359,341,5,8,2732,CASH,Returned,44,4,Excellent,In Stock,Returned
ORD104948,CUST5892, Varenya Sabharwal ,55,Other,Tamil Nadu,Chennai,Anna Nagar,753770,16-05-2025,17-05-2025,P968,Bread,Bakery,Bakery,Britannia,3.45,536,489,9,5,2447,CASH,Cancelled,82,3,Good,Limited,Returned
ORD104002,CUST6123,Omkaar Bajwa,63,Female,Delhi,New Delhi,Rohini,807441,14-09-2024,14-09-2024,P164,Curd,Dairy,Dairy, Britannia ,4.96,329,282,14,3,845,UPI,Pending,74,3,Excellent,In Stock,Delivered
ORD101549,CUST5391,Manthan Karnik,37,Other,Gujarat,Surat,Vesu,481394,11-01-2024,14-01-2024,P794,Atta,Grocery,Grocery,Aashirvaad,4.83,602,520,14,2,1041,UPI,Pending,57,4,Good,Out of Stock,Pending
ORD102677,null,Chandani Naik,60,Female,Karnataka,Unknown,Koramangala,961569,28-12-2025,28-12-2025,P932,Namkeen,Snacks,Snacks,Haldiram,3.91,406,323,40,5,1488,Unknown,Pending,46,1,Average,Out of Stock,Pending
ORD103884,CUST2644,Daniel Sawhney,65,Female,Tamil Nadu,Coimbatore,Peelamedu,666,14-09-2025,18-09-2025,P472,Bread,Bakery,Bakery,Britannia,4.5,711,431,39,6,2586,CASH,Pending,85,3,Late delivery,In Stock,Delivered
ORD102772,CUST9537,Gauri Bhatnagar,78,Female,Karnataka,PUNE,Koramangala,925995,30-01-2025,02-02-2025,P327,Bread,Bakery,Bakery,Britannia,3.05,115,94,19,4,375,GPAY,Pending,20,3,Average,Limited,Returned
ORD100482,CUST4741,Jyoti Vora,71,Other,Karnataka,Mysore,VV Mohalla,342591,11-10-2024,15-10-2024,P780,Rice,Grocery,Grocery,India Gate,0.26,527,391,26,2,783,CASH ON DELIVERY,Delivered,75,5,Good,Out of Stock,Delivered
ORD103350,null,Isha Shenoy,29,Male,Maharashtra,Unknown,Kothrud,879721,17-06-2025,20-06-2025,P114,Frozen Peas,Frozen Food,Frozen Food,Safal,2.94,406,323,3,3,1488,Unknown,Pending,76,3,Average,Out of Stock,Pending
ORD102879,CUST9530,Pooja Sunder,22,Female,Gujarat,Hyderbad,Satellite,362647,30-10-2025,03-11-2025,P499,Cleaner,Household Items,Household Items,Lizol,0.24,633,464,27,5,2318,Debit Card,Pending,64,3,Damaged item,Limited,Delivered
ORD102267,CUST5750,Vaishnavi Master,64,Female,Telangana,Hyderabad,Gachibowli,502224,10-12-2024,14-12-2024,P778,Shampoo,Personal Care,Personal Care,Clinic Plus,2.98,205,123,40,6,740,UPI,Cancelled,51,2,Average,In Stock,Delivered
ORD104833,CUST9953,Idika Johal,19,Other,Telangana,Hyderabad,Banjara Hills,612417,24-01-2024,24-01-2024,P122,Ice Cream,Frozen Food,Frozen Food,Amul,3.42,218,189,13,7,1325,GPAY,Cancelled,67,5,Good,In Stock,Delivered
ORD104724,CUST3078,Frederick Biswas,42,Other,Maharashtra,Pune,Wakad,948210,10-07-2025,11-10-2025,P517,Tea,Beverages,Beverages,Tata Tea,3.01,307,285,7,8,2276,CASH,Pending,63,2,Good,Limited,Returned
ORD101007,CUST8808,Sudiksha Dugal,26,Female,West Bengal,Kolkata,Salt Lake,313197,18-10-2025,22-10-2025,P544,Namkeen,Snacks,Snacks,Haldiram,1.68,382,318,17,1,318,CASH,Returned,87,3,Good,Limited,Pending
ORD102602,CUST5295,Gautami Bhat,37,Female,West Bengal,Kolkata,Salt Lake,500019,22-04-2025,24-04-2025,P716,Tea,Beverages,Beverages,Tata Tea,0.92,67,52,22,6,314,GPAY,Pending,83,2,Average,Out of Stock,Delivered
ORD102669,CUST8838,Victor Mukhopadhyay,84,Male,Karnataka,pune,Gokulam,424298,26-09-2025,29-09-2025,P439,Frozen Peas,Frozen Food,Frozen Food,Safal,0.41,155,105,32,7,734,CASH,Delivered,52,4,Damaged item,Limited,Pending
ORD100910,CUST7583,Radha Sengupta,79,Female,West Bengal,Kolkata,Park Street,650646,19-05-2025,22-05-2025,P128,Chips,Snacks,Snacks,Lay's,4.64,384,262,32,8,2094,GPAY,Delivered,58,5,Excellent,In Stock,Pending
ORD103461,CUST6831,Amrita Basak,51,Female,Karnataka,Mysore,VV Mohalla,985143,08-03-2024,10-03-2024,P650,Cake,Bakery,Bakery,Monginis,2.03,94,66,30,3,198,UPI,Returned,59,4,Average,Out of Stock,Pending
ORD102685,CUST7567,Rishi Boase,65,Female,Karnataka,Bangalore,Indiranagar,150624,22-11-2025,26-11-2025,P641,Biscuits,Snacks,Snacks,Parle,3.6,207,127,39,5,636,CASH ON DELIVERY,Cancelled,70,4,Good,Limited,Cancelled
ORD104519,CUST7442,Tanveer Shetty,54,Other,Tamil Nadu,Chennai,Anna Nagar,716971,18-05-2024,19-05-2024,P899,Juice,Beverages,Beverages,Real,0.33,105,67,37,7,466,CASH ON DELIVERY,Cancelled,11,2,Excellent,Out of Stock,Cancelled
ORD102049,CUST3453,William Barad,65,Other,West Bengal,Kolkata,Park Street,903038,04-01-2025,05-01-2025,P368,Juice,Beverages,Beverages,Real,3.54,412,255,38,2,510,CASH,Cancelled,20,5,Average,Out of Stock,Cancelled
ORD103780,CUST6245,Tamanna Ratta,37,Male,Gujarat,Surat,Vesu,987318,08-10-2025,12-10-2025,P355,Paneer,Dairy,Dairy,Mother Dairy,4.82,467,411,12,4,1645,GPAY,Pending,75,3,Average,In Stock,Pending
ORD101255,CUST4239,Naveen Pai,46,Other,Delhi,New Delhi,Rohini,959052,09-02-2025,02-09-2025,P465,Cleaner,Household Items,Household Items,Lizol,3.11,182,172,6,8,1375,CASH ON DELIVERY,Cancelled,79,4,Damaged item,In Stock,Delivered
ORD103111,null,Gabriel Sinha,56,Female,Delhi,pune,Saket,567732,20-07-2024,22-07-2024,P125,Bread,Bakery,Bakery,Britannia,0.22,406,323,18,3,1488,Unknown,Pending,29,1,Average,In Stock,Pending
ORD103626,CUST9538,Riya Patla,53,Female,Karnataka,Mysore,Gokulam,764116,19-10-2025,22-10-2025,P487,Juice,Beverages,Beverages,Real,0.53,218,176,19,2,389,Debit Card,Pending,58,5,Excellent,In Stock,Pending
ORD100224,CUST9834,Jeremiah Tripathi,60,Other,Gujarat,Ahmedabad,Navrangpura,440615,21-04-2025,25-04-2025,P154,Cleaner,Household Items,Household Items,Lizol,4.53,428,361,16,2,723,CASH,Delivered,89,4,Average,Out of Stock,Cancelled
ORD101367,CUST9355,Parth Reddy,40,Female,Telangana,Hyderabad,Banjara Hills,116189,25-05-2025,29-05-2025,P682,Detergent,Household Items,Household Items,Surf Excel,0.62,628,559,11,7,3915,CASH,Cancelled,48,3,Damaged item,Limited,Pending
ORD104524,CUST1697,Oliver Lanka,70,Other,West Bengal,Kolkata,Park Street,650416,06-08-2025,07-08-2025,P489,Rice,Grocery,Grocery,India Gate,1.4,575,532,7,5,2661,UPI,Returned,88,3,Average,Out of Stock,Cancelled
ORD103804,CUST4828, Oeshi Upadhyay ,63,Female,Tamil Nadu,Coimbatore,RS Puram,391688,10-09-2025,14-09-2025,P286,Tomato,Fruits & Vegetables,Fruits & Vegetables,Organic India,3.33,172,109,37,7,763,GOOGLE PAY,Returned,73,4,Late delivery,Limited,Delivered
ORD104483,CUST2868, Shaurya Shankar ,35,Other,Tamil Nadu,Coimbatore,Peelamedu,656591,19-08-2025,20-08-2025,P403,Shampoo,Personal Care,Personal Care,Clinic Plus,4.18,31,19,39,4,76,UPI,Cancelled,86,4,Excellent,Out of Stock,Cancelled
ORD101853,CUST1402,Charan Korpal,70,Other,Karnataka,Mysore,VV Mohalla,956104,04-01-2024,05-01-2024,P600,Milk,Dairy,Dairy,Amul,3.55,646,389,40,3,1167,CASH,Cancelled,9,4,Damaged item,In Stock,Delivered
ORD101283,CUST1181,Harinakshi Shenoy,31,Female,Maharashtra,Nagpur, Dharampeth ,120426,07-04-2025,05-07-2025,P759,Cleaner,Household Items,Household Items,Lizol,2.97,453,319,30,8,2556,Debit Card,Returned,33,2,Average,In Stock,Returned
ORD101930,CUST8409,Ekaja Mane,46,Female,Tamil Nadu,Chennai,T Nagar,20154,21-07-2025,24-07-2025,P671,Juice,Beverages,Beverages,Real,1.99,498,312,37,3,935,GOOGLE PAY,Returned,88,1,Average,In Stock,Pending
ORD103368,CUST2985,Devansh Mistry,56,Male,Tamil Nadu,Chennai,T Nagar,450022,01-09-2024,03-09-2024,P441,Shampoo,Personal Care,Personal Care,Clinic Plus,2.66,554,477,14,4,1906,UPI,Returned,81,5,Excellent,Limited,Delivered
ORD102544,CUST5293,Vincent Dhaliwal,41,Other,West Bengal,PUNE,Howrah,102578,03-08-2024,08-05-2024,P502,Ice Cream,Frozen Food,Frozen Food,Amul,0.7,558,379,32,3,1136,Debit Card,Returned,66,4,Average,Out of Stock,Cancelled
ORD100081,CUST1987,Ekaja Srinivasan,40,Male,Karnataka,Mysore,Gokulam,677092,18-04-2025,20-04-2025,P393,Curd,Dairy,Dairy,Britannia,2.1,329,305,7,1,305,Debit Card,Pending,77,3,Average,Out of Stock,Cancelled
ORD102604,CUST8725,Gaurav Khatri,46,Other,Maharashtra,PUNE,Andheri,248590,28-07-2024,28-07-2024,P781,Milk,Dairy,Dairy,Amul,3.57,209,206,1,2,413,CASH ON DELIVERY,Pending,77,2,Good,Limited,Delivered
ORD103236,CUST9841,Shaurya Tara,40,Female,Telangana,Hyderabad,Madhapur,360118,03-10-2025,10-03-2025,P963,Milk,Dairy,Dairy,Amul,1.8,639,595,7,7,4162,UPI,Pending,83,3,Average,In Stock,Returned
ORD104896,CUST9401,Saumya Gandhi,75,Female,Karnataka,Mysore,Gokulam,523860,25-05-2024,26-05-2024,P506,Biscuits,Snacks,Snacks,Parle,4.22,52,47,10,2,94,CASH ON DELIVERY,Cancelled,46,4,Average,Out of Stock,Returned
ORD101673,CUST3051,Thomas Sarraf,38,Female,maharashtra,Hyderabad,Gachibowli,39195,04-04-2025,04-06-2025,P974,Soap,Personal Care,Personal Care,Dove,1.57,777,509,34,7,3566,GOOGLE PAY,Cancelled,51,4,Damaged item,Out of Stock,Pending
ORD104690,CUST7186,Upasna Gala,26,Other,Telangana,Hyderabad,Madhapur,430661,07-10-2025,11-10-2025,P233,Ice Cream,Frozen Food,Frozen Food,Amul,2.56,313,199,36,4,645,GPAY,Cancelled,56,4,Excellent,Out of Stock,Pending
ORD104387,CUST7245,Rushil Sami,80,Other,Telangana,Hyderabad,Banjara Hills,847514,19-07-2025,22-07-2025,P136,Soap,Personal Care,Personal Care,Dove,1.78,440,268,39,5,1342,GPAY,Returned,78,5,Late delivery,Out of Stock,Cancelled
ORD100106,CUST8511,Jai Merchant,38,Other,Gujarat,Surat,Vesu,589513,10-10-2025,10-10-2025,P466,Bread,Bakery,Bakery,Britannia,4.27,422,300,29,7,2102,Debit Card,Returned,19,4,Average,In Stock,Returned
ORD100598,CUST9758,Nandini Mammen,46,Female,Telangana,Hyderabad,Gachibowli,354862,01-04-2024,05-01-2024,P592,Chips,Snacks,Snacks,Lay's,3.37,627,576,8,2,1152,GOOGLE PAY,Delivered,72,1,Excellent,In Stock,Returned
ORD104698,CUST8021,Leena Gill,79,Male,Delhi,New Delhi,Rohini,165447,29-05-2024,02-06-2024,P353,Bread,Bakery,Bakery,Britannia,2.72,712,682,4,8,5305,CASH,Pending,67,5,Damaged item,Out of Stock,Delivered
ORD103722,CUST7719,Edhitha Taneja,39,Other,Gujarat,Surat,Vesu,826001,10-01-2024,02-10-2024,P658,Namkeen,Snacks,Snacks,Haldiram,0.51,88,75,15,6,449,GOOGLE PAY,Cancelled,40,2,Damaged item,Limited,Delivered
ORD102473,CUST4724,Ronith Choudhary,65,Female,Telangana,Hyderabad,Madhapur,452773,16-04-2025,19-04-2025,P795,Detergent,Household Items,Household Items,Surf Excel,2.28,461,411,11,2,822,UPI,Delivered,22,5,Average,Out of Stock,Cancelled
ORD103267,CUST9996,Viraj Uppal,47,Male,Delhi,New Delhi,Rohini,163918,08-09-2024,11-08-2024,P827,Sugar,Grocery,Grocery,Madhur,4.18,646,589,9,2,1177,GPAY,Returned,79,4,Good,Out of Stock,Returned
ORD102249,CUST9197,Vyanjana Sha,80,Other,West Bengal,pune,Park Street,889498,11-04-2024,12-04-2024,P398,Juice,Beverages,Beverages,Real,2.46,711,464,35,6,2786,CASH,Returned,28,4,Damaged item,Limited,Returned
ORD100359,null,Onveer Mukhopadhyay,86,Other,Karnataka,Hyderbad,Koramangala,388835,08-11-2024,12-11-2024,P463,Frozen Peas,Frozen Food,Frozen Food,Safal,0.14,406,323,4,1,1488,Unknown,Pending,8,1,Average,Limited,Pending
ORD102443,CUST2640,Ekalinga Venkataraman,44,Other,Maharashtra,Mumbai,Dadar,704656,23-07-2024,25-07-2024,P424,Cleaner,Household Items,Household Items,Lizol,1.52,456,332,27,1,332,UPI,Pending,66,2,Average,Limited,Cancelled
ORD100169,null,Faqid Shan,34,Male,West Bengal,Unknown,Howrah,151768,17-05-2024,19-05-2024,P484,Tomato,Fruits & Vegetables,Fruits & Vegetables,Organic India,3.31,406,323,4,8,1488,Unknown,Pending,8,3,Average,In Stock,Pending
ORD102090,CUST7349,Nilima Jhaveri,60,Female,West Bengal,Kolkata,Park Street,846904,20-02-2025,22-02-2025,P395,Tea,Beverages,Beverages,Tata Tea,0.53,376,308,18,8,2465,UPI,Delivered,8,3,Good,In Stock,Cancelled
ORD101926,CUST4459,Vasudha Nagy,62,Male,Karnataka,Bangalore,Koramangala,294152,09-11-2025,09-11-2025,P618,Bread,Bakery,Bakery,Britannia,4.73,200,184,8,7,1289,UPI,Cancelled,41,1,Damaged item,Out of Stock,Pending
ORD101223,CUST5463,Isha Mani,66,Female,Gujarat,PUNE,Navrangpura,427058,24-10-2024,24-10-2024,P540,Cleaner,Household Items,Household Items,Lizol,0.24,654,400,39,6,2403,GPAY,Delivered,39,5,Damaged item,Out of Stock,Cancelled
ORD104004,CUST1854,Chakrika Lall,29,Female,Maharashtra,Mumbai,Dadar,513336,24-09-2025,27-09-2025,P821,Bread,Bakery,Bakery,Britannia,3.42,165,157,5,1,157,UPI,Delivered,68,1,Average,In Stock,Cancelled
ORD103020,CUST8439,Lajita Madan,20,Female,maharashtra,Ahmedabad,Satellite,905864,09-01-2025,12-01-2025,P187,Rice,Grocery,Grocery,India Gate,3.23,740,595,20,2,1190,GPAY,Pending,51,3,Average,Out of Stock,Cancelled
ORD102265,CUST2171,Chaman Chacko,24,Other,Maharashtra,Mumbai,Bandra,835880,28-07-2024,29-07-2024,P326,Banana,Fruits & Vegetables,Fruits & Vegetables,FreshFarm,2.32,688,648,6,2,1296,UPI,Cancelled,44,4,Excellent,Limited,Returned
ORD101859,CUST5157,Ethan Gara,51,Female,Delhi,New Delhi,Rohini,59136,05-11-2025,11-07-2025,P873,Curd,Dairy,Dairy, Britannia ,0.21,508,309,39,5,1543,UPI,Cancelled,33,5,Average,Out of Stock,Delivered
ORD101192,CUST9892,Xalak Dutta,42,Other,Gujarat,Surat,Vesu,488626,28-01-2024,28-01-2024,P176,Tomato,Fruits & Vegetables,Fruits & Vegetables,Organic India,3.48,173,138,20,6,826,CASH ON DELIVERY,Returned,58,3,Damaged item,Limited,Cancelled
ORD100549,CUST7760,Yash Mistry,80,Female,Delhi,New Delhi,Saket,862312,06-03-2024,06-03-2024,P510,Biscuits,Snacks,Snacks,Parle,2.77,138,112,19,3,336,CASH,Returned,18,4,Average,In Stock,Delivered
ORD102511,CUST7251,Anita Subramaniam,40,Female,Gujarat,Surat,Adajan,287268,23-07-2025,26-07-2025,P128,Cake,Bakery,Bakery,Monginis,3.48,159,114,29,1,114,Debit Card,Pending,75,4,Good,In Stock,Delivered
ORD103249,CUST1234,Reva Kunda,13,Male,Delhi,New Delhi,Rohini,422009,02-11-2025,11-05-2025,P203,Bread,Bakery,Bakery,Britannia,4.41,620,425,31,1,425,Debit Card,Cancelled,64,5,Good,In Stock,Cancelled
ORD104409,CUST8272,Kashish Wali,41,Female,Karnataka,Bangalore,Whitefield,718464,09-05-2024,06-09-2024,P655,Banana,Fruits & Vegetables,Fruits & Vegetables,FreshFarm,0.52,52,34,35,1,34,UPI,Returned,11,3,Late delivery,Limited,Delivered
ORD100866,CUST9100,Girik Shenoy,53,Other,West Bengal,Kolkata,Howrah,156439,30-09-2025,30-09-2025,P293,Juice,Beverages,Beverages,Real,0.94,706,652,8,5,3262,CASH ON DELIVERY,Pending,19,2,Excellent,Limited,Pending
ORD103805,CUST6070,Gauri Chaudhuri,29,Male,Delhi,New Delhi,Saket,197283,30-08-2024,31-08-2024,P406,Biscuits,Snacks,Snacks,Parle,2.63,31,28,10,2,56,GPAY,Cancelled,45,4,Late delivery,Out of Stock,Pending
ORD103056,CUST9091,Hamsini Arya,18,Other,Gujarat,Ahmedabad,Satellite,140470,22-01-2025,25-01-2025,P893,Toothpaste,Personal Care,Personal Care,Colgate,1.18,606,446,26,4,1784,UPI,Pending,43,5,Average,In Stock,Returned
ORD100341,CUST3275,Ethan Verma,47,Male,Telangana,Hyderabad,Banjara Hills,450992,09-02-2024,04-09-2024,P989,Soap,Personal Care,Personal Care,Dove,2.7,315,196,38,7,1374,CASH ON DELIVERY,Pending,59,4,Average,Limited,Returned
ORD101143,CUST3082, Anay Tank ,72,Female,Gujarat,Surat,Adajan,664994,06-12-2025,13-06-2025,P400,Juice,Beverages,Beverages,Real,3.88,283,216,23,1,216,GPAY,Delivered,82,5,Damaged item,In Stock,Returned
ORD103733,CUST8111, Praneel Goel ,70,Other,Tamil Nadu,Coimbatore,RS Puram,976427,15-05-2025,18-05-2025,P424,Namkeen,Snacks,Snacks, Haldiram ,3.73,519,409,21,1,482,GOOGLE PAY,Returned,9,3,Good,Out of Stock,Returned
ORD102243,CUST4805,Gautami Modi,21,Female,Gujarat,Surat,Vesu,983230,07-12-2024,14-07-2024,P646,Paneer,Dairy,Dairy,Mother Dairy,4.78,736,539,27,7,3776,Debit Card,Returned,76,4,Average,Out of Stock,Returned
ORD103964,CUST2373,Meera Loyal,31,Other,Karnataka,Bangalore, Whitefield ,187256,30-09-2024,04-10-2024,P575,Frozen Peas,Frozen Food,Frozen Food, Safal ,1.04,640,389,39,1,389,UPI,Pending,60,2,Good,Limited,Returned
ORD100290,CUST3476,Madhav Amble,67,Other,West Bengal,Kolkata,Howrah,902508,24-09-2025,25-09-2025,P785,Frozen Peas,Frozen Food,Frozen Food,Safal,0.61,458,364,21,2,728,UPI,Returned,42,1,Good,Limited,Delivered
ORD104211,CUST7402,Eiravati Dora,21,Male,Karnataka,Bangalore,Koramangala,140075,14-12-2024,14-12-2024,P383,Ice Cream,Frozen Food,Frozen Food,Amul,2.67,94,72,24,7,505,UPI,Delivered,38,2,Damaged item,Limited,Delivered
ORD104203,CUST3991,Zehaan Ray,87,Male,maharashtra,New Delhi,Rohini,967110,11-11-2025,12-11-2025,P850,Cleaner,Household Items,Household Items,Lizol,4.65,104,79,25,6,472,GOOGLE PAY,Cancelled,41,3,Good,Limited,Delivered
ORD103940,CUST4754,Yagnesh Bhandari,59,Female,Maharashtra,Nagpur,Dharampeth,482510,26-05-2024,28-05-2024,P503,Curd,Dairy,Dairy,Britannia,4.04,56,34,40,6,204,Debit Card,Pending,74,2,Damaged item,Limited,Delivered
ORD103213,CUST1348, Widisha Loyal ,66,Male,Delhi,pune,Dwarka,704249,02-05-2024,05-05-2024,P442,Banana,Fruits & Vegetables,Fruits & Vegetables,FreshFarm,3.08,201,178,11,3,535,GOOGLE PAY,Delivered,12,3,Average,Out of Stock,Cancelled
ORD102076,null,Brijesh Trivedi,24,Female,West Bengal,Unknown,Howrah,476285,20-05-2025,24-05-2025,P279,Cleaner,Household Items,Household Items,Lizol,3.56,406,323,2,1,1488,Unknown,Pending,62,3,Average,Out of Stock,Pending
ORD103107,CUST4142,Victor Bajaj,19,Female,Maharashtra,Nagpur,Sitabuldi,794309,02-09-2024,09-02-2024,P317,Soap,Personal Care,Personal Care,Dove,1.42,697,468,33,3,1404,GPAY,Returned,83,4,Average,Limited,Returned
ORD102922,CUST8659,Leena Sundaram,39,Male,Delhi,New Delhi,Dwarka,878600,30-08-2025,30-08-2025,P713,Cake,Bakery,Bakery,Monginis,3.21,384,235,39,2,469,GPAY,Pending,33,3,Average,Limited,Returned
ORD100600,CUST6549,Janaki Shankar,54,Female,West Bengal,pune, Park Street ,607616,21-05-2025,25-05-2025,P422,Sugar,Grocery,Grocery,Madhur,4.32,322,276,14,8,2239,UPI,Pending,55,5,Average,Limited,Delivered
ORD103817,CUST2917,Balhaar Mangat,53,Other,Gujarat,Surat,Adajan,826222,03-02-2025,02-04-2025,P151,Toothpaste,Personal Care,Personal Care,Colgate,2.86,206,134,35,2,267,CASH,Returned,69,5,Average,Out of Stock,Cancelled
ORD102622,CUST8196,Warinder Sarma,43,Male,Maharashtra,Nagpur,Dharampeth,692601,08-03-2025,03-12-2025,P481,Frozen Peas,Frozen Food,Frozen Food, Safal ,0.28,441,311,29,4,1246,UPI,Pending,8,1,Damaged item,In Stock,Cancelled
ORD101331,CUST7237,Pahal Bobal,71,Other,Maharashtra,Pune,Baner,894662,27-11-2025,28-11-2025,P487,Namkeen,Snacks,Snacks,Haldiram,3.07,738,628,15,4,2512,GOOGLE PAY,Delivered,55,5,Good,Out of Stock,Pending
ORD100393,CUST5267,Anay Rai,64,Other,Maharashtra,Nagpur,Dharampeth,611319,13-05-2024,16-05-2024,P184,Frozen Peas,Frozen Food,Frozen Food,Safal,4.68,166,143,14,6,855,CASH ON DELIVERY,Delivered,56,5,Average,In Stock,Delivered
ORD104685,CUST4913,Oviya Deshpande,73,Female,Telangana,Hyderabad,Gachibowli,491192,31-12-2024,01-01-2025,P314,Curd,Dairy,Dairy,Britannia,3.7,491,321,35,7,2248,CASH ON DELIVERY,Delivered,49,5,Average,Out of Stock,Cancelled
ORD100765,CUST1657,Aashi Barad,22,Other,Telangana,Hyderabad,Madhapur,520460,07-08-2025,09-07-2025,P494,Toothpaste,Personal Care,Personal Care,Colgate,2.03,140,122,13,8,977,CASH,Cancelled,48,3,Average,Limited,Pending
ORD102679,CUST2303,Eta Garde,69,Male,Maharashtra,Mumbai,Bandra,484276,17-07-2024,20-07-2024,P126,Chips,Snacks,Snacks,Lay's,2.43,521,517,1,3,1552,GPAY,Returned,80,5,Average,Out of Stock,Returned
ORD104602,CUST5566,Bhanumati Sodhi,54,Female,Telangana,Hyderabad,Madhapur,746639,26-11-2025,28-11-2025,P318,Tea,Beverages,Beverages,Tata Tea,2.04,754,710,6,8,5684,GPAY,Cancelled,56,3,Good,In Stock,Cancelled
ORD100688,CUST1959,Sudiksha Maharaj,64,Other,Telangana,Hyderabad,Banjara Hills,590653,02-04-2024,04-04-2024,P352,Tea,Beverages,Beverages,Tata Tea,3.52,479,475,1,6,2712,GPAY,Delivered,31,1,Good,Out of Stock,Delivered
ORD104777,CUST6441,Balveer Puri,21,Female,Karnataka,Bangalore,Whitefield,684755,11-12-2025,15-12-2025,P352,Tea,Beverages,Beverages,Tata Tea,3.04,256,192,25,5,958,UPI,Returned,73,3,Damaged item,Out of Stock,Cancelled
ORD102157,CUST3412,Nisha Maharaj,27,Female,Telangana,Hyderabad,Madhapur,970313,05-04-2024,06-04-2024,P760,Milk,Dairy,Dairy,Amul,2.3,105,91,14,3,272,GPAY,Cancelled,70,4,Good,Limited,Cancelled
ORD101402,CUST9670,Owen Sankar,57,Male,Delhi,New Delhi,Saket,429511,22-03-2025,24-03-2025,P613,Namkeen,Snacks,Snacks,Haldiram,2.49,707,686,3,6,4116,UPI,Returned,71,3,Average,Out of Stock,Pending
ORD102828,CUST6876,Udyati Devan,34,Other,Tamil Nadu,PUNE,RS Puram,681263,19-01-2025,19-01-2025,P885,Toothpaste,Personal Care,Personal Care,Colgate,3.41,769,506,34,8,4052,GPAY,Pending,56,3,Excellent,Out of Stock,Delivered
ORD103351,CUST6019,Dakshesh Bansal,74,Female,Tamil Nadu,Coimbatore,RS Puram,423730,14-03-2024,15-03-2024,P611,Soft Drink,Beverages,Beverages,Coca-Cola,4.2,217,140,36,3,419,UPI,Cancelled,62,3,Good,In Stock,Returned
ORD102160,CUST6211,Saanvi Bora,19,Male,Delhi,New Delhi,Rohini,976362,11-10-2025,12-11-2025,P637,Cake,Bakery,Bakery,Monginis,0.75,403,319,21,8,2554,CASH ON DELIVERY,Pending,67,2,Average,In Stock,Pending
ORD103413,CUST1090,Gagan Tandon,41,Other,Karnataka,Bangalore,Whitefield,573961,21-08-2024,23-08-2024,P595,Biscuits,Snacks,Snacks,Parle,0.28,67,62,8,2,124,Debit Card,Delivered,88,4,Average,Out of Stock,Cancelled
ORD103434,CUST7387,Abeer Peri,18,Male,Gujarat,Surat,Vesu,448219,19-02-2024,23-02-2024,P921,Bread,Bakery,Bakery,Britannia,3.66,211,158,25,2,316,CASH,Pending,60,5,Good,Out of Stock,Cancelled
ORD100204,CUST1245,Elijah Chakraborty,30,Female,Karnataka,Hyderbad,Indiranagar,668593,03-05-2025,04-05-2025,P860,Apple,Fruits & Vegetables,Fruits & Vegetables,Kashmir Fresh,3.39,575,431,25,8,3450,UPI,Pending,60,2,Damaged item,Limited,Returned
ORD102348,CUST9964,Shravya Shenoy,19,Male,West Bengal,Kolkata,Howrah,5517,30-08-2024,31-08-2024,P231,Tomato,Fruits & Vegetables,Fruits & Vegetables,Organic India,1.19,754,627,17,6,3897,Debit Card,Returned,81,1,Excellent,Out of Stock,Delivered
ORD102720,null,Utkarsh Subramanian,30,Male,Tamil Nadu,Unknown,RS Puram,302704,17-02-2025,19-02-2025,P413,Tea,Beverages,Beverages,Tata Tea,0.34,406,323,32,1,1488,Unknown,Pending,42,5,Average,Limited,Pending
ORD103975,CUST7501,Yauvani Narang,62,Male,Delhi,New Delhi,Dwarka,827613,02-09-2025,09-02-2025,P656,Ice Cream,Frozen Food,Frozen Food,Amul,4.81,452,290,36,3,871,CASH ON DELIVERY,Returned,80,2,Average,In Stock,Pending
ORD104394,CUST6380,Januja Toor,69,Female,Delhi,New Delhi,Dwarka,185293,24-06-2024,25-06-2024,P736,Namkeen,Snacks,Snacks,Haldiram,1.13,491,392,20,1,392,GPAY,Returned,70,2,Average,Out of Stock,Cancelled
ORD100699,CUST1998,Wakeeta Gala,55,Female,Karnataka,Hyderbad,Whitefield,446991,29-05-2025,02-06-2025,P692,Cleaner,Household Items,Household Items,Lizol,3.55,702,628,11,5,3138,Debit Card,Returned,27,3,Average,Out of Stock,Pending
ORD103705,null,Lakshit Dani,73,Female,Tamil Nadu,Unknown,Peelamedu,646178,11-08-2025,15-08-2025,P363,Milk,Dairy,Dairy,Amul,2.67,406,323,20,8,1488,Unknown,Pending,24,3,Average,Limited,Pending
ORD100886,CUST1553,Aarnav Chaudhari,68,Female,Maharashtra,PUNE, Kothrud ,832563,31-10-2024,31-10-2024,P172,Tomato,Fruits & Vegetables,Fruits & Vegetables,Organic India,1.17,745,491,34,8,3928,UPI,Delivered,37,5,Average,Limited,Returned
ORD101873,CUST6588,Nihal Arya,67,Female,Delhi,New Delhi,Saket,705954,19-11-2024,20-11-2024,P589,Chips,Snacks,Snacks,Lay's,4.18,785,479,39,1,479,Debit Card,Delivered,40,3,Excellent,Limited,Pending
ORD101722,CUST3454,Sathvik Aurora,21,Female,Tamil Nadu,Chennai,Velachery,224573,06-01-2025,06-01-2025,P416,Rice,Grocery,Grocery, India Gate ,0.56,98,68,31,6,407,Debit Card,Pending,83,5,Average,Limited,Returned
ORD101479,CUST9700,Simon Master,60,Female,West Bengal,Kolkata,Howrah,791114,16-08-2025,18-08-2025,P548,Milk,Dairy,Dairy,Amul,0.77,140,110,22,2,220,CASH ON DELIVERY,Pending,12,2,Average,Limited,Pending
ORD102555,CUST6281,Chaitanya Bera,17,Male,Delhi,New Delhi,Rohini,39094,03-12-2025,05-12-2025,P884,Soft Drink,Beverages,Beverages,Coca-Cola,1.46,634,518,18,6,3107,GOOGLE PAY,Returned,23,5,Late delivery,Out of Stock,Cancelled
ORD102901,CUST4838,Triveni Bahri,40,Male,Gujarat,Surat,Adajan,868933,04-01-2025,01-07-2025,P485,Banana,Fruits & Vegetables,Fruits & Vegetables,FreshFarm,4.33,692,530,24,8,4238,CASH,Delivered,59,1,Average,Limited,Pending
ORD103128,CUST3046,Tanvi Sur,79,Female,West Bengal,Kolkata,Salt Lake,511137,09-04-2024,05-09-2024,P685,Biscuits,Snacks,Snacks,Parle,4.98,422,353,16,7,2470,Debit Card,Delivered,73,2,Good,Limited,Delivered
ORD101951,CUST7511,Kavya Sundaram,64,Female,Telangana,Hyderabad,Madhapur,280427,03-01-2024,01-05-2024,P743,Ice Cream,Frozen Food,Frozen Food,Amul,2.01,351,264,25,3,792,CASH,Pending,46,3,Good,Limited,Cancelled
ORD101337,CUST3141,Triveni Rout,41,Other,Telangana,Hyderabad,Gachibowli,814891,18-04-2024,21-04-2024,P844,Cake,Bakery,Bakery,Monginis,2.53,603,574,5,8,4589,CASH,Returned,78,4,Damaged item,Limited,Pending
ORD104485,CUST5787,Nidhi Sarin,64,Male,Gujarat,Ahmedabad,Navrangpura,497312,27-02-2024,02-03-2024,P495,Tea,Beverages,Beverages,Tata Tea,4.09,30,23,24,2,45,Debit Card,Delivered,-9,5,Damaged item,Limited,Pending
ORD101611,CUST3091,Garima Kaur,24,Other,Telangana,Hyderabad,Madhapur,840245,29-10-2024,30-10-2024,P345,Atta,Grocery,Grocery,Aashirvaad,1.67,184,154,17,8,1231,UPI,Delivered,17,3,Late delivery,In Stock,Delivered
ORD101480,CUST5837,Isha Devi,30,Female,Delhi,New Delhi,Dwarka,911790,14-08-2025,18-08-2025,P484,Chips,Snacks,Snacks,Lay's,1.87,329,260,21,7,1820,GPAY,Delivered,36,3,Good,Limited,Delivered
ORD102577,CUST6981,Urvashi Tailor,80,Female,maharashtra,Hyderabad,Madhapur,627695,25-02-2024,26-02-2024,P619,Ice Cream,Frozen Food,Frozen Food, Amul ,4.41,778,603,22,8,4827,CASH ON DELIVERY,Pending,55,3,Damaged item,Limited,Cancelled
ORD103760,CUST1129,Kiaan Barad,19,Male,Gujarat,Ahmedabad,Navrangpura,44868,17-08-2024,20-08-2024,P355,Ice Cream,Frozen Food,Frozen Food,Amul,3.39,63,56,10,6,338,GPAY,Pending,85,2,Average,In Stock,Pending
ORD104168,CUST6882,Ridhi Balakrishnan,69,Female,Karnataka,Bangalore,Koramangala,955316,30-07-2024,08-01-2024,P776,Sugar,Grocery,Grocery,Madhur,2.45,340,249,27,3,748,GOOGLE PAY,Pending,-5,1,Damaged item,Limited,Cancelled
ORD100012,null,Sathvik Sule,46,Male,Delhi,Unknown,Rohini,171353,11-10-2025,14-10-2025,P252,Milk,Dairy,Dairy,Amul,2.77,406,323,27,5,1488,Unknown,Pending,62,5,Average,Out of Stock,Pending
ORD102579,CUST2739,Jackson Mody,43,Male,Karnataka,Bangalore,Koramangala,525682,14-06-2025,16-06-2025,P364,Atta,Grocery,Grocery,Aashirvaad,4.53,413,324,21,1,324,CASH ON DELIVERY,Delivered,30,3,Good,Out of Stock,Cancelled
ORD103928,CUST3865, Gautam Kadakia ,39,Female,Delhi,New Delhi,Saket,305421,21-04-2024,25-04-2024,P806,Tea,Beverages,Beverages,Tata Tea,3.02,125,100,20,3,300,GOOGLE PAY,Delivered,12,3,Average,In Stock,Returned
ORD101904,CUST6046,Patrick Divan,45,Male,Tamil Nadu,Chennai,Velachery,690146,01-09-2025,11-01-2025,P321,Paneer,Dairy,Dairy,Mother Dairy,2.25,275,257,6,3,771,UPI,Pending,59,1,Late delivery,In Stock,Delivered
ORD104567,CUST6107,Damini Natt,77,Male,Gujarat,Ahmedabad,Satellite,464720,01-08-2025,08-05-2025,P674,Tomato,Fruits & Vegetables,Fruits & Vegetables,Organic India,3.19,95,70,26,6,422,GOOGLE PAY,Delivered,69,3,Average,Out of Stock,Cancelled
ORD102176,CUST5042,Aarnav Chaudhary,40,Other,Telangana,Hyderabad,Madhapur,673600,04-01-2024,06-01-2024,P406,Juice,Beverages,Beverages,Real,4.2,477,414,13,8,3311,CASH ON DELIVERY,Pending,82,3,Excellent,In Stock,Cancelled
ORD101552,null,Zayan Peri,41,Female,Delhi,Unknown,Rohini,726897,05-10-2025,06-10-2025,P810,Biscuits,Snacks,Snacks,Parle,2.98,406,323,18,6,1488,Unknown,Pending,83,5,Average,Out of Stock,Pending
ORD103311,CUST3710,Adya Bose,54,Male,Maharashtra,Mumbai,Dadar,515066,29-11-2025,03-12-2025,P495,Cake,Bakery,Bakery,Monginis,4.32,415,340,18,1,340,UPI,Returned,65,5,Good,Out of Stock,Returned
ORD103177,CUST8047,Gaurika Chander,55,Other,Telangana,Hyderabad,Gachibowli,58846,15-04-2025,16-04-2025,P378,Paneer,Dairy,Dairy,Mother Dairy,1.07,548,357,35,6,2144,CASH ON DELIVERY,Pending,89,1,Late delivery,Out of Stock,Pending
ORD100851,CUST7121,Ekansh Om,49,Male,Maharashtra,Pune, Wakad ,75572,08-02-2025,02-10-2025,P100,Ice Cream,Frozen Food,Frozen Food,Amul,2.58,374,249,33,3,747,CASH,Returned,88,1,Damaged item,Limited,Returned
ORD100792,null,Tripti Sarkar,31,Male,Gujarat,Unknown,Adajan,971727,09-09-2025,09-10-2025,P715,Soft Drink,Beverages,Beverages,Coca-Cola,4.9,406,323,20,1,1488,Unknown,Pending,16,4,Average,Limited,Pending
ORD101183,CUST3623,Dhriti Sankaran,48,Male,Maharashtra,Mumbai,Andheri,380039,16-03-2024,17-03-2024,P355,Cake,Bakery,Bakery,Monginis,4.64,780,551,29,7,3856,CASH,Delivered,22,2,Damaged item,Limited,Delivered
ORD102924,CUST8720,Devika Chaudhary,63,Female,West Bengal,Kolkata,Park Street,857578,28-01-2024,31-01-2024,P876,Sugar,Grocery,Grocery,Madhur,1.97,277,197,29,4,789,GOOGLE PAY,Pending,89,3,Average,In Stock,Pending
ORD104739,null,Bachittar Bir,41,Male,Gujarat,Unknown,Adajan,811704,10-03-2025,10-03-2025,P893,Chips,Snacks,Snacks,Lay's,1.66,406,323,6,7,1488,Unknown,Pending,81,1,Average,Limited,Pending
ORD101388,CUST9559,Anika Bahri,23,Other,Delhi,New Delhi,Saket,137795,11-07-2025,11-07-2025,P284,Biscuits,Snacks,Snacks,Parle,1.3,494,390,21,1,390,CASH ON DELIVERY,Cancelled,23,4,Average,In Stock,Pending
ORD100906,CUST4963,Girish Goswami,56,Male,Maharashtra,Pune,Hinjewadi,262406,31-03-2024,04-04-2024,P806,Cake,Bakery,Bakery,Monginis,3.56,211,127,40,5,634,CASH ON DELIVERY,Returned,70,3,Late delivery,In Stock,Returned
ORD103913,CUST1109,Ranveer Banerjee,32,Female,Telangana,Hyderabad,Banjara Hills,410338,07-01-2024,01-11-2024,P739,Banana,Fruits & Vegetables,Fruits & Vegetables,FreshFarm,3.01,197,154,22,3,461,UPI,Returned,73,1,Damaged item,Out of Stock,Delivered
ORD100568,CUST1703,Nilima Sule,44,Female,West Bengal,Kolkata,Howrah,846844,02-08-2025,03-08-2025,P297,Detergent,Household Items,Household Items,Surf Excel,3.39,509,390,23,4,1558,GOOGLE PAY,Returned,63,5,Average,In Stock,Pending
ORD104892,null,Girik Kalla,42,Male,Delhi,Unknown,Rohini,675991,16-03-2025,19-03-2025,P478,Tomato,Fruits & Vegetables,Fruits & Vegetables,Organic India,4.7,406,323,34,4,1488,Unknown,Pending,52,4,Average,Limited,Pending
ORD103966,CUST7444,Alka Savant,66,Male,Maharashtra,Pune,Hinjewadi,261340,18-11-2025,21-11-2025,P878,Milk,Dairy,Dairy,Amul,3.42,209,181,14,8,1445,GPAY,Cancelled,47,3,Excellent,In Stock,Delivered
ORD102490,CUST7650,Lopa Chatterjee,71,Female,Maharashtra,Mumbai,Dadar,371910,01-11-2025,03-11-2025,P947,Curd,Dairy,Dairy,Britannia,4.56,564,396,30,5,1979,UPI,Cancelled,52,1,Good,Limited,Cancelled
ORD103178,CUST4104,Anjali Chowdhury,40,Female,West Bengal,pune,Salt Lake,166435,10-05-2025,11-05-2025,P216,Apple,Fruits & Vegetables,Fruits & Vegetables,Kashmir Fresh,1.88,232,231,0,8,1851,GPAY,Cancelled,16,3,Excellent,Limited,Delivered
ORD102785,CUST9885,Diya Palla,28,Male,Delhi,New Delhi,Dwarka,964517,18-04-2024,22-04-2024,P592,Cleaner,Household Items,Household Items,Lizol,2.14,225,160,29,5,802,CASH,Cancelled,16,5,Average,In Stock,Pending
ORD103336,CUST8925,Sudiksha Sampath,40,Female,Tamil Nadu,Mumbai,Peelamedu,722301,25-01-2025,28-01-2025,P314,Detergent,Household Items,Household Items,Surf Excel,2.72,315,196,38,7,1370,CASH ON DELIVERY,Pending,11,2,Average,Limited,Cancelled
ORD103072,CUST1889,Yasti Lall,29,Male,Tamil Nadu,Mumbai,Wakad,883387,15-05-2025,15-05-2025,P323,Paneer,Dairy,Dairy,Mother Dairy,2.98,397,338,15,3,1015,Debit Card,Delivered,15,1,Average,In Stock,Delivered
ORD102269,CUST5362,Kamya Sagar,78,Female,Delhi,New Delhi,Rohini,782983,21-12-2024,23-12-2024,P190,Juice,Beverages,Beverages,Real,0.19,754,608,19,7,4259,Debit Card,Returned,49,2,Average,Limited,Pending
ORD101893,null,Alka Bora,37,Other,Delhi,PUNE,Saket,901573,29-09-2025,02-10-2025,P680,Shampoo,Personal Care,Personal Care,Clinic Plus,2.72,406,323,27,5,1488,Unknown,Pending,75,2,Average,In Stock,Pending
ORD103281,CUST8873,Qasim Bandi,28,Other,Maharashtra,Nagpur,Sitabuldi,740785,18-09-2025,19-09-2025,P471,Paneer,Dairy,Dairy,Mother Dairy,4.35,94,88,6,3,264,GPAY,Delivered,89,5,Average,In Stock,Cancelled
ORD103757,CUST9684,Anay Basak,62,Female,Maharashtra,Mumbai,Powai,248380,11-05-2025,12-05-2025,P276,Banana,Fruits & Vegetables,Fruits & Vegetables,FreshFarm,1.14,244,182,25,4,728,UPI,Pending,35,5,Late delivery,Limited,Returned
ORD104508,CUST6030,Upasna Sani,29,Female,Karnataka,Mysore,Gokulam,18551,15-08-2024,15-08-2024,P757,Paneer,Dairy,Dairy,Mother Dairy,0.77,217,211,3,5,1055,GOOGLE PAY,Returned,82,3,Average,In Stock,Delivered
ORD100488,CUST6273,Yashoda Thakkar,36,Female,West Bengal,Kolkata,Salt Lake,876590,22-02-2025,24-02-2025,P671,Frozen Peas,Frozen Food,Frozen Food,Safal,2.84,780,708,-7,3,2123,UPI,Pending,11,5,Damaged item,Out of Stock,Delivered
ORD100257,CUST4962,Siddharth Subramaniam,28,Other,Delhi,New Delhi,Saket,284764,17-11-2025,19-11-2025,P201,Rice,Grocery,Grocery,India Gate,4.12,91,85,6,1,85,Debit Card,Delivered,86,2,Average,In Stock,Cancelled
ORD100744,CUST3996,Jonathan Dixit,53,Other,Maharashtra,Pune,Kothrud,360504,08-06-2024,11-06-2024,P782,Bread,Bakery,Bakery,Britannia,3.99,296,278,6,2,556,CASH ON DELIVERY,Returned,88,3,Average,Out of Stock,Returned
ORD100432,CUST5638,Henry Bhat,44,Male,Delhi,New Delhi,Rohini,620537,03-06-2025,06-06-2025,P721,Banana,Fruits & Vegetables,Fruits & Vegetables,FreshFarm,3.96,419,291,31,2,582,GOOGLE PAY,Returned,62,3,Damaged item,Out of Stock,Delivered
ORD100687,null,Sathvik Bhasin,76,Other,Tamil Nadu,Unknown,T Nagar,643130,29-03-2025,31-03-2025,P779,Juice,Beverages,Beverages,Real,2.74,406,323,0,7,1488,Unknown,Pending,56,5,Average,Limited,Pending
ORD104426,CUST5773,Vinaya Chowdhury,71,Female,Tamil Nadu,Chennai,T Nagar,460200,18-02-2024,22-02-2024,P483,Curd,Dairy,Dairy,Britannia,1.67,799,499,38,5,2495,CASH ON DELIVERY,Pending,68,3,Good,In Stock,Pending
ORD103719,CUST6035, Anusha Sood ,76,Female,West Bengal,Kolkata,Salt Lake,591552,15-06-2024,18-06-2024,P747,Banana,Fruits & Vegetables,Fruits & Vegetables,FreshFarm,4.67,420,266,37,1,266,CASH ON DELIVERY,Returned,33,2,Average,Limited,Pending
ORD102197,null,Elijah Chaudry,29,Other,Karnataka,Unknown,VV Mohalla,819334,24-06-2024,25-06-2024,P230,Ice Cream,Frozen Food,Frozen Food,Amul,3.99,406,323,-15,4,1488,Unknown,Pending,51,3,Average,Out of Stock,Pending
ORD103670,null,Ronith Sachdev,67,Male,Gujarat,Unknown,Navrangpura,639178,15-11-2024,17-11-2024,P935,Cleaner,Household Items,Household Items, Lizol ,4.27,406,323,25,1,1488,Unknown,Pending,55,2,Average,Limited,Pending
ORD102756,null,Sachi Samra,66,Female,Maharashtra,pune,Bandra,738683,24-11-2024,24-11-2024,P193,Tea,Beverages,Beverages,Tata Tea,1.62,406,323,2,4,1488,Unknown,Pending,33,1,Average,Out of Stock,Pending
ORD104973,CUST1041,Alexander Shanker,63,Other,Telangana,Hyderabad,Madhapur,580174,04-07-2024,04-07-2024,P179,Juice,Beverages,Beverages,Real,1.09,313,276,12,5,1378,GOOGLE PAY,Cancelled,42,3,Average,In Stock,Pending
ORD103448,CUST8809,Maya Keer,50,Female,Gujarat,Surat,Vesu,936524,15-04-2024,18-04-2024,P697,Ice Cream,Frozen Food,Frozen Food,Amul,2.98,533,401,25,2,803,UPI,Cancelled,11,3,Excellent,Limited,Pending
ORD102346,CUST1431,Girindra Ratta,34,Other,Maharashtra,Pune,Baner,1074,21-12-2025,24-12-2025,P181,Toothpaste,Personal Care,Personal Care,Colgate,4.43,514,331,36,3,992,CASH,Returned,90,3,Excellent,In Stock,Cancelled
ORD101774,CUST8207,Nirja Balasubramanian,40,Other,West Bengal,Kolkata,Park Street,795451,17-08-2025,19-08-2025,P975,Sugar,Grocery,Grocery,Madhur,0.17,76,63,17,4,252,Debit Card,Cancelled,78,2,Average,Limited,Pending
ORD102936,CUST3120,Jhalak Parmer,47,Male,West Bengal,Kolkata, Salt Lake ,487141,07-01-2024,01-07-2024,P669,Sugar,Grocery,Grocery,Madhur,0.2,234,144,38,7,1010,CASH,Delivered,59,2,Average,Limited,Delivered
ORD104812,CUST3341,Pranit Khanna,44,Female,Maharashtra,Nagpur,Sitabuldi,650803,08-09-2025,08-11-2025,P608,Soap,Personal Care,Personal Care,Dove,2.56,414,343,17,7,2400,CASH,Cancelled,31,3,Average,In Stock,Delivered
ORD104417,CUST1256,Ekansh Wali,56,Female,Telangana,Hyderabad,Banjara Hills,189810,02-09-2024,11-02-2024,P967,Chips,Snacks,Snacks,Lay's,3.52,259,194,25,4,653,UPI,Cancelled,35,5,Average,In Stock,Delivered
ORD101397,CUST1514,Aryan Bahl,33,Male,Tamil Nadu,Coimbatore,Peelamedu,549773,25-05-2025,25-05-2025,P705,Bread,Bakery,Bakery,Britannia,0.49,54,43,20,7,304,Debit Card,Returned,64,3,Late delivery,Out of Stock,Returned
ORD102145,CUST5555,Qarin Comar,44,Male,Delhi,New Delhi,Saket,871653,11-02-2024,11-05-2024,P412,Soap,Personal Care,Personal Care,Dove,0.14,316,239,24,7,1676,UPI,Delivered,23,1,Late delivery,Out of Stock,Cancelled
ORD102518,CUST9531,Tanveer Palan,61,Female,Gujarat,Surat,Vesu,588203,28-05-2025,01-06-2025,P312,Rice,Grocery,Grocery,India Gate,4.52,203,143,30,6,855,UPI,Delivered,50,4,Average,Limited,Cancelled
ORD102610,CUST4737,Warinder Buch,49,Female,West Bengal,Kolkata,Park Street,362595,03-08-2024,03-08-2024,P733,Namkeen,Snacks,Snacks,Haldiram,0.39,105,63,40,6,378,CASH ON DELIVERY,Pending,18,4,Damaged item,Limited,Delivered
ORD100507,CUST9109,Anjali Sarma,69,Male,Tamil Nadu,Chennai,Anna Nagar,268973,10-09-2024,11-10-2024,P781,Tomato,Fruits & Vegetables,Fruits & Vegetables,Organic India,1.4,347,325,7,6,1947,Debit Card,Returned,82,5,Average,Limited,Returned
ORD100764,CUST8578,Mahika Sridhar,76,Other,Maharashtra,Nagpur,Dharampeth,948246,15-06-2024,16-06-2024,P757,Tomato,Fruits & Vegetables,Fruits & Vegetables,Organic India,3.22,248,236,5,3,709,GPAY,Cancelled,77,4,Good,Limited,Pending
ORD104845,CUST7534,Manan Pandit,67,Male,Delhi,New Delhi,Rohini,348992,08-05-2024,12-05-2024,P146,Shampoo,Personal Care,Personal Care,Clinic Plus,1.61,467,308,34,5,1541,CASH,Returned,41,4,Good,Limited,Delivered
ORD104617,CUST8306,Libni Kamdar,54,Female,Maharashtra,Nagpur,Dharampeth,150635,21-11-2024,25-11-2024,P962,Cake,Bakery,Bakery,Monginis,4.99,261,174,33,7,1216,CASH ON DELIVERY,Returned,60,1,Damaged item,In Stock,Returned
ORD102874,CUST6718,Rehaan Sarna,26,Male,Tamil Nadu,pune,T Nagar,60287,19-04-2024,19-04-2024,P960,Detergent,Household Items,Household Items,Surf Excel,3.05,62,52,15,3,157,GPAY,Pending,56,5,Average,Limited,Pending
ORD101770,CUST6457,David Randhawa,50,Male,Gujarat,pune,Adajan,200982,24-10-2025,24-10-2025,P883,Cleaner,Household Items,Household Items,Lizol,1.36,561,451,20,8,3610,UPI,Returned,66,3,Average,In Stock,Cancelled
ORD104707,CUST1179,Lakshmi Mittal,24,Other,West Bengal,Kolkata,Park Street,367133,16-05-2024,16-05-2024,P722,Tomato,Fruits & Vegetables,Fruits & Vegetables,Organic India,0.91,636,464,27,2,929,CASH,Returned,39,1,Good,In Stock,Delivered
ORD102734,CUST7129,Lavanya Varkey,61,Female,Delhi,New Delhi,Dwarka,312122,28-12-2024,28-12-2024,P672,Juice,Beverages,Beverages,Real,2.92,67,45,32,8,362,UPI,Delivered,55,4,Good,In Stock,Delivered
ORD100578,CUST8141,Agastya Nagi,46,Female,West Bengal,Kolkata,Howrah,617350,22-08-2024,22-08-2024,P519,Shampoo,Personal Care,Personal Care,Clinic Plus,1.63,92,81,12,3,242,CASH,Delivered,26,1,Average,In Stock,Pending
ORD101609,CUST4302,Bhavani Wadhwa,63,Female,Delhi,New Delhi,Rohini,610088,28-06-2024,01-07-2024,P338,Tomato,Fruits & Vegetables,Fruits & Vegetables,Organic India,3.53,767,540,30,2,1081,Debit Card,Cancelled,26,1,Average,Out of Stock,Pending
ORD104390,CUST4334,Yashasvi Pal,67,Female,Delhi,New Delhi,Rohini,652971,25-01-2024,27-01-2024,P151,Cake,Bakery,Bakery,Monginis,0.65,538,470,13,3,1409,UPI,Cancelled,-11,3,Good,Limited,Cancelled
ORD102079,null,Hema Dey,18,Female,Gujarat,Unknown, Navrangpura ,673517,29-11-2025,02-12-2025,P606,Tea,Beverages,Beverages,Tata Tea,4.26,406,323,33,5,1488,Unknown,Pending,45,4,Average,Out of Stock,Pending
ORD104345,CUST8936,Madhavi Warrior,43,Male,Maharashtra,Pune,Hinjewadi,693048,01-08-2025,04-08-2025,P431,Ice Cream,Frozen Food,Frozen Food, Amul ,2.06,371,233,37,2,466,GPAY,Pending,76,5,Damaged item,In Stock,Returned
ORD103506,CUST3938,Wridesh Reddy,50,Female,Telangana,Hyderabad,Banjara Hills,478655,20-01-2024,20-01-2024,P560,Cleaner,Household Items,Household Items,Lizol,4.86,258,224,13,1,224,CASH ON DELIVERY,Returned,86,5,Average,Limited,Pending
ORD103409,CUST3536,Henry Venkatesh,26,Female,West Bengal,Kolkata,Park Street,566818,07-08-2024,11-08-2024,P137,Atta,Grocery,Grocery,Aashirvaad,3.48,559,392,30,8,3132,GOOGLE PAY,Delivered,38,2,Average,Limited,Delivered
ORD101798,CUST5015,Manbir Sidhu,36,Female,Maharashtra,Nagpur,Dharampeth,401406,12-10-2025,12-10-2025,P429,Namkeen,Snacks,Snacks, Haldiram ,0.72,224,143,36,7,1001,GPAY,Cancelled,80,4,Late delivery,Limited,Delivered
ORD102268,CUST1100,Mohammed Mander,14,Male,Karnataka,pune,Koramangala,643765,12-07-2025,15-07-2025,P654,Sugar,Grocery,Grocery,Madhur,2.48,513,323,37,1,323,GPAY,Cancelled,20,1,Good,In Stock,Cancelled
ORD104831,CUST6735,Sathvik Pandit,68,Male,Tamil Nadu,Chennai,T Nagar,363957,20-12-2024,24-12-2024,P376,Tea,Beverages,Beverages,Tata Tea,1.03,239,172,28,2,344,UPI,Cancelled,77,2,Average,Limited,Delivered
ORD101288,CUST3560,Nachiket Aurora,80,Male,Telangana,Hyderabad,Gachibowli,827931,24-03-2024,25-03-2024,P718,Banana,Fruits & Vegetables,Fruits & Vegetables,FreshFarm,0.16,281,227,-10,2,455,UPI,Returned,87,4,Average,Out of Stock,Returned
ORD100239,CUST8141, Omkaar Raja ,48,Male,Tamil Nadu,Chennai,Anna Nagar,437012,22-04-2024,24-04-2024,P565,Shampoo,Personal Care,Personal Care,Clinic Plus,0.97,96,86,10,4,345,GOOGLE PAY,Pending,14,3,Late delivery,Limited,Cancelled
ORD104239,CUST1716,Ekapad Devan,29,Female,Delhi,New Delhi,Rohini,935715,07-07-2025,10-07-2025,P612,Namkeen,Snacks,Snacks,Haldiram,3.68,162,152,7,1,152,UPI,Delivered,35,2,Late delivery,In Stock,Delivered
ORD101745,CUST9468,Ranveer Garde,68,Male,Tamil Nadu,Chennai,Anna Nagar,726623,11-10-2025,15-10-2025,P685,Cleaner,Household Items,Household Items,Lizol,1.81,755,753,0,4,3013,CASH,Cancelled,65,4,Average,Limited,Pending
ORD102161,CUST5284,Jason Sarin,70,Female,Telangana,Hyderabad,Madhapur,310677,28-06-2024,07-01-2024,P861,Apple,Fruits & Vegetables,Fruits & Vegetables,Kashmir Fresh,3.8,459,349,24,8,2795,UPI,Delivered,55,2,Late delivery,In Stock,Pending
ORD101599,CUST7591,Reva Kadakia,75,Other,Tamil Nadu,Coimbatore,RS Puram,357166,27-07-2024,30-07-2024,P425,Apple,Fruits & Vegetables,Fruits & Vegetables,Kashmir Fresh,3.31,740,583,21,2,1166,CASH,Cancelled,60,3,Average,In Stock,Pending
ORD104086,CUST4852,Yagnesh Andra,35,Male,West Bengal,Kolkata,Salt Lake,822969,07-07-2024,07-08-2024,P543,Cleaner,Household Items,Household Items,Lizol,2.37,635,504,21,6,3025,UPI,Pending,17,3,Average,In Stock,Returned
ORD102527,CUST5029,Avni Bajaj,60,Other,Maharashtra,Pune,Hinjewadi,749350,14-08-2024,17-08-2024,P775,Atta,Grocery,Grocery,Aashirvaad,1.44,776,734,5,2,1467,UPI,Cancelled,23,3,Average,Limited,Returned
ORD103251,CUST9612,Laksh Om,51,Female,West Bengal,Kolkata,Salt Lake,96755,28-11-2024,29-11-2024,P575,Frozen Peas,Frozen Food,Frozen Food,Safal,0.46,641,403,37,7,2822,UPI,Delivered,65,5,Late delivery,In Stock,Pending
ORD101778,CUST7801,Adya Sachdev,58,Other,West Bengal,Kolkata,Howrah,37039,28-11-2025,28-11-2025,P595,Namkeen,Snacks,Snacks,Haldiram,0.42,502,428,15,7,2996,UPI,Returned,58,5,Late delivery,Out of Stock,Pending
ORD102572,CUST5398,Oliver Bahl,53,Male,Delhi,New Delhi,Saket,399304,28-10-2025,31-10-2025,P756,Frozen Peas,Frozen Food,Frozen Food,Safal,3.6,707,456,36,7,3189,UPI,Pending,43,3,Average,Limited,Returned
ORD100903,CUST1445,Samaksh Barad,22,Male,Delhi,Hyderbad, Dwarka ,370611,30-10-2024,02-11-2024,P797,Bread,Bakery,Bakery,Britannia,0.12,611,587,4,3,1761,GPAY,Pending,54,3,Average,In Stock,Returned
ORD101448,CUST3189,Baljiwan Chandran,50,Male,Tamil Nadu,Chennai,T Nagar,640972,10-07-2024,13-07-2024,P667,Juice,Beverages,Beverages,Real,2.02,455,421,8,3,1262,UPI,Cancelled,89,3,Average,Limited,Cancelled
ORD101869,CUST9446,Gautami Basu,18,Other,Gujarat,Ahmedabad,Satellite,208000,29-06-2024,07-01-2024,P841,Soft Drink,Beverages,Beverages,Coca-Cola,4.46,142,136,4,1,136,CASH,Delivered,62,3,Damaged item,Out of Stock,Pending
ORD101559,CUST8834, Nitesh Rattan ,26,Other,Delhi,PUNE,Dwarka,286646,21-02-2024,23-02-2024,P267,Soft Drink,Beverages,Beverages,Coca-Cola,3.02,110,79,28,3,236,GOOGLE PAY,Cancelled,11,4,Damaged item,In Stock,Returned
ORD100555,null,Brinda Brar,77,Male,Telangana,Unknown,Gachibowli,153720,26-09-2024,29-09-2024,P566,Juice,Beverages,Beverages,Real,4.36,406,323,15,4,1488,Unknown,Pending,9,1,Average,Limited,Pending
ORD101311,CUST1809,Charan Tara,24,Male,Tamil Nadu,Chennai,Anna Nagar,330126,04-01-2025,05-01-2025,P473,Cake,Bakery,Bakery,Monginis,1.75,755,699,7,2,1399,UPI,Cancelled,89,3,Average,Out of Stock,Cancelled
ORD100200,null, Umang Shan ,74,Other,West Bengal,Unknown,Salt Lake,648102,03-09-2024,12-03-2024,P423,Bread,Bakery,Bakery,Britannia,2.47,406,323,3,5,1488,Unknown,Pending,37,2,Average,Out of Stock,Pending
ORD100803,CUST7911,Gaurika Patil,19,Other,Maharashtra,Mumbai,Powai,7036,26-11-2025,30-11-2025,P104,Atta,Grocery,Grocery,Aashirvaad,1.78,535,500,6,1,500,UPI,Cancelled,77,5,Good,Out of Stock,Cancelled
ORD102826,CUST8740,Oni Chad,61,Male,Karnataka,Mysore,VV Mohalla,448929,03-08-2025,03-12-2025,P547,Ice Cream,Frozen Food,Frozen Food,Amul,0.74,607,428,-20,2,855,UPI,Pending,65,3,Average,Out of Stock,Returned
ORD104874,CUST3945,Balendra Shroff,39,Other,Tamil Nadu,Chennai,T Nagar,655145,01-10-2024,10-03-2024,P337,Curd,Dairy,Dairy,Britannia,3.72,773,752,3,1,752,GPAY,Pending,80,2,Excellent,Out of Stock,Pending
ORD102540,CUST3295,Yug Johal,58,Other,Delhi,New Delhi,Saket,35365,06-09-2024,09-10-2024,P480,Tea,Beverages,Beverages,Tata Tea,1.47,756,529,30,6,3176,GOOGLE PAY,Cancelled,80,1,Late delivery,Limited,Pending
ORD102748,CUST6563,Xalak Rao,71,Other,Karnataka,pune,Whitefield,508717,28-07-2024,29-07-2024,P169,Cake,Bakery,Bakery,Monginis,1.49,601,375,38,6,2250,CASH,Delivered,75,5,Excellent,In Stock,Cancelled
ORD102526,CUST5717,Daniel Sharma,47,Other,Tamil Nadu,Coimbatore,Peelamedu,315551,12-08-2025,09-12-2025,P870,Soap,Personal Care,Personal Care,Dove,4.17,133,114,14,3,298,GOOGLE PAY,Cancelled,74,4,Excellent,In Stock,Delivered
ORD100343,CUST2728,Warjas Gaba,31,Female,West Bengal,Kolkata,Salt Lake,195118,11-04-2024,08-11-2024,P264,Bread,Bakery,Bakery,Britannia,4.65,151,118,22,8,941,GOOGLE PAY,Returned,19,2,Average,Out of Stock,Returned
ORD101330,CUST4822,Azad Garg,43,Female,maharashtra,Hyderbad,Banjara Hills,521231,05-11-2024,06-11-2024,P755,Toothpaste,Personal Care,Personal Care,Colgate,3.27,566,352,38,8,2815,UPI,Returned,41,3,Excellent,Out of Stock,Delivered
ORD103421,CUST2957,Umang Tata,40,Female,Tamil Nadu,Mumbai,Dharampeth,816546,11-10-2024,11-10-2024,P748,Tea,Beverages,Beverages,Tata Tea,0.88,206,168,19,3,503,CASH,Cancelled,49,5,Average,Limited,Cancelled
ORD103371,CUST8421,Meghana Sharma,48,Other,Gujarat,Surat,Vesu,769603,01-08-2024,01-10-2024,P138,Cake,Bakery,Bakery,Monginis,1.39,471,313,34,5,1625,UPI,Returned,75,4,Damaged item,In Stock,Cancelled
ORD104413,CUST6349,Matthew Sahota,37,Other,Karnataka,Bangalore,Koramangala,672042,17-11-2024,17-11-2024,P528,Banana,Fruits & Vegetables,Fruits & Vegetables,FreshFarm,0.84,47,31,34,4,123,GPAY,Cancelled,78,3,Late delivery,Out of Stock,Pending
ORD103118,CUST4971,Chanakya Som,38,Female,Maharashtra,Mumbai,Andheri,832013,20-06-2024,22-06-2024,P266,Biscuits,Snacks,Snacks,Parle,4.84,641,502,22,8,4013,UPI,Cancelled,47,3,Average,Limited,Pending
ORD104142,CUST8131,Dayita Minhas,63,Female,Maharashtra,pune,Kothrud,389138,29-03-2025,30-03-2025,P967,Tomato,Fruits & Vegetables,Fruits & Vegetables,Organic India,1.79,56,44,21,6,262,GPAY,Pending,32,5,Damaged item,In Stock,Returned
ORD103416,CUST7276,Isaac Dasgupta,20,Male,West Bengal,Kolkata,Salt Lake,53511,18-02-2024,21-02-2024,P667,Biscuits,Snacks,Snacks,Parle,4.24,577,351,39,7,2455,CASH ON DELIVERY,Returned,41,2,Average,In Stock,Delivered
ORD103598,CUST2407, Bhanumati Shere ,27,Male,Gujarat,Ahmedabad,Satellite,495171,24-07-2024,26-07-2024,P263,Shampoo,Personal Care,Personal Care,Clinic Plus,1.5,65,40,38,4,161,CASH ON DELIVERY,Delivered,57,3,Excellent,Out of Stock,Cancelled
ORD101940,CUST1672,Nisha Dewan,34,Male,Gujarat,Surat,Adajan,448178,21-05-2024,23-05-2024,P862,Curd,Dairy,Dairy,Britannia,2.87,183,118,35,2,236,Debit Card,Cancelled,41,4,Average,Out of Stock,Pending
ORD103922,null,Rajata Magar,85,Male,maharashtra,Unknown,Madhapur,727418,10-10-2024,12-10-2024,P286,Ice Cream,Frozen Food,Frozen Food,Amul,1.14,406,323,-1,8,1488,Unknown,Pending,53,2,Average,Out of Stock,Pending
ORD104362,CUST3229,Elijah Sarna,48,Female,West Bengal,PUNE,Howrah,79895,05-02-2025,05-02-2025,P295,Shampoo,Personal Care,Personal Care,Clinic Plus,0.76,298,186,38,4,744,UPI,Pending,63,3,Late delivery,Limited,Cancelled
ORD102986,CUST9038,Gopal Thakkar,30,Female,Delhi,New Delhi,Saket,164237,19-05-2024,22-05-2024,P700,Detergent,Household Items,Household Items,Surf Excel,2.29,773,540,30,8,4321,CASH,Pending,44,3,Excellent,In Stock,Delivered
ORD101576,CUST9156,Divya Bumb,78,Male,Telangana,Hyderabad,Madhapur,685467,16-04-2024,18-04-2024,P218,Biscuits,Snacks,Snacks,Parle,4.45,556,417,25,1,417,GPAY,Delivered,17,1,Late delivery,Limited,Cancelled
ORD102405,CUST4338,Geetika Kaul,39,Male,West Bengal,Kolkata,Salt Lake,831567,26-01-2025,28-01-2025,P313,Rice,Grocery,Grocery,India Gate,1.71,732,640,13,8,5122,CASH,Cancelled,80,2,Late delivery,In Stock,Delivered
ORD102191,CUST3035,Nathaniel Arya,44,Male,Maharashtra,Nagpur,Sitabuldi,825689,06-12-2024,12-08-2024,P916,Ice Cream,Frozen Food,Frozen Food,Amul,3.19,220,172,22,4,689,CASH,Returned,73,3,Average,In Stock,Pending
ORD104684,CUST5143,Prisha Saxena,23,Male,West Bengal,Kolkata,Howrah,461797,18-03-2024,19-03-2024,P927,Frozen Peas,Frozen Food,Frozen Food,Safal,4.69,181,123,32,1,123,CASH ON DELIVERY,Pending,69,3,Late delivery,Limited,Returned
ORD102101,CUST5386,Forum Sane,28,Male,Karnataka,PUNE,Koramangala,472394,16-05-2025,16-05-2025,P231,Banana,Fruits & Vegetables,Fruits & Vegetables,FreshFarm,1.86,397,343,13,6,2060,Debit Card,Pending,50,3,Good,Out of Stock,Pending
ORD104090,CUST1311, Zaitra Pal ,44,Female,West Bengal,Kolkata,Howrah,253980,29-09-2025,30-09-2025,P981,Ice Cream,Frozen Food,Frozen Food,Amul,3.2,744,504,32,3,1513,UPI,Pending,21,5,Good,Out of Stock,Pending
ORD101540,CUST9282,Nidra Bobal,67,Female,Karnataka,Bangalore,Whitefield,947311,12-11-2024,15-11-2024,P876,Tea,Beverages,Beverages,Tata Tea,3.77,197,148,25,1,148,CASH ON DELIVERY,Cancelled,77,3,Average,Limited,Pending
ORD101085,CUST1041,Gaurang Karan,35,Female,West Bengal,Kolkata,Park Street,658184,06-11-2024,14-06-2024,P895,Chips,Snacks,Snacks,Lay's,4.18,345,237,31,3,711,Debit Card,Returned,58,1,Average,Limited,Delivered
ORD102469,CUST4126,Fitan Johal,72,Other,Gujarat,Surat,Adajan,343449,14-08-2025,17-08-2025,P365,Sugar,Grocery,Grocery,Madhur,0.89,260,158,39,6,951,GPAY,Pending,85,3,Average,In Stock,Delivered
ORD101550,CUST6519,Urvashi Basu,55,Female,Gujarat,Surat,Adajan,690765,08-02-2025,09-02-2025,P116,Apple,Fruits & Vegetables,Fruits & Vegetables,Kashmir Fresh,0.4,280,246,12,8,1972,GPAY,Pending,88,2,Average,In Stock,Delivered
ORD103720,CUST1238,Ria Brar,30,Female,West Bengal,Kolkata,Howrah,481082,28-11-2024,29-11-2024,P260,Atta,Grocery,Grocery,Aashirvaad,4.41,482,395,18,6,2372,Debit Card,Returned,81,4,Damaged item,Out of Stock,Returned
ORD101122,null,Gaurav Krish,46,Other,Telangana,Unknown,Banjara Hills,274448,10-12-2025,10-12-2025,P275,Detergent,Household Items,Household Items, Surf Excel ,4.42,406,323,17,3,1488,Unknown,Pending,90,3,Average,In Stock,Pending
ORD104863,null,Balendra Warrior,54,Other,Gujarat,Unknown,Satellite,439792,16-11-2024,16-11-2024,P381,Cleaner,Household Items,Household Items,Lizol,1.61,406,323,30,5,1488,Unknown,Pending,62,3,Average,In Stock,Pending
ORD104049,null,Ridhi Bains,51,Female,Delhi,Unknown,Rohini,389129,24-03-2025,26-03-2025,P583,Apple,Fruits & Vegetables,Fruits & Vegetables,Kashmir Fresh,1.28,406,323,23,5,1488,Unknown,Pending,9,4,Average,In Stock,Pending
ORD101804,CUST5218,Faraj Gole,65,Male,Telangana,Hyderabad,Madhapur,108847,13-03-2024,17-03-2024,P989,Detergent,Household Items,Household Items,Surf Excel,0.95,389,259,34,2,517,UPI,Returned,83,3,Average,In Stock,Returned
ORD101040,CUST7897,Atharv Bir,78,Male,West Bengal,Kolkata,Salt Lake,657000,12-03-2024,16-03-2024,P286,Cake,Bakery,Bakery,Monginis,3.56,272,259,5,3,776,GPAY,Delivered,71,3,Average,Out of Stock,Pending
ORD100011,CUST5333,Hardik Patil,77,Male,Telangana,Hyderabad,Gachibowli,512432,10-06-2024,13-06-2024,P666,Soap,Personal Care,Personal Care,Dove,0.86,497,495,1,5,2691,GOOGLE PAY,Pending,25,3,Late delivery,Limited,Cancelled
ORD104072,CUST5051,Gautami Taneja,26,Male,Tamil Nadu,Chennai,T Nagar,610160,09-08-2025,09-09-2025,P625,Biscuits,Snacks,Snacks,Parle,2.24,584,485,17,3,1455,CASH,Delivered,60,3,Average,Limited,Pending
ORD103767,CUST5121,Rajeshri Deshpande,32,Other,Telangana,Hyderabad,Madhapur,476036,02-07-2025,08-02-2025,P129,Atta,Grocery,Grocery, Aashirvaad ,1.49,256,220,14,6,1440,Debit Card,Returned,66,4,Average,Out of Stock,Pending
ORD103724,CUST8787,Ayushman Bhalla,48,Other,Maharashtra,Nagpur,Sitabuldi,98214,04-06-2024,07-04-2024,P518,Frozen Peas,Frozen Food,Frozen Food,Safal,2.1,344,239,30,7,1674,UPI,Cancelled,-2,5,Average,In Stock,Pending
ORD104741,null,Ekansh Dube,44,Other,Maharashtra,pune,Andheri,280227,05-10-2025,09-10-2025,P908,Toothpaste,Personal Care,Personal Care,Colgate,1.11,406,323,20,4,1488,Unknown,Pending,38,3,Average,In Stock,Pending
ORD102280,CUST5872,Faras Varma,68,Other,Gujarat,Ahmedabad,Navrangpura,130769,03-03-2025,07-03-2025,P695,Ice Cream,Frozen Food,Frozen Food,Amul,3.7,288,201,30,1,201,CASH ON DELIVERY,Pending,16,2,Late delivery,Out of Stock,Delivered
ORD102728,CUST4218,Meghana Lala,73,Other,Telangana,Hyderabad,Gachibowli,676646,01-09-2024,10-01-2024,P946,Curd,Dairy,Dairy,Britannia,3.33,499,333,33,6,1999,GPAY,Pending,78,1,Late delivery,In Stock,Returned
ORD102781,CUST8191,Noah Shenoy,32,Other,Tamil Nadu,Coimbatore,Peelamedu,48371,19-12-2025,19-12-2025,P509,Cleaner,Household Items,Household Items,Lizol,0.22,613,461,25,7,3230,UPI,Delivered,13,4,Damaged item,Out of Stock,Pending
ORD100145,CUST3732,Upadhriti Kala,72,Male,Telangana,Hyderabad,Madhapur,972879,05-04-2024,04-07-2024,P843,Tea,Beverages,Beverages,Tata Tea,0.39,163,124,24,6,742,Debit Card,Pending,61,4,Average,Out of Stock,Returned
ORD100311,CUST1173,Aarush Om,57,Female,West Bengal,Kolkata,Salt Lake,710178,03-10-2025,06-10-2025,P914,Tea,Beverages,Beverages,Tata Tea,2.2,99,62,38,2,124,CASH,Delivered,37,3,Average,In Stock,Returned
ORD101043,CUST9605,Theodore Naik,72,Other,Gujarat,Hyderbad,Navrangpura,231421,24-12-2025,26-12-2025,P521,Bread,Bakery,Bakery,Britannia,3.4,571,384,33,1,384,UPI,Pending,20,2,Damaged item,Out of Stock,Cancelled
ORD101450,CUST9254,Irya Thaman,75,Male,Maharashtra,Nagpur,Sitabuldi,810946,15-06-2025,17-06-2025,P129,Shampoo,Personal Care,Personal Care,Clinic Plus,1.77,376,275,27,5,1373,GPAY,Returned,85,4,Average,Limited,Pending
ORD100487,CUST8732,Ati Walia,35,Female,Karnataka,Mysore,VV Mohalla,179577,09-11-2025,10-11-2025,P413,Namkeen,Snacks,Snacks,Haldiram,1.74,766,760,1,6,4563,GOOGLE PAY,Cancelled,41,3,Damaged item,Limited,Returned
ORD101535,CUST8511,Girindra Prasad,76,Female,Gujarat,Surat,Vesu,534863,26-08-2025,27-08-2025,P242,Detergent,Household Items,Household Items,Surf Excel,1.28,358,270,25,1,270,CASH,Pending,26,2,Damaged item,Out of Stock,Pending
ORD102411,CUST2215,Ekani Hayre,22,Male,West Bengal,Kolkata,Salt Lake,945908,04-04-2024,07-04-2024,P187,Shampoo,Personal Care,Personal Care,Clinic Plus,3.09,800,514,36,3,1541,GOOGLE PAY,Delivered,49,4,Average,Limited,Returned
ORD102427,null,Gunbir Bhatia,33,Other,Maharashtra,Unknown,Andheri,438611,23-07-2024,27-07-2024,P977,Soap,Personal Care,Personal Care,Dove,2.49,406,323,1,4,1488,Unknown,Pending,44,3,Average,In Stock,Pending
ORD102737,CUST7330,Reva Bahl,63,Male,Telangana,Hyderabad,Gachibowli,460988,19-04-2024,21-04-2024,P749,Cake,Bakery,Bakery,Monginis,0.59,340,275,19,6,1649,CASH,Returned,58,5,Average,In Stock,Pending
ORD101221,CUST9655,Rajata Setty,56,Other,Maharashtra,Pune,Kothrud,656093,26-03-2024,27-03-2024,P488,Sugar,Grocery,Grocery,Madhur,3.42,92,77,16,1,193,GOOGLE PAY,Cancelled,77,2,Good,Limited,Delivered
ORD100773,CUST6067, Kalpit Kala ,53,Female,Gujarat,Surat,Adajan,625364,02-07-2025,07-05-2025,P100,Ice Cream,Frozen Food,Frozen Food,Amul,0.31,252,152,40,7,1066,GPAY,Pending,57,5,Damaged item,Out of Stock,Returned
ORD101237,CUST6134,Pahal Nadkarni,75,Other,Tamil Nadu,Coimbatore, RS Puram ,985314,04-10-2024,08-10-2024,P906,Rice,Grocery,Grocery,India Gate,4.98,456,290,36,5,1451,Debit Card,Pending,39,2,Damaged item,In Stock,Returned
ORD101911,CUST2268,Ronith Chakrabarti,74,Other,Maharashtra,Mumbai,Powai,895908,14-11-2024,15-11-2024,P949,Toothpaste,Personal Care,Personal Care,Colgate,3.75,477,323,32,8,2588,UPI,Cancelled,56,3,Damaged item,In Stock,Delivered
ORD103369,CUST1705,Dalbir Iyer,85,Other,Telangana,Hyderabad,Banjara Hills,906810,16-10-2025,18-10-2025,P473,Cake,Bakery,Bakery,Monginis,2.33,754,650,14,3,1950,GPAY,Pending,9,1,Excellent,Out of Stock,Returned
ORD101287,CUST3935,Guneet Nagy,59,Female,Maharashtra,Pune,Baner,624875,20-09-2024,24-09-2024,P296,Tomato,Fruits & Vegetables,Fruits & Vegetables,Organic India,1.08,476,328,31,2,655,CASH,Delivered,46,4,Average,Out of Stock,Delivered
ORD104545,CUST6374,Gaurav Vohra,78,Other,Tamil Nadu,Chennai,Anna Nagar,58592,18-05-2025,22-05-2025,P244,Banana,Fruits & Vegetables,Fruits & Vegetables,FreshFarm,2.81,250,214,15,7,1495,UPI,Returned,67,3,Average,Out of Stock,Pending
ORD104501,CUST2454,Gagan Walia,40,Male,Tamil Nadu,Chennai,Velachery,649272,02-03-2025,05-03-2025,P683,Banana,Fruits & Vegetables,Fruits & Vegetables,FreshFarm,0.62,96,76,21,6,456,GOOGLE PAY,Cancelled,9,4,Damaged item,Out of Stock,Cancelled
ORD100949,CUST7077,Nihal Ravi,42,Female,Gujarat,Ahmedabad,Satellite,276699,30-06-2024,04-07-2024,P373,Cleaner,Household Items,Household Items,Lizol,2.49,668,496,26,8,3966,GPAY,Pending,59,2,Average,Limited,Delivered
ORD102997,CUST6873,Bhavani Dubey,29,Other,Delhi,New Delhi,Saket,335108,24-12-2024,26-12-2024,P244,Tomato,Fruits & Vegetables,Fruits & Vegetables,Organic India,4.57,54,47,14,8,375,GOOGLE PAY,Cancelled,49,2,Average,Limited,Pending
ORD103518,CUST1657,Yasti Kala,73,Female,West Bengal,Kolkata,Howrah,534631,23-09-2025,23-09-2025,P851,Biscuits,Snacks,Snacks,Parle,4.85,559,553,1,5,2764,CASH,Delivered,68,5,Average,Limited,Cancelled
ORD100513,CUST8066,Bina Tiwari,80,Female,West Bengal,Kolkata,Howrah,463167,26-02-2025,27-02-2025,P427,Detergent,Household Items,Household Items,Surf Excel,2.75,509,487,4,7,3406,UPI,Pending,41,3,Late delivery,Limited,Pending
ORD100633,CUST3407,Krish Soman,58,Female,Telangana,Hyderabad,Madhapur,596074,11-03-2025,05-11-2025,P401,Ice Cream,Frozen Food,Frozen Food,Amul,0.2,90,73,19,8,582,CASH,Cancelled,39,5,Average,In Stock,Pending
ORD102220,CUST9490,Abdul Mahajan,24,Female,West Bengal,Kolkata,Park Street,764970,23-06-2024,25-06-2024,P877,Soap,Personal Care,Personal Care,Dove,1.81,428,365,15,8,2919,Debit Card,Delivered,73,3,Damaged item,Limited,Pending
ORD103088,CUST1062,Riya Krishnamurthy,37,Male,Maharashtra,Nagpur,Dharampeth,146301,09-03-2024,12-03-2024,P107,Apple,Fruits & Vegetables,Fruits & Vegetables,Kashmir Fresh,3.8,318,302,5,1,302,UPI,Delivered,60,5,Average,In Stock,Cancelled
ORD103292,CUST7731,Aarna Sarma,23,Male,West Bengal,Kolkata,Salt Lake,464219,07-01-2025,08-01-2025,P714,Cake,Bakery,Bakery,Monginis,1.21,203,143,30,7,1000,CASH,Cancelled,39,3,Damaged item,In Stock,Cancelled
ORD104193,CUST4407,Noah Suri,71,Male,Gujarat,Surat,Adajan,183527,24-08-2025,28-08-2025,P249,Toothpaste,Personal Care,Personal Care,Colgate,1.98,520,358,31,1,358,CASH ON DELIVERY,Cancelled,37,1,Damaged item,Limited,Cancelled
ORD100917,CUST9299,Kala Pau,86,Female,West Bengal,Kolkata,Salt Lake,685197,02-05-2024,02-05-2024,P611,Atta,Grocery,Grocery,Aashirvaad,3.36,468,307,34,1,307,CASH,Returned,65,3,Average,Out of Stock,Returned
ORD102782,CUST1226,Ekta Solanki,70,Male,Gujarat,Surat,Adajan,151258,23-02-2025,25-02-2025,P158,Sugar,Grocery,Grocery,Madhur,3.11,231,167,28,2,334,Debit Card,Pending,76,2,Excellent,In Stock,Pending
ORD100713,CUST8672,Brijesh Parekh,32,Female,Tamil Nadu,Chennai,Velachery,264243,06-08-2024,08-06-2024,P468,Detergent,Household Items,Household Items,Surf Excel,2.25,221,137,38,1,137,CASH,Pending,16,2,Damaged item,Limited,Delivered
ORD103197,CUST5626,Charvi Bhardwaj,56,Female,West Bengal,pune,Howrah,357725,17-01-2025,21-01-2025,P564,Toothpaste,Personal Care,Personal Care, Colgate ,3,256,178,30,4,963,CASH ON DELIVERY,Delivered,9,1,Excellent,Out of Stock,Cancelled
ORD103888,CUST2018,Yatan Sampath,36,Other,Karnataka,Mysore,Gokulam,262043,30-12-2024,31-12-2024,P585,Banana,Fruits & Vegetables,Fruits & Vegetables,FreshFarm,4.04,378,316,16,3,948,GPAY,Cancelled,72,3,Excellent,Limited,Cancelled
ORD101589,CUST8250,Aadhya More,28,Male,Karnataka,Mysore,Gokulam,226520,20-02-2024,24-02-2024,P155,Ice Cream,Frozen Food,Frozen Food,Amul,2.67,347,221,36,4,883,GPAY,Delivered,13,2,Average,In Stock,Pending
ORD103770,CUST2880,Yoshita Prabhu,66,Male,West Bengal,PUNE,Salt Lake,450417,13-12-2024,16-12-2024,P846,Cleaner,Household Items,Household Items,Lizol,2.9,423,263,38,2,526,CASH ON DELIVERY,Pending,48,3,Damaged item,Out of Stock,Returned
ORD103086,CUST3689,Eshana Gole,32,Male,Gujarat,Ahmedabad,Navrangpura,236930,15-10-2025,15-10-2025,P959,Tomato,Fruits & Vegetables,Fruits & Vegetables,Organic India,1.32,174,148,15,6,887,UPI,Cancelled,56,3,Average,Limited,Pending
ORD102339,CUST7531,Thomas Raman,28,Other,Karnataka,Mysore,Gokulam,191454,03-01-2024,03-01-2024,P975,Ice Cream,Frozen Food,Frozen Food,Amul,2.12,370,322,13,5,1609,UPI,Delivered,90,4,Average,In Stock,Returned
ORD100907,CUST5231,Urmi Nath,57,Male,Telangana,Hyderabad,Gachibowli,254964,16-05-2024,18-05-2024,P342,Namkeen,Snacks,Snacks,Haldiram,3.15,615,570,7,4,2279,CASH ON DELIVERY,Pending,31,3,Average,Out of Stock,Pending
ORD104949,CUST3559,Netra Luthra,53,Other,Delhi,New Delhi, Dwarka ,714014,23-05-2025,26-05-2025,P795,Tea,Beverages,Beverages,Tata Tea,4.55,146,132,10,7,922,UPI,Returned,58,3,Average,Out of Stock,Cancelled
ORD100571,CUST9892,Aadhya Bumb,62,Other,West Bengal,PUNE,Park Street,763790,27-09-2024,01-10-2024,P917,Ice Cream,Frozen Food,Frozen Food,Amul,2.37,542,366,32,7,2564,CASH,Pending,54,3,Average,Out of Stock,Pending
ORD102362,CUST4792,Dipta Venkataraman,61,Male,Maharashtra,Pune,Baner,527078,19-01-2024,19-01-2024,P745,Frozen Peas,Frozen Food,Frozen Food,Safal,1.74,669,426,-4,7,2985,UPI,Cancelled,70,4,Good,Out of Stock,Pending
ORD104536,CUST9841, Nilima Seshadri ,38,Male,Tamil Nadu,Coimbatore,RS Puram,922263,07-10-2025,13-07-2025,P932,Banana,Fruits & Vegetables,Fruits & Vegetables,FreshFarm,4.63,129,85,34,3,256,GPAY,Returned,78,1,Damaged item,Out of Stock,Delivered
ORD101194,CUST4704,Triya Kohli,70,Male,Tamil Nadu,Chennai,Anna Nagar,169615,12-05-2025,05-12-2025,P692,Cleaner,Household Items,Household Items,Lizol,1.93,153,121,21,6,727,GPAY,Returned,44,3,Late delivery,Limited,Cancelled
ORD104277,CUST9748,Matthew Rajagopal,32,Other,Telangana,Hyderabad,Gachibowli,704680,31-12-2024,03-01-2025,P815,Cake,Bakery,Bakery,Monginis,0.96,389,387,0,6,2325,UPI,Cancelled,87,3,Excellent,In Stock,Delivered
ORD101833,CUST3234,Indrajit Kohli,20,Other,Tamil Nadu,Coimbatore,Peelamedu,558318,21-06-2024,25-06-2024,P964,Cake,Bakery,Bakery,Monginis,4.7,230,161,30,2,322,CASH ON DELIVERY,Delivered,56,2,Excellent,In Stock,Cancelled
ORD101797,CUST1073,Upkaar Upadhyay,39,Other,Gujarat,Ahmedabad,Navrangpura,416809,16-03-2024,17-03-2024,P561,Cake,Bakery,Bakery,Monginis,1.48,784,689,12,8,5513,GPAY,Cancelled,85,5,Good,Limited,Pending
ORD102587,CUST3202,Tanish Narula,37,Other,Telangana,Hyderabad,Madhapur,636008,02-03-2024,06-03-2024,P620,Chips,Snacks,Snacks,Lay's,4.62,626,624,0,2,1247,GOOGLE PAY,Pending,14,3,Average,Out of Stock,Delivered
ORD104243,CUST3564,Praneel Kunda,33,Male,Karnataka,Bangalore,Whitefield,912832,06-02-2024,09-02-2024,P640,Shampoo,Personal Care,Personal Care,Clinic Plus,2.39,22,15,29,2,31,UPI,Cancelled,22,3,Average,Out of Stock,Pending
ORD103914,CUST1414,Qadim Das,75,Female,Maharashtra,Mumbai,Andheri,637381,01-11-2025,11-02-2025,P206,Paneer,Dairy,Dairy,Mother Dairy,2.25,573,463,19,6,2778,CASH,Pending,69,2,Late delivery,In Stock,Delivered
ORD104532,CUST8123,Baljiwan Brar,23,Female,Gujarat,Surat,Vesu,318294,24-12-2024,25-12-2024,P503,Namkeen,Snacks,Snacks,Haldiram,2.86,566,388,31,3,1165,UPI,Pending,42,1,Damaged item,Out of Stock,Cancelled
ORD103490,CUST7615,Nachiket Sachdeva,41,Female,West Bengal,Kolkata,Howrah,633024,27-01-2025,27-01-2025,P791,Rice,Grocery,Grocery,India Gate,2.7,416,339,19,1,339,CASH ON DELIVERY,Pending,50,2,Average,Limited,Returned
ORD104112,CUST1178,Kevin Devan,43,Male,Delhi,New Delhi,Saket,142473,03-11-2024,04-11-2024,P531,Tomato,Fruits & Vegetables,Fruits & Vegetables,Organic India,1.02,386,259,33,1,259,UPI,Pending,75,3,Average,In Stock,Returned
ORD100798,CUST1186,Meghana Shan,23,Male,Gujarat,Ahmedabad,Navrangpura,629689,20-03-2025,24-03-2025,P772,Cleaner,Household Items,Household Items,Lizol,4.59,625,519,17,2,1039,Debit Card,Pending,51,4,Damaged item,Limited,Delivered
ORD104978,CUST9919,Matthew Gera,28,Female,West Bengal,Kolkata,Park Street,637822,21-01-2024,23-01-2024,P616,Biscuits,Snacks,Snacks,Parle,0.98,726,443,39,5,2213,CASH,Returned,15,1,Average,In Stock,Cancelled
ORD104523,CUST9389,Sudiksha Butala,63,Male,Telangana,Hyderabad,Madhapur,945849,28-10-2024,28-10-2024,P904,Bread,Bakery,Bakery,Britannia,2.51,403,378,6,2,756,CASH,Delivered,62,3,Late delivery,Out of Stock,Pending
ORD104816,CUST9257,Yahvi De,56,Male,Gujarat,Surat,Adajan,195965,19-10-2024,21-10-2024,P809,Paneer,Dairy,Dairy,Mother Dairy,2.46,784,763,3,1,763,GOOGLE PAY,Cancelled,46,1,Damaged item,In Stock,Cancelled
ORD101840,CUST8768,Pallavi Sibal,64,Male,Tamil Nadu,Coimbatore,RS Puram,554179,28-09-2024,02-10-2024,P166,Juice,Beverages,Beverages,Real,1.78,290,182,37,4,728,UPI,Returned,66,1,Excellent,In Stock,Delivered
ORD100162,CUST9824,Pratyush Chacko,35,Male,West Bengal,Kolkata,Salt Lake,69138,18-04-2025,21-04-2025,P741,Soap,Personal Care,Personal Care,Dove,0.47,624,496,21,6,2977,UPI,Delivered,25,3,Good,Limited,Returned
ORD101750,null,Daksha Narain,25,Other,maharashtra,Unknown,VV Mohalla,138541,02-10-2024,10-04-2024,P668,Juice,Beverages,Beverages, Real ,2.78,406,323,26,6,1488,Unknown,Pending,74,3,Average,In Stock,Pending
ORD101643,CUST4586,Simon Atwal,32,Female,Maharashtra,Pune,Hinjewadi,798171,05-03-2024,03-05-2024,P147,Shampoo,Personal Care,Personal Care,Clinic Plus,3.65,708,629,11,1,629,CASH ON DELIVERY,Delivered,19,3,Damaged item,Out of Stock,Pending
ORD103931,CUST4404,Daksh Mohan,46,Female,West Bengal,Kolkata,Howrah,798443,23-08-2024,27-08-2024,P298,Milk,Dairy,Dairy,Amul,2.99,303,248,18,2,495,Debit Card,Pending,23,3,Average,Out of Stock,Returned
ORD100100,CUST2667,Arya Dube,69,Other,Karnataka,Mysore,Gokulam,958189,20-09-2025,21-09-2025,P433,Curd,Dairy,Dairy,Britannia,1.07,482,364,24,8,2913,UPI,Cancelled,81,4,Average,Limited,Cancelled
ORD103905,CUST3829,Chaman Ratta,26,Male,Telangana,Hyderabad,Madhapur,873074,10-07-2025,12-07-2025,P506,Detergent,Household Items,Household Items,Surf Excel,1.61,679,503,26,2,1006,GOOGLE PAY,Returned,27,4,Excellent,In Stock,Returned
ORD102456,CUST1929,Saanvi Iyer,34,Female,Delhi,New Delhi,Saket,490506,28-02-2024,29-02-2024,P781,Paneer,Dairy,Dairy,Mother Dairy,3.37,682,489,28,4,1955,UPI,Pending,70,3,Average,Out of Stock,Delivered
ORD103924,CUST7624,Manbir Mani,92,Female,Tamil Nadu,Chennai,Anna Nagar,678342,08-07-2024,08-07-2024,P636,Soap,Personal Care,Personal Care,Dove,2.58,680,677,0,8,5417,UPI,Delivered,70,2,Average,In Stock,Cancelled
ORD102482,CUST1825,Hemani Narain,35,Other,maharashtra,Mumbai,Andheri,433782,10-12-2025,14-12-2025,P173,Tea,Beverages,Beverages,Tata Tea,3.24,221,134,39,8,1117,CASH ON DELIVERY,Cancelled,41,3,Damaged item,In Stock,Delivered
ORD100408,CUST8935,Ishaan Bera,67,Male,Tamil Nadu,Coimbatore,Peelamedu,330066,10-11-2025,13-11-2025,P631,Cleaner,Household Items,Household Items,Lizol,3.67,304,184,39,5,921,UPI,Pending,84,2,Average,In Stock,Cancelled
ORD101382,CUST8477,Wahab Ravi,40,Other,Karnataka,Bangalore,Indiranagar,710031,28-08-2025,30-08-2025,P277,Tomato,Fruits & Vegetables,Fruits & Vegetables,Organic India,2.3,586,431,27,7,3014,UPI,Delivered,53,3,Average,Out of Stock,Pending
ORD101346,CUST2016,Nidhi Pathak,32,Other,Gujarat,Surat,Vesu,395699,10-11-2025,11-11-2025,P583,Chips,Snacks,Snacks,Lay's,3.46,23,22,7,5,108,CASH ON DELIVERY,Delivered,57,1,Average,In Stock,Delivered
ORD103302,CUST8149, Janaki Kulkarni ,84,Female,Karnataka,Bangalore,Whitefield,559164,18-07-2025,21-07-2025,P291,Soft Drink,Beverages,Beverages,Coca-Cola,3.06,181,127,30,8,1016,UPI,Returned,90,4,Damaged item,In Stock,Pending
ORD102450,CUST6032,Hemangini Sangha,31,Female,Maharashtra,Nagpur,Dharampeth,418234,30-08-2024,09-01-2024,P235,Detergent,Household Items,Household Items,Surf Excel,4.63,43,34,22,4,134,CASH ON DELIVERY,Cancelled,50,5,Average,Limited,Returned
ORD100993,CUST3484,Eshana Nanda,31,Other,maharashtra,Mumbai, Dadar ,345242,14-02-2024,14-02-2024,P261,Toothpaste,Personal Care,Personal Care,Colgate,4.51,441,312,29,6,1870,GPAY,Pending,4,4,Damaged item,Limited,Pending
ORD103988,null,Zayyan Baral,47,Male,Telangana,PUNE,Gachibowli,90877,09-09-2025,10-09-2025,P786,Frozen Peas,Frozen Food,Frozen Food,Safal,4.21,406,323,14,4,1488,Unknown,Pending,62,4,Average,Out of Stock,Pending
ORD102401,CUST9601,Tanvi Dutta,76,Other,Telangana,Hyderabad,Gachibowli,852676,23-09-2024,25-09-2024,P935,Rice,Grocery,Grocery,India Gate,0.61,157,139,11,1,139,UPI,Delivered,75,3,Damaged item,Out of Stock,Cancelled
ORD100043,CUST9408,Ishaan Khatri,22,Other,Maharashtra,Nagpur,Dharampeth,852493,01-01-2025,02-01-2025,P615,Chips,Snacks,Snacks,Lay's,1.19,32,23,29,6,137,CASH,Delivered,54,3,Average,Out of Stock,Returned
ORD101737,CUST2421,Jack Dixit,77,Other,Maharashtra,Mumbai,Dadar,866158,02-06-2024,06-06-2024,P911,Detergent,Household Items,Household Items,Surf Excel,0.14,320,281,12,8,2248,CASH ON DELIVERY,Cancelled,88,2,Damaged item,Limited,Pending
ORD100862,CUST6919,Gaurika Rai,71,Female,West Bengal,Kolkata,Park Street,73657,23-06-2024,26-06-2024,P168,Ice Cream,Frozen Food,Frozen Food,Amul,2.44,125,95,24,1,95,GOOGLE PAY,Delivered,82,3,Late delivery,Limited,Delivered
ORD101451,CUST1912, Ucchal Atwal ,18,Male,Tamil Nadu,Coimbatore, Peelamedu ,684361,15-11-2024,15-11-2024,P859,Paneer,Dairy,Dairy,Mother Dairy,0.22,308,212,31,1,212,UPI,Cancelled,37,3,Damaged item,Limited,Returned
ORD100139,CUST3346,Brijesh Vohra,54,Female,Tamil Nadu,Chennai,Anna Nagar,720194,25-01-2025,29-01-2025,P897,Apple,Fruits & Vegetables,Fruits & Vegetables,Kashmir Fresh,0.5,342,325,5,5,1623,GOOGLE PAY,Pending,66,3,Good,In Stock,Returned
ORD102043,CUST8991, Vansha Chana ,32,Female,Tamil Nadu,pune,Anna Nagar,691583,16-11-2024,16-11-2024,P956,Tea,Beverages,Beverages,Tata Tea,1.51,71,50,29,6,299,Debit Card,Cancelled,85,4,Average,Out of Stock,Returned
ORD103585,CUST6577,Ikshita Jain,63,Female,West Bengal,Kolkata,Park Street,378515,28-05-2025,01-06-2025,P356,Frozen Peas,Frozen Food,Frozen Food,Safal,2.13,513,318,38,6,1910,UPI,Delivered,58,1,Average,In Stock,Cancelled
ORD103978,CUST2964,Wyatt Sabharwal,54,Female,Maharashtra,Nagpur,Dharampeth,655592,07-09-2025,09-07-2025,P717,Banana,Fruits & Vegetables,Fruits & Vegetables,FreshFarm,0.98,702,479,32,1,771,Debit Card,Pending,56,2,Average,Limited,Pending
ORD103301,CUST9472,Jagrati Vora,70,Female,Tamil Nadu,Coimbatore,Peelamedu,506019,20-05-2025,20-05-2025,P150,Juice,Beverages,Beverages,Real,4.99,566,479,15,2,958,GPAY,Returned,50,3,Late delivery,Out of Stock,Cancelled
ORD100248,null,Chatura Borde,49,Male,Delhi,Unknown,Saket,586770,31-05-2024,06-02-2024,P659,Soap,Personal Care,Personal Care,Dove,4.88,406,323,34,8,1488,Unknown,Pending,66,3,Average,Limited,Pending
ORD101347,CUST6537, Chaitaly Kota ,83,Female,Maharashtra,Mumbai,Powai,91279,13-07-2024,15-07-2024,P626,Tomato,Fruits & Vegetables,Fruits & Vegetables,Organic India,0.3,78,67,15,3,200,CASH,Cancelled,70,3,Average,In Stock,Cancelled
ORD101849,CUST5717,Jeevika Chaudry,69,Male,Maharashtra,Mumbai,Bandra,296421,09-12-2025,13-12-2025,P316,Shampoo,Personal Care,Personal Care,Clinic Plus,2.15,294,291,1,1,291,GPAY,Delivered,81,1,Average,In Stock,Delivered
ORD104687,CUST2079,Ekani Suri,79,Other,Telangana,Hyderabad, Madhapur ,930285,12-02-2025,15-02-2025,P692,Namkeen,Snacks,Snacks,Haldiram,3.13,760,474,38,6,2847,CASH ON DELIVERY,Returned,29,2,Late delivery,Out of Stock,Delivered
ORD104607,CUST4334,Kala Wali,64,Female,Gujarat,Surat,Vesu,450418,02-02-2025,04-02-2025,P569,Toothpaste,Personal Care,Personal Care,Colgate,3.09,575,355,38,6,2129,GOOGLE PAY,Returned,69,3,Excellent,In Stock,Returned
ORD103676,CUST9422,Anvi Hari,48,Other,Tamil Nadu,Chennai, Velachery ,792152,28-04-2024,30-04-2024,P283,Chips,Snacks,Snacks,Lay's,0.38,227,166,27,1,166,Debit Card,Delivered,62,5,Late delivery,In Stock,Pending
ORD102603,CUST3608,Wazir Ramakrishnan,39,Female,Delhi,New Delhi,Saket,958860,26-08-2024,27-08-2024,P794,Sugar,Grocery,Grocery,Madhur,2.32,733,696,5,5,3480,UPI,Cancelled,81,5,Average,Limited,Returned
ORD101649,CUST7625,Yahvi Master,77,Female,Tamil Nadu,pune,Peelamedu,95145,25-09-2024,27-09-2024,P642,Shampoo,Personal Care,Personal Care,Clinic Plus,2.74,91,66,28,5,329,CASH ON DELIVERY,Cancelled,26,1,Excellent,In Stock,Pending
ORD104162,CUST3483,Rajata Doshi,69,Other,Tamil Nadu,Coimbatore,Peelamedu,984563,21-04-2025,25-04-2025,P975,Detergent,Household Items,Household Items,Surf Excel,4.31,411,348,15,5,1741,GOOGLE PAY,Delivered,86,1,Late delivery,Out of Stock,Returned
ORD104882,CUST7541,Abhiram Balasubramanian,77,Female,Delhi,New Delhi,Dwarka,213288,21-01-2024,21-01-2024,P280,Soap,Personal Care,Personal Care,Dove,1.45,762,729,4,6,4373,CASH ON DELIVERY,Returned,26,3,Good,Out of Stock,Pending
ORD102423,CUST3018,Tanay Deep,37,Male,Telangana,Hyderabad,Banjara Hills,765941,09-10-2024,10-10-2024,P405,Milk,Dairy,Dairy,Amul,3.79,36,31,15,6,184,CASH,Delivered,21,3,Average,Limited,Cancelled
ORD101078,CUST7920,Frado Sandal,39,Female,West Bengal,Kolkata,Park Street,75681,03-07-2025,07-03-2025,P607,Namkeen,Snacks,Snacks,Haldiram,2.56,431,285,34,2,829,CASH,Returned,46,3,Average,Limited,Pending
ORD104456,CUST2496, Yauvani Padmanabhan ,56,Male,West Bengal,pune,Howrah,464387,28-01-2024,29-01-2024,P594,Ice Cream,Frozen Food,Frozen Food,Amul,3.07,209,205,2,8,1639,Debit Card,Delivered,90,5,Average,In Stock,Delivered
ORD103222,CUST3092,Atharv Master,41,Other,Karnataka,Mysore,Gokulam,945095,05-03-2024,03-05-2024,P505,Frozen Peas,Frozen Food,Frozen Food,Safal,1.07,625,441,29,8,3527,GOOGLE PAY,Returned,-9,3,Excellent,Limited,Returned
ORD100770,CUST6722,Turvi Narain,44,Other,Delhi,New Delhi,Rohini,216408,08-07-2024,11-07-2024,P928,Atta,Grocery,Grocery,Aashirvaad,3.06,390,358,8,8,2863,UPI,Cancelled,59,3,Late delivery,In Stock,Cancelled
ORD100561,CUST8020,Ishita Bhagat,42,Other,Karnataka,Bangalore,Koramangala,975886,16-09-2024,19-09-2024,P750,Banana,Fruits & Vegetables,Fruits & Vegetables,FreshFarm,3.11,349,259,26,2,519,UPI,Returned,46,4,Excellent,Out of Stock,Delivered
ORD103849,CUST9661,Jyoti Bava,48,Other,Karnataka,Bangalore,Whitefield,155724,20-01-2024,22-01-2024,P695,Detergent,Household Items,Household Items,Surf Excel,4.59,692,628,9,7,4399,GPAY,Pending,39,3,Excellent,Limited,Delivered
ORD104544,CUST5054,Zansi Dugal,32,Female,Gujarat,Surat,Vesu,44494,14-10-2024,16-10-2024,P520,Namkeen,Snacks,Snacks,Haldiram,0.9,244,204,16,3,611,Debit Card,Returned,63,1,Late delivery,In Stock,Pending
ORD101505,CUST8968,Ikbal Chaudhari,28,Female,Tamil Nadu,Chennai,Anna Nagar,58384,09-06-2025,06-09-2025,P933,Biscuits,Snacks,Snacks,Parle,0.84,712,511,28,4,2046,UPI,Pending,29,3,Excellent,In Stock,Pending
ORD103538,CUST7950,Anvi Garg,63,Male,Gujarat,Ahmedabad,Satellite,762655,24-12-2025,27-12-2025,P267,Soft Drink,Beverages,Beverages,Coca-Cola,4.5,732,480,34,6,2878,GOOGLE PAY,Returned,59,3,Average,Limited,Pending
ORD100518,CUST9162,Sathvik Kara,22,Male,maharashtra,Surat,Adajan,399470,25-06-2025,25-06-2025,P453,Chips,Snacks,Snacks,Lay's,0.58,275,199,28,1,199,CASH ON DELIVERY,Pending,32,3,Average,In Stock,Returned
ORD104901,null,Ishanvi Chander,70,Male,Gujarat,Unknown,Vesu,325778,13-12-2024,17-12-2024,P762,Detergent,Household Items,Household Items,Surf Excel,2.19,406,323,26,2,1488,Unknown,Pending,89,1,Average,In Stock,Pending
ORD100778,CUST3540,Panini Khosla,18,Other,Delhi,New Delhi,Saket,212531,07-09-2025,12-07-2025,P305,Apple,Fruits & Vegetables,Fruits & Vegetables,Kashmir Fresh,4.51,330,212,36,3,636,CASH ON DELIVERY,Pending,32,3,Average,Limited,Pending
ORD103105,CUST1286,Rayaan Nagi,47,Female,Telangana,Hyderabad,Madhapur,966107,25-08-2025,29-08-2025,P228,Chips,Snacks,Snacks,Lay's,1.45,338,222,34,4,730,UPI,Cancelled,58,1,Excellent,Out of Stock,Pending
ORD103723,CUST6729,Balveer Lad,49,Female,Telangana,Hyderabad,Madhapur,302621,15-09-2025,17-09-2025,P854,Soap,Personal Care,Personal Care,Dove,4.96,362,272,25,2,543,UPI,Returned,57,3,Late delivery,Out of Stock,Cancelled
ORD101915,null,Kamya Parmer,36,Female,Gujarat,Unknown,Adajan,769523,21-09-2024,23-09-2024,P501,Namkeen,Snacks,Snacks,Haldiram,4.27,406,323,39,4,1488,Unknown,Pending,33,5,Average,Out of Stock,Pending
ORD102088,CUST1480,Jhalak Bhakta,19,Male,Delhi,PUNE,Saket,119267,12-09-2025,12-11-2025,P418,Tea,Beverages,Beverages,Tata Tea,3.49,130,112,14,3,336,UPI,Pending,86,3,Average,Out of Stock,Cancelled
ORD100283,CUST2253,Advaith Khare,36,Male,Delhi,New Delhi,Rohini,552524,22-03-2024,25-03-2024,P622,Cake,Bakery,Bakery,Monginis,2.18,136,88,35,5,442,UPI,Returned,78,3,Average,Out of Stock,Cancelled
ORD104225,CUST4265,Ati Khurana,21,Other,Karnataka,Bangalore,Indiranagar,304559,25-12-2024,25-12-2024,P771,Toothpaste,Personal Care,Personal Care,Colgate,4.76,473,377,20,5,1887,UPI,Cancelled,20,3,Average,In Stock,Delivered
ORD102755,null,Daksh Bir,77,Other,maharashtra,Unknown,Gachibowli,523601,08-05-2025,09-05-2025,P874,Bread,Bakery,Bakery,Britannia,4.92,406,323,32,3,1488,Unknown,Pending,22,5,Average,Out of Stock,Pending
ORD100708,CUST5364,Advay Shah,76,Male,Karnataka,Mysore,Gokulam,255590,24-05-2024,28-05-2024,P454,Chips,Snacks,Snacks,Lay's,3.44,281,234,17,8,1875,GOOGLE PAY,Returned,54,3,Damaged item,Limited,Pending
ORD101663,CUST4107,Hamsini Kata,45,Female,West Bengal,Kolkata,Salt Lake,927428,16-09-2025,18-09-2025,P537,Bread,Bakery,Bakery,Britannia,1.81,127,92,27,2,184,CASH ON DELIVERY,Pending,44,3,Excellent,Limited,Cancelled
ORD103692,CUST3653, Ishanvi Dixit ,20,Other,Gujarat,Surat,Adajan,397585,26-11-2025,28-11-2025,P938,Frozen Peas,Frozen Food,Frozen Food,Safal,3.49,235,175,26,1,175,UPI,Cancelled,11,3,Average,Out of Stock,Cancelled
ORD100520,CUST2618,Elijah Nagar,60,Other,Tamil Nadu,Mumbai,Madhapur,975931,17-05-2025,18-05-2025,P770,Chips,Snacks,Snacks,Lay's,1.67,52,33,38,7,229,CASH,Returned,83,3,Late delivery,Out of Stock,Cancelled
ORD101775,CUST1290,Maanas Acharya,43,Female,Delhi,New Delhi,Saket,690001,29-11-2025,29-11-2025,P989,Rice,Grocery,Grocery,India Gate,2.16,655,558,15,7,3906,CASH ON DELIVERY,Cancelled,89,3,Damaged item,Limited,Returned
ORD100759,null,Sathvik Dhillon,21,Male,Maharashtra,Unknown,Powai,745263,12-07-2024,14-07-2024,P786,Cleaner,Household Items,Household Items,Lizol,3.73,406,323,31,6,1488,Unknown,Pending,45,3,Average,Out of Stock,Pending
ORD103790,CUST8910,Warinder Bhakta,39,Male,Karnataka,Mysore,VV Mohalla,933170,12-09-2024,16-09-2024,P201,Shampoo,Personal Care,Personal Care,Clinic Plus,2.12,624,417,33,1,417,CASH,Delivered,-2,4,Late delivery,Limited,Pending
ORD104782,CUST8917,Anjali Kala,30,Other,Delhi,New Delhi,Rohini,634119,02-11-2025,05-11-2025,P512,Banana,Fruits & Vegetables,Fruits & Vegetables,FreshFarm,3.09,626,547,13,8,4378,CASH ON DELIVERY,Delivered,56,1,Average,In Stock,Returned
ORD104947,CUST7613,Hema Char,39,Female,Karnataka,Mysore,VV Mohalla,746849,26-04-2024,29-04-2024,P547,Sugar,Grocery,Grocery,Madhur,1,769,495,36,8,3962,UPI,Returned,73,3,Average,Out of Stock,Delivered
ORD104265,CUST8246,Tanmayi Sant,29,Other,Delhi,New Delhi,Saket,855281,13-06-2024,13-06-2024,P120,Cake,Bakery,Bakery,Monginis,3.45,86,81,6,3,243,Debit Card,Delivered,62,3,Good,In Stock,Pending
ORD104457,null,Dakshesh Sinha,42,Male,Tamil Nadu,Unknown,Peelamedu,37936,21-05-2025,21-05-2025,P374,Bread,Bakery,Bakery, Britannia ,3.61,406,323,4,7,1488,Unknown,Pending,16,1,Average,Limited,Pending
ORD100036,CUST4945,Meghana Rajan,57,Female,Maharashtra,Mumbai,Andheri,898502,18-01-2025,21-01-2025,P337,Soft Drink,Beverages,Beverages,Coca-Cola,2.36,210,161,24,3,483,GOOGLE PAY,Returned,87,3,Good,Out of Stock,Cancelled
ORD100026,CUST1745,Girish Chakrabarti,63,Male,Karnataka,Bangalore,Koramangala,846809,26-08-2025,30-08-2025,P814,Cake,Bakery,Bakery,Monginis,4.73,785,732,7,5,3661,CASH ON DELIVERY,Returned,43,1,Average,Out of Stock,Returned
ORD100896,CUST1770,Joshua Dugar,52,Female,Delhi,New Delhi,Saket,612247,21-03-2024,21-03-2024,P346,Juice,Beverages,Beverages,Real,1.01,551,531,4,4,2125,UPI,Delivered,51,3,Damaged item,In Stock,Cancelled
ORD102863,null,Wahab Manda,26,Other,Tamil Nadu,Unknown,Peelamedu,693232,10-12-2024,12-10-2024,P376,Frozen Peas,Frozen Food,Frozen Food,Safal,0.93,406,323,34,4,1488,Unknown,Pending,17,2,Average,Out of Stock,Pending
ORD100085,CUST4331,Chatura Parmar,26,Female,Tamil Nadu,Chennai,Anna Nagar,125195,18-08-2024,20-08-2024,P560,Bread,Bakery,Bakery,Britannia,4.25,649,626,3,3,1879,UPI,Pending,40,3,Damaged item,Limited,Delivered
ORD104670,CUST7343,Hemani Parikh,93,Female,Karnataka,Bangalore,Indiranagar,907444,13-06-2024,17-06-2024,P113,Cake,Bakery,Bakery,Monginis,1.04,393,316,20,8,2530,Debit Card,Delivered,20,2,Average,Out of Stock,Returned
ORD104244,CUST6941,Naksh Chander,28,Female,Telangana,Hyderabad,Banjara Hills,34010,03-05-2024,05-05-2024,P346,Juice,Beverages,Beverages,Real,1.78,403,262,35,2,524,UPI,Delivered,16,1,Excellent,Limited,Cancelled
ORD102881,CUST2236,Sanaya Sarma,29,Male,Gujarat,Ahmedabad,Satellite,422929,09-07-2024,07-11-2024,P512,Sugar,Grocery,Grocery,Madhur,3.82,714,532,26,5,2659,GOOGLE PAY,Pending,53,3,Late delivery,Limited,Pending
ORD104102,null,Pallavi Raghavan,34,Male,Gujarat,Unknown, Navrangpura ,704091,04-10-2024,07-10-2024,P862,Bread,Bakery,Bakery,Britannia,3.43,406,323,11,5,1488,Unknown,Pending,76,3,Average,In Stock,Pending
ORD103875,CUST1994,Abhiram Nayar,58,Other,Karnataka,Mysore,Gokulam,620562,23-05-2025,25-05-2025,P585,Tomato,Fruits & Vegetables,Fruits & Vegetables,Organic India,2.34,796,705,-9,2,1409,Debit Card,Pending,58,1,Damaged item,Out of Stock,Cancelled
ORD101725,CUST2836,Naksh Chowdhury,18,Female,Maharashtra,Nagpur,Dharampeth,19097,06-08-2024,07-08-2024,P567,Milk,Dairy,Dairy,Amul,4.85,94,93,1,1,93,UPI,Pending,10,4,Damaged item,Limited,Cancelled
ORD101738,CUST2954,Ronith Bath,40,Female,Tamil Nadu,Coimbatore,RS Puram,510444,30-06-2025,30-06-2025,P246,Bread,Bakery,Bakery,Britannia,2.13,190,120,37,2,239,UPI,Delivered,69,3,Damaged item,Out of Stock,Pending
ORD102127,CUST2141,Keya Gade,36,Female,Maharashtra,Mumbai,Dadar,349354,27-06-2024,27-06-2024,P890,Cake,Bakery,Bakery,Monginis,2.09,555,340,39,6,2039,UPI,Returned,26,1,Excellent,In Stock,Delivered
ORD100875,CUST4889,Xalak Pall,33,Female,Delhi,New Delhi,Rohini,374579,18-02-2025,22-02-2025,P755,Juice,Beverages,Beverages,Real,3.05,143,98,32,5,488,UPI,Delivered,19,3,Average,Limited,Returned
ORD100147,CUST4648,Amara Ahluwalia,80,Other,Telangana,Hyderabad,Gachibowli,760824,01-12-2024,13-01-2024,P512,Detergent,Household Items,Household Items,Surf Excel,4.1,684,649,5,8,5190,UPI,Returned,72,5,Damaged item,In Stock,Returned
ORD102607,CUST9654,Fitan Sagar,36,Female,Maharashtra,Nagpur,Dharampeth,517690,18-07-2024,18-07-2024,P146,Shampoo,Personal Care,Personal Care,Clinic Plus,0.94,547,363,34,2,726,UPI,Pending,41,3,Excellent,Limited,Cancelled
ORD101700,CUST4931,Pratyush Rau,56,Female,Maharashtra,Mumbai, Dadar ,435487,10-10-2024,10-10-2024,P911,Bread,Bakery,Bakery,Britannia,1.7,727,489,33,3,1468,CASH,Cancelled,23,3,Late delivery,Limited,Pending
ORD101093,CUST7950,Dayita Padmanabhan,67,Female,maharashtra,Ahmedabad,Satellite,52500,10-04-2024,13-04-2024,P355,Toothpaste,Personal Care,Personal Care,Colgate,1.83,106,97,8,3,291,UPI,Returned,82,2,Excellent,Limited,Cancelled
ORD102112,CUST6725,Anita Sood,40,Male,West Bengal,Kolkata,Park Street,838593,10-08-2025,10-12-2025,P967,Ice Cream,Frozen Food,Frozen Food,Amul,4.94,647,617,5,3,1851,UPI,Pending,18,5,Average,Limited,Cancelled
ORD101850,CUST8371,Hredhaan Bala,33,Female,Tamil Nadu,Coimbatore,RS Puram,338817,31-05-2025,31-05-2025,P953,Apple,Fruits & Vegetables,Fruits & Vegetables,Kashmir Fresh,4.78,497,405,19,5,2024,UPI,Delivered,19,4,Damaged item,Out of Stock,Cancelled
ORD100927,null,Upkaar Keer,51,Other,Maharashtra,Unknown,Sitabuldi,261583,17-08-2025,19-08-2025,P963,Cake,Bakery,Bakery,Monginis,2.32,406,323,8,5,1488,Unknown,Pending,77,1,Average,Limited,Pending
ORD100527,CUST3783,Onkar Mandal,44,Other,Gujarat,Surat,Adajan,408835,08-09-2024,12-09-2024,P139,Bread,Bakery,Bakery,Britannia,0.8,454,299,34,5,1493,UPI,Pending,10,4,Good,Limited,Delivered
ORD101262,CUST1592,Idika Chadha,58,Female,Maharashtra,Nagpur,Dharampeth,453625,26-02-2024,29-02-2024,P689,Toothpaste,Personal Care,Personal Care,Colgate,0.56,486,410,16,2,820,Debit Card,Pending,55,4,Average,Out of Stock,Delivered
ORD104060,CUST7434,Advay Bhandari,42,Other,Tamil Nadu,Coimbatore,Peelamedu,89560,30-11-2025,12-01-2025,P192,Biscuits,Snacks,Snacks,Parle,0.12,614,410,33,6,2463,GOOGLE PAY,Returned,50,5,Good,In Stock,Cancelled
ORD103826,CUST5975,Meera Bhargava,12,Male,Tamil Nadu,Chennai,Velachery,542679,21-03-2025,21-03-2025,P277,Toothpaste,Personal Care,Personal Care, Colgate ,1.48,237,179,25,4,714,UPI,Delivered,38,4,Average,Out of Stock,Pending
ORD102948,CUST2288,Lohit Chawla,71,Other,Delhi,Hyderbad,Dwarka,789234,08-11-2025,11-08-2025,P888,Curd,Dairy,Dairy,Britannia,1.73,233,159,32,3,477,CASH ON DELIVERY,Returned,61,4,Average,Out of Stock,Returned
ORD100799,null,Alexander Raman,50,Other,Telangana,Unknown,Gachibowli,849776,09-03-2025,13-03-2025,P426,Cleaner,Household Items,Household Items,Lizol,1.06,406,323,8,4,1488,Unknown,Pending,10,3,Average,In Stock,Pending
ORD102613,CUST4822,Rachita Anne,43,Female,Tamil Nadu,Chennai,T Nagar,613825,05-07-2025,08-07-2025,P225,Detergent,Household Items,Household Items, Surf Excel ,0.75,146,88,40,4,353,GPAY,Pending,45,5,Damaged item,Limited,Pending
ORD103384,CUST2129,Warda Gaba,20,Other,Telangana,Hyderabad,Gachibowli,729097,17-06-2024,21-06-2024,P448,Curd,Dairy,Dairy,Britannia,2.7,513,443,14,7,3102,CASH,Pending,66,4,Average,Limited,Pending
ORD104447,CUST7521,Ganga Rau,31,Other,Tamil Nadu,Mumbai,Bandra,780006,18-07-2024,18-07-2024,P743,Tomato,Fruits & Vegetables,Fruits & Vegetables,Organic India,4.38,218,142,35,2,285,CASH,Cancelled,35,1,Excellent,In Stock,Delivered
ORD104853,CUST6431,Teerth Agarwal,46,Male,Gujarat,pune,Navrangpura,229738,16-08-2025,19-08-2025,P609,Tomato,Fruits & Vegetables,Fruits & Vegetables,Organic India,1.01,660,646,2,8,5167,GPAY,Delivered,21,4,Excellent,Limited,Pending
ORD104032,CUST9707,Idika Kari,50,Other,Tamil Nadu,Coimbatore,Peelamedu,22327,07-07-2025,07-07-2025,P896,Juice,Beverages,Beverages,Real,3.45,774,528,32,7,3699,CASH,Returned,57,5,Average,In Stock,Cancelled
ORD100381,CUST2528,Jairaj Chahal,27,Other,Telangana,Hyderabad,Banjara Hills,739618,29-05-2025,30-05-2025,P926,Detergent,Household Items,Household Items,Surf Excel,3.44,478,360,25,1,360,UPI,Pending,18,5,Average,Limited,Cancelled
ORD100485,CUST9242,Ekta Kala,33,Female,Telangana,Hyderabad,Banjara Hills,758312,10-08-2025,09-10-2025,P214,Soft Drink,Beverages,Beverages,Coca-Cola,4.89,416,335,19,6,2009,UPI,Returned,79,3,Average,Out of Stock,Returned
ORD104454,CUST3578,Warinder Goda,55,Other,Tamil Nadu,Chennai,Velachery,635767,12-08-2025,13-08-2025,P855,Toothpaste,Personal Care,Personal Care,Colgate,2.12,738,657,11,8,5258,GOOGLE PAY,Cancelled,47,2,Average,In Stock,Pending
ORD102328,CUST1465,Jagvi Mann,26,Male,Karnataka,Bangalore,Whitefield,362606,21-06-2025,22-06-2025,P451,Chips,Snacks,Snacks,Lay's,2.79,607,481,21,3,1442,CASH,Pending,45,3,Average,In Stock,Pending
ORD101701,CUST7245,Devika Sampath,50,Other,Tamil Nadu,Mumbai,Satellite,750879,25-04-2025,29-04-2025,P382,Frozen Peas,Frozen Food,Frozen Food,Safal,4.52,641,415,35,2,830,CASH,Delivered,38,4,Average,Out of Stock,Cancelled
ORD103508,CUST1409,Chatura Gaba,38,Female,maharashtra,Surat,Vesu,222008,16-12-2024,16-12-2024,P444,Toothpaste,Personal Care,Personal Care,Colgate,4.96,285,277,3,7,2129,UPI,Cancelled,41,5,Damaged item,Out of Stock,Returned
ORD101102,CUST7123,Victor Bir,21,Other,West Bengal,Kolkata,Park Street,276017,22-08-2024,24-08-2024,P292,Bread,Bakery,Bakery,Britannia,2.05,282,244,14,3,732,CASH,Pending,16,4,Damaged item,In Stock,Returned
ORD100596,CUST1267,Jack Kar,70,Other,Telangana,Hyderabad,Banjara Hills,694448,15-08-2024,18-08-2024,P906,Rice,Grocery,Grocery, India Gate ,1.6,330,254,23,4,1018,CASH,Delivered,61,5,Late delivery,Limited,Cancelled
ORD103133,CUST4385, Bakhshi Mann ,47,Female,Telangana,Hyderabad, Gachibowli ,63622,12-04-2024,13-04-2024,P288,Curd,Dairy,Dairy, Britannia ,4.31,378,319,16,2,639,UPI,Returned,16,4,Average,In Stock,Cancelled
ORD104924,CUST1200,Siddharth Doshi,73,Other,Karnataka,Bangalore,Whitefield,905707,10-12-2024,12-10-2024,P970,Detergent,Household Items,Household Items,Surf Excel,2.75,183,134,27,8,1074,UPI,Pending,77,5,Average,Out of Stock,Returned
ORD104888,CUST6953,Aryan Pall,35,Female,Telangana,Hyderabad,Gachibowli,742803,12-03-2024,14-03-2024,P153,Frozen Peas,Frozen Food,Frozen Food,Safal,1.47,511,354,31,5,1771,GOOGLE PAY,Pending,37,2,Good,Out of Stock,Returned
ORD101594,CUST7278,Xavier Gupta,29,Male,Telangana,Hyderabad,Gachibowli,420757,15-11-2024,18-11-2024,P312,Milk,Dairy,Dairy,Amul,0.48,91,77,15,1,77,GPAY,Cancelled,-7,4,Damaged item,In Stock,Pending
ORD100492,CUST5536,Kamya Lall,30,Female,Gujarat,Ahmedabad,Navrangpura,686781,25-04-2024,29-04-2024,P255,Apple,Fruits & Vegetables,Fruits & Vegetables,Kashmir Fresh,3.29,643,603,6,3,1810,UPI,Pending,63,5,Excellent,Out of Stock,Returned
ORD101795,CUST5701,Kashvi Tella,76,Other,Karnataka,Hyderbad,Gokulam,663316,07-02-2025,03-07-2025,P496,Paneer,Dairy,Dairy,Mother Dairy,4.38,293,209,29,4,838,CASH ON DELIVERY,Pending,24,2,Excellent,In Stock,Returned
ORD102626,CUST3456,Samesh Anand,61,Other,Tamil Nadu,Coimbatore,Peelamedu,439936,10-09-2024,11-09-2024,P484,Namkeen,Snacks,Snacks,Haldiram,0.59,258,179,31,4,969,CASH ON DELIVERY,Cancelled,25,2,Excellent,Limited,Cancelled
ORD100579,CUST3931,Januja Chada,47,Male,Telangana,Hyderabad,Madhapur,710907,18-01-2024,19-01-2024,P351,Chips,Snacks,Snacks,Lay's,3.96,73,46,36,2,93,GOOGLE PAY,Pending,55,5,Average,In Stock,Delivered
ORD101802,CUST9445, Pooja Patla ,50,Other,maharashtra,Surat,Vesu,487196,31-03-2024,31-03-2024,P509,Toothpaste,Personal Care,Personal Care,Colgate,3.31,622,559,10,3,1676,CASH ON DELIVERY,Delivered,27,1,Average,Limited,Delivered
ORD102655,CUST8998,Nicholas Viswanathan,37,Female,Karnataka,Mysore, Gokulam ,345317,02-01-2024,02-02-2024,P935,Paneer,Dairy,Dairy,Mother Dairy,1.71,762,538,29,3,1614,Debit Card,Delivered,60,3,Good,In Stock,Delivered
ORD100606,CUST1046,Netra Verma,31,Other,West Bengal,Kolkata,Park Street,662257,29-12-2025,29-12-2025,P213,Rice,Grocery,Grocery,India Gate,4.17,799,717,10,4,2868,UPI,Returned,22,3,Late delivery,Out of Stock,Pending
ORD100839,CUST4786,Odika Bawa,36,Other,Telangana,Hyderabad,Gachibowli,573213,01-12-2025,12-01-2025,P338,Chips,Snacks,Snacks,Lay's,1.62,391,292,25,7,2044,UPI,Delivered,39,3,Good,In Stock,Cancelled
ORD104303,CUST3526,Krish Walla,68,Male,Maharashtra,Nagpur,Sitabuldi,213836,29-08-2024,01-09-2024,P690,Detergent,Household Items,Household Items,Surf Excel,1.3,517,405,22,4,1620,Debit Card,Returned,63,5,Late delivery,Limited,Returned
ORD100642,CUST9186,Lopa Johal,77,Other,Delhi,New Delhi,Dwarka,283574,18-10-2024,18-10-2024,P291,Ice Cream,Frozen Food,Frozen Food,Amul,0.47,372,325,13,4,1300,Debit Card,Pending,67,1,Damaged item,Limited,Pending
ORD104706,CUST9476,Owen Kapoor,59,Female,Maharashtra,Hyderbad,Sitabuldi,490274,01-07-2025,03-07-2025,P436,Rice,Grocery,Grocery,India Gate,2.85,516,425,18,6,2548,Debit Card,Delivered,29,5,Excellent,Out of Stock,Delivered
ORD104563,CUST7105,Gaurang Wason,42,Male,Maharashtra,Nagpur,Sitabuldi,9514,02-08-2024,09-02-2024,P677,Frozen Peas,Frozen Food,Frozen Food,Safal,1.2,279,228,18,3,685,CASH ON DELIVERY,Pending,77,3,Late delivery,Limited,Returned
ORD102468,CUST6140,Jatin Suri,79,Female,West Bengal,Kolkata,Park Street,758546,05-01-2024,08-01-2024,P536,Paneer,Dairy,Dairy,Mother Dairy,2.08,53,47,11,4,189,UPI,Delivered,75,5,Average,Out of Stock,Pending
ORD103200,CUST8382,Riya Loke,22,Other,Tamil Nadu,Mumbai,Navrangpura,802725,24-04-2024,25-04-2024,P542,Soft Drink,Beverages,Beverages,Coca-Cola,2.86,278,167,40,1,336,GOOGLE PAY,Cancelled,18,5,Good,Limited,Delivered
ORD103926,CUST8123,Rudra Rana,39,Other,Delhi,New Delhi,Saket,403986,26-05-2025,27-05-2025,P132,Bread,Bakery,Bakery,Britannia,4.24,444,345,22,6,2071,UPI,Delivered,75,1,Average,In Stock,Returned
ORD101829,CUST4655,Anjali Sridhar,29,Male,Gujarat,Surat,Vesu,36964,07-05-2024,07-07-2024,P905,Sugar,Grocery,Grocery,Madhur,0.51,758,502,34,4,2009,CASH,Cancelled,75,3,Late delivery,In Stock,Cancelled
ORD104311,CUST4804,Thomas Chand,77,Male,Maharashtra,Mumbai,Bandra,394767,12-10-2025,15-10-2025,P375,Namkeen,Snacks,Snacks,Haldiram,1.67,256,209,18,2,418,GOOGLE PAY,Returned,67,4,Average,In Stock,Returned
ORD102721,null,Bhavya Sachar,50,Other,Tamil Nadu,Unknown,Peelamedu,244297,05-07-2025,07-08-2025,P694,Tomato,Fruits & Vegetables,Fruits & Vegetables,Organic India,4.13,406,323,15,8,1488,Unknown,Pending,56,2,Average,In Stock,Pending
ORD103526,CUST7371,Zilmil Khalsa,13,Male,Telangana,Hyderabad,Madhapur,290549,26-01-2024,27-01-2024,P848,Bread,Bakery,Bakery,Britannia,2.21,525,339,35,5,1693,UPI,Cancelled,83,2,Damaged item,In Stock,Cancelled
ORD102137,CUST6991,Aadhya Dube,74,Other,Delhi,New Delhi,Dwarka,697976,15-12-2024,19-12-2024,P632,Ice Cream,Frozen Food,Frozen Food,Amul,1.06,446,292,34,7,2044,CASH,Pending,53,2,Good,Out of Stock,Delivered
ORD104068,CUST6864,Aadi Chanda,59,Other,Maharashtra,Nagpur,Dharampeth,246258,21-03-2025,21-03-2025,P469,Cake,Bakery,Bakery,Monginis,2.74,417,380,9,4,1519,UPI,Pending,33,3,Average,Limited,Cancelled
ORD104507,CUST7543,Yashvi Ganesan,12,Female,Tamil Nadu,Chennai,Velachery,2488,07-10-2024,10-10-2024,P527,Biscuits,Snacks,Snacks,Parle,1.49,312,251,20,1,251,GOOGLE PAY,Cancelled,79,2,Excellent,Out of Stock,Pending
ORD101981,CUST8959,Yagnesh Dyal,59,Male,Telangana,Hyderabad,Banjara Hills,700123,05-10-2024,06-10-2024,P538,Paneer,Dairy,Dairy,Mother Dairy,0.33,85,79,6,8,636,GOOGLE PAY,Returned,73,2,Average,Limited,Cancelled
ORD101436,CUST2272,Kalpit Keer,35,Other,Delhi,New Delhi,Dwarka,864423,31-01-2024,01-02-2024,P150,Paneer,Dairy,Dairy,Mother Dairy,3.37,52,38,27,5,190,GOOGLE PAY,Cancelled,68,5,Damaged item,Limited,Returned
ORD103686,CUST2265,Krishna Madan,74,Male,West Bengal,Kolkata,Park Street,591163,07-09-2025,10-09-2025,P804,Ice Cream,Frozen Food,Frozen Food,Amul,0.92,366,225,38,2,451,Debit Card,Cancelled,81,2,Excellent,In Stock,Returned
ORD103134,null,Daksha Shetty,63,Female,Karnataka,Unknown,VV Mohalla,123341,26-05-2025,26-05-2025,P592,Paneer,Dairy,Dairy,Mother Dairy,1.29,406,323,5,8,1488,Unknown,Pending,23,5,Average,Out of Stock,Pending
ORD101178,CUST6625,Turvi Bassi,45,Female,West Bengal,Kolkata,Howrah,682156,13-11-2024,15-11-2024,P404,Cake,Bakery,Bakery, Monginis ,3.87,683,422,38,2,843,Debit Card,Cancelled,89,1,Average,Out of Stock,Delivered
ORD103919,CUST4497,Waida Bobal,74,Female,Karnataka,Bangalore,Indiranagar,965680,22-03-2024,24-03-2024,P355,Biscuits,Snacks,Snacks, Parle ,4.95,298,251,16,3,753,CASH,Pending,77,2,Average,Limited,Pending
ORD100397,CUST9691,Charan Sahni,56,Female,Delhi,pune,Rohini,416246,27-12-2024,29-12-2024,P217,Sugar,Grocery,Grocery,Madhur,0.98,371,354,4,2,708,GOOGLE PAY,Returned,90,3,Late delivery,In Stock,Pending
ORD101542,CUST3212,Hardik Ratta,38,Other,Gujarat,Surat,Adajan,705030,08-08-2024,11-08-2024,P829,Cleaner,Household Items,Household Items,Lizol,2.85,701,664,5,2,1329,CASH ON DELIVERY,Returned,82,2,Average,Out of Stock,Delivered
ORD102968,null,Aditya Bajaj,59,Other,Gujarat,Unknown,Satellite,279320,16-12-2025,20-12-2025,P828,Chips,Snacks,Snacks,Lay's,0.27,406,323,28,7,1488,Unknown,Pending,27,3,Average,Limited,Pending
ORD103503,CUST1394,Waida Lad,52,Other,Maharashtra,Pune,Kothrud,765855,27-06-2025,29-06-2025,P813,Soap,Personal Care,Personal Care,Dove,0.63,60,43,28,6,258,CASH ON DELIVERY,Pending,51,4,Damaged item,Out of Stock,Returned
ORD100450,CUST3291,Amara Padmanabhan,58,Other,Maharashtra,Mumbai,Andheri,253766,14-01-2024,15-01-2024,P508,Frozen Peas,Frozen Food,Frozen Food,Safal,0.15,150,116,23,2,249,UPI,Returned,70,3,Average,Out of Stock,Cancelled
ORD100930,CUST9378,Oni Atwal,75,Other,Maharashtra,Mumbai,Dadar,29887,18-02-2024,21-02-2024,P411,Milk,Dairy,Dairy,Amul,3.08,191,174,9,3,523,GPAY,Delivered,43,3,Excellent,In Stock,Returned
ORD104033,CUST6473,Lopa Bumb,77,Male,West Bengal,Kolkata,Park Street,329946,24-07-2024,28-07-2024,P524,Paneer,Dairy,Dairy,Mother Dairy,3.92,402,277,31,7,1938,CASH ON DELIVERY,Pending,31,1,Average,Out of Stock,Cancelled
ORD101583,CUST8117,Frado Kumar,64,Other,Tamil Nadu,Chennai,Anna Nagar,710156,20-02-2025,23-02-2025,P912,Rice,Grocery,Grocery,India Gate,2.59,372,260,30,3,779,UPI,Cancelled,45,5,Damaged item,Limited,Returned
ORD104869,CUST4077,Unni Ben,72,Male,Gujarat,Surat,Vesu,396792,24-12-2025,28-12-2025,P210,Milk,Dairy,Dairy,Amul,3.07,482,362,25,7,2536,GPAY,Returned,70,5,Average,Out of Stock,Cancelled
ORD100394,CUST4445,Elijah Ben,68,Other,Tamil Nadu,Chennai,T Nagar,493886,25-09-2024,26-09-2024,P421,Biscuits,Snacks,Snacks,Parle,3.2,80,75,6,2,151,GPAY,Pending,-18,3,Good,In Stock,Delivered
ORD104691,CUST3181,Lipika Srivastava,26,Male,Gujarat,Ahmedabad,Satellite,174227,31-08-2025,03-09-2025,P710,Juice,Beverages,Beverages,Real,1.3,605,382,37,5,1911,GOOGLE PAY,Pending,58,4,Average,In Stock,Returned
ORD103969,CUST4083,Karan Lata,42,Female,maharashtra,Kolkata,Salt Lake,138767,22-10-2024,25-10-2024,P370,Toothpaste,Personal Care,Personal Care, Colgate ,3.14,48,39,19,4,157,CASH,Pending,44,3,Excellent,Limited,Cancelled
ORD104380,CUST3770, Raagini Sundaram ,30,Male,Tamil Nadu,Coimbatore, RS Puram ,291155,29-06-2024,30-06-2024,P195,Apple,Fruits & Vegetables,Fruits & Vegetables,Kashmir Fresh,2.41,725,608,16,7,4259,CASH ON DELIVERY,Delivered,14,4,Late delivery,In Stock,Returned
ORD101936,CUST4294,Mohammed Purohit,62,Female,Telangana,Hyderabad,Banjara Hills,545531,24-09-2024,24-09-2024,P541,Soap,Personal Care,Personal Care, Dove ,1.96,38,34,9,5,171,Debit Card,Pending,10,4,Average,Limited,Returned
ORD101437,CUST2023, Reva Lad ,60,Male,Karnataka,PUNE,Whitefield,46898,03-04-2025,07-04-2025,P940,Juice,Beverages,Beverages,Real,4.55,260,187,28,1,187,CASH ON DELIVERY,Returned,81,3,Damaged item,Out of Stock,Returned
ORD104835,CUST4992,Sai Gandhi,28,Male,Delhi,New Delhi,Dwarka,324439,05-11-2024,08-11-2024,P122,Soft Drink,Beverages,Beverages,Coca-Cola,4.46,565,375,34,5,1873,UPI,Cancelled,74,3,Average,Limited,Cancelled
ORD103030,CUST8693,Lucky Sarma,24,Male,Gujarat,Ahmedabad,Navrangpura,415401,21-10-2025,23-10-2025,P683,Cleaner,Household Items,Household Items,Lizol,0.67,592,398,33,6,2391,CASH,Returned,29,1,Damaged item,Limited,Pending
ORD104774,CUST2697,Parth Minhas,43,Male,West Bengal,Kolkata, Salt Lake ,824320,27-04-2024,30-04-2024,P431,Tomato,Fruits & Vegetables,Fruits & Vegetables,Organic India,4.88,732,473,35,6,2839,UPI,Cancelled,77,3,Average,Limited,Delivered
ORD104854,CUST2179,Urmi Dhaliwal,35,Other,Delhi,New Delhi,Saket,606153,27-08-2024,31-08-2024,P938,Curd,Dairy,Dairy,Britannia,2.61,449,303,32,3,909,UPI,Delivered,72,2,Average,Limited,Cancelled
ORD103687,CUST7565,Nicholas Sachar,38,Female,Tamil Nadu,Chennai,T Nagar,501953,26-11-2025,29-11-2025,P669,Milk,Dairy,Dairy,Amul,4.16,279,214,23,8,1714,CASH ON DELIVERY,Cancelled,43,3,Late delivery,In Stock,Returned
ORD101913,CUST4049,Aadi Bhatia,43,Other,Tamil Nadu,Mumbai,Peelamedu,467605,28-10-2024,01-11-2024,P719,Frozen Peas,Frozen Food,Frozen Food,Safal,0.45,700,444,37,6,2664,UPI,Delivered,30,5,Excellent,In Stock,Pending
ORD102255,CUST5444,Radha Master,37,Other,Telangana,Hyderabad,Banjara Hills,478875,22-03-2024,26-03-2024,P650,Namkeen,Snacks,Snacks,Haldiram,1.2,318,193,39,6,1160,GOOGLE PAY,Returned,89,3,Late delivery,In Stock,Pending
ORD103788,CUST3625,Ayaan Shan,18,Other,Maharashtra,Pune,Baner,852232,26-09-2024,29-09-2024,P342,Paneer,Dairy,Dairy,Mother Dairy,3.47,546,471,14,3,1414,UPI,Cancelled,89,3,Good,Out of Stock,Delivered
ORD100114,CUST3932,Nandini Pant,48,Male,Tamil Nadu,Chennai,Velachery,225752,15-04-2024,19-04-2024,P858,Biscuits,Snacks,Snacks,Parle,3.31,198,159,20,2,318,UPI,Cancelled,27,4,Average,Out of Stock,Cancelled
ORD100088,CUST1554,Chaaya Swaminathan,59,Male,Tamil Nadu,Coimbatore,Peelamedu,612366,16-04-2025,17-04-2025,P882,Cake,Bakery,Bakery,Monginis,0.13,152,135,11,6,810,UPI,Pending,75,3,Late delivery,In Stock,Pending
ORD102254,CUST9184,Tristan Bawa,26,Female,Tamil Nadu,Coimbatore,RS Puram,315399,28-09-2025,30-09-2025,P115,Ice Cream,Frozen Food,Frozen Food,Amul,1.17,495,411,17,1,317,UPI,Cancelled,22,3,Average,Out of Stock,Cancelled
ORD103997,CUST9620,Anay Ravel,28,Male,Telangana,Hyderabad,Banjara Hills,333958,16-10-2024,17-10-2024,P177,Ice Cream,Frozen Food,Frozen Food,Amul,0.82,186,172,8,2,345,UPI,Cancelled,8,3,Damaged item,In Stock,Cancelled
ORD103050,CUST3015, Farhan Sunder ,41,Female,Delhi,New Delhi,Rohini,601838,25-05-2024,28-05-2024,P912,Bread,Bakery,Bakery,Britannia,2.09,143,117,18,8,935,CASH,Returned,37,4,Average,Limited,Delivered
ORD101181,CUST1708,Zansi Dhingra,26,Other,Tamil Nadu,PUNE,T Nagar,84429,29-12-2025,02-01-2026,P189,Rice,Grocery,Grocery, India Gate ,3.85,240,167,31,6,1002,UPI,Returned,50,2,Late delivery,Out of Stock,Pending
ORD104919,CUST2680,Anya Muni,32,Male,Telangana,Hyderabad,Madhapur,874286,17-07-2024,18-07-2024,P191,Ice Cream,Frozen Food,Frozen Food,Amul,4.25,92,77,17,2,154,UPI,Returned,13,1,Average,Limited,Delivered
ORD101538,CUST3841,Maya Hans,89,Female,Tamil Nadu,PUNE,Peelamedu,122326,23-10-2025,24-10-2025,P757,Cake,Bakery,Bakery,Monginis,2.78,576,368,36,1,368,GPAY,Returned,67,3,Average,In Stock,Pending
ORD103328,CUST7616,Tanish Srinivasan,56,Other,Tamil Nadu,Coimbatore,RS Puram,455640,25-07-2024,27-07-2024,P458,Sugar,Grocery,Grocery,Madhur,0.75,56,36,36,8,289,UPI,Delivered,14,2,Average,Out of Stock,Cancelled
ORD100948,CUST8035,Jatin Halder,68,Male,Telangana,Hyderabad,Banjara Hills,979293,09-05-2024,10-05-2024,P863,Soft Drink,Beverages,Beverages,Coca-Cola,0.37,165,125,24,5,626,Debit Card,Cancelled,798,4,Average,Out of Stock,Returned
ORD102975,CUST6925, Luke Parekh ,53,Female,Tamil Nadu,Mumbai,Powai,969394,11-10-2024,14-10-2024,P466,Bread,Bakery,Bakery,Britannia,2.23,541,523,3,8,4182,UPI,Returned,38,2,Average,Limited,Delivered
ORD104624,null,Qasim Naidu,73,Male,Maharashtra,Unknown,Bandra,280645,08-05-2025,10-05-2025,P618,Shampoo,Personal Care,Personal Care,Clinic Plus,4.09,406,323,12,5,1488,Unknown,Pending,47,2,Average,Limited,Pending
ORD103907,CUST5698,Irya Kaur,40,Other,Delhi,New Delhi,Saket,864489,09-01-2024,01-09-2024,P478,Cake,Bakery,Bakery,Monginis,1.46,557,455,18,5,2276,UPI,Returned,16,3,Average,Limited,Pending
ORD101322,CUST9203,Nathaniel Bala,30,Female,West Bengal,Kolkata,Howrah,7510,13-04-2024,14-04-2024,P827,Toothpaste,Personal Care,Personal Care,Colgate,4.98,267,251,6,4,1005,UPI,Returned,31,5,Average,Limited,Delivered
ORD102787,CUST9613,Om Gala,62,Female,Gujarat,Surat,Vesu,12025,14-06-2025,16-06-2025,P866,Detergent,Household Items,Household Items,Surf Excel,1.42,360,237,34,7,1658,Debit Card,Delivered,46,1,Excellent,In Stock,Delivered
ORD102726,CUST2066,Amrita Dasgupta,26,Female,Karnataka,Mysore,Gokulam,242273,05-05-2024,08-05-2024,P594,Tea,Beverages,Beverages,Tata Tea,0.27,274,259,5,7,1815,CASH,Delivered,84,3,Good,Limited,Cancelled
ORD101508,CUST7199,Meghana Nagy,48,Female,Maharashtra,Pune,Baner,449673,24-06-2025,28-06-2025,P553,Soap,Personal Care,Personal Care,Dove,0.76,734,596,19,5,2980,GPAY,Returned,43,1,Average,Out of Stock,Returned
ORD102068,CUST3376,Amara Prabhakar,57,Female,Telangana,Hyderabad,Gachibowli,130969,30-07-2025,08-02-2025,P488,Shampoo,Personal Care,Personal Care,Clinic Plus,4.14,620,581,6,4,2324,CASH ON DELIVERY,Delivered,45,5,Average,Limited,Returned
ORD101864,CUST1986,Darpan Mohan,56,Male,Gujarat,Surat,Vesu,686759,31-01-2025,31-01-2025,P258,Rice,Grocery,Grocery,India Gate,1.7,699,529,24,5,2643,CASH ON DELIVERY,Pending,11,3,Average,Limited,Returned
ORD100868,CUST5389,Amol Rastogi,58,Male,Telangana,Hyderabad,Gachibowli,936879,20-03-2025,22-03-2025,P843,Sugar,Grocery,Grocery,Madhur,1.46,529,525,-11,2,1050,GOOGLE PAY,Delivered,69,5,Average,In Stock,Returned
ORD100096,CUST4434,Udant Khatri,19,Female,Delhi,New Delhi,Rohini,837641,06-02-2025,02-08-2025,P170,Ice Cream,Frozen Food,Frozen Food,Amul,4.11,747,508,32,2,1016,Debit Card,Returned,67,4,Late delivery,Limited,Cancelled
ORD102169,CUST3513,Fariq Parikh,78,Other,Gujarat,Surat,Adajan,103163,08-07-2025,07-08-2025,P752,Shampoo,Personal Care,Personal Care,Clinic Plus,3.69,173,128,26,5,641,GOOGLE PAY,Delivered,34,2,Damaged item,In Stock,Delivered
ORD100634,CUST7843,Faras Peri,83,Male,Karnataka,Bangalore,Whitefield,833933,24-05-2024,27-05-2024,P278,Atta,Grocery,Grocery,Aashirvaad,3.77,460,453,2,7,3168,GOOGLE PAY,Pending,66,5,Late delivery,Out of Stock,Cancelled
ORD102247,null,Farhan Chadha,71,Female,Karnataka,Unknown,Gokulam,994384,14-07-2024,17-07-2024,P677,Detergent,Household Items,Household Items,Surf Excel,0.24,406,323,18,7,1488,Unknown,Pending,11,1,Average,In Stock,Pending
ORD100220,CUST9098,Teerth Chokshi,67,Other,Gujarat,Surat,Adajan,151965,22-07-2025,22-07-2025,P192,Cake,Bakery,Bakery,Monginis,1.17,157,155,2,8,1237,UPI,Delivered,49,3,Late delivery,Out of Stock,Cancelled
ORD102751,CUST7020,Yoshita Loyal,70,Female,Maharashtra,Mumbai, Dadar ,827777,04-12-2024,12-04-2024,P173,Bread,Bakery,Bakery,Britannia,5,591,470,20,1,470,UPI,Pending,48,2,Late delivery,In Stock,Delivered
ORD102999,CUST6650,Frado Wable,68,Female,Gujarat,pune,Satellite,31275,17-01-2025,17-01-2025,P730,Sugar,Grocery,Grocery,Madhur,1.58,652,448,31,6,2687,UPI,Returned,17,3,Excellent,Out of Stock,Pending
ORD104006,CUST8063,Aryan Arya,51,Male,Delhi,New Delhi,Dwarka,758013,13-08-2024,13-08-2024,P142,Biscuits,Snacks,Snacks, Parle ,3.37,343,233,32,1,233,GPAY,Delivered,43,3,Late delivery,In Stock,Delivered
ORD103212,CUST5372,Dayamai Lala,38,Female,Tamil Nadu,Coimbatore, Peelamedu ,645781,06-05-2024,07-05-2024,P677,Paneer,Dairy,Dairy,Mother Dairy,1.75,602,368,39,1,368,GOOGLE PAY,Delivered,25,1,Damaged item,In Stock,Delivered
ORD102792,CUST2378,Darpan Krish,50,Male,Telangana,Hyderabad,Banjara Hills,85712,16-08-2024,20-08-2024,P998,Ice Cream,Frozen Food,Frozen Food,Amul,4.99,697,544,22,1,544,UPI,Pending,87,3,Damaged item,In Stock,Returned
ORD101367,CUST9355,Parth Reddy,40,Female,Telangana,Hyderabad,Banjara Hills,116189,25-05-2025,29-05-2025,P682,Detergent,Household Items,Household Items,Surf Excel,0.62,628,559,11,7,3915,CASH,Cancelled,48,3,Damaged item,Limited,Pending
ORD102084,CUST2370,Victor Ramanathan,26,Female,Telangana,Hyderabad,Gachibowli,454146,30-09-2024,10-01-2024,P744,Toothpaste,Personal Care,Personal Care,Colgate,1.45,243,166,32,3,498,GOOGLE PAY,Pending,76,3,Average,Limited,Returned
ORD100304,CUST1745,Rachana Dara,55,Male,West Bengal,Kolkata,Park Street,737937,03-02-2024,03-05-2024,P676,Chips,Snacks,Snacks,Lay's,0.44,486,455,6,5,2276,UPI,Returned,44,1,Average,In Stock,Cancelled
ORD103097,CUST3557,Gaurika Sane,58,Male,Telangana,Hyderabad,Madhapur,725888,22-06-2024,26-06-2024,P933,Frozen Peas,Frozen Food,Frozen Food,Safal,3.01,142,134,6,7,938,CASH ON DELIVERY,Cancelled,69,1,Excellent,In Stock,Delivered
ORD104292,null,Pratyush Sabharwal,28,Female,Delhi,Unknown,Saket,572228,19-03-2025,20-03-2025,P354,Bread,Bakery,Bakery,Britannia,0.82,406,323,17,6,1488,Unknown,Pending,14,1,Average,Out of Stock,Pending
ORD101851,CUST6279,Thomas Agarwal,73,Male,Maharashtra,Nagpur, Dharampeth ,512407,20-05-2025,22-05-2025,P353,Juice,Beverages,Beverages,Real,4.13,595,382,36,4,1529,GPAY,Delivered,30,5,Good,In Stock,Returned
ORD102066,CUST1779, Jyoti Brar ,25,Other,Tamil Nadu,Chennai,Velachery,610935,13-09-2024,15-09-2024,P590,Ice Cream,Frozen Food,Frozen Food,Amul,1.23,204,177,13,1,160,UPI,Delivered,86,4,Average,Out of Stock,Pending
ORD102712,CUST8748,Saksham Dada,27,Female,West Bengal,Kolkata,Salt Lake,376760,11-07-2024,10-11-2024,P894,Detergent,Household Items,Household Items,Surf Excel,0.99,530,521,2,7,3648,CASH ON DELIVERY,Returned,33,1,Damaged item,Out of Stock,Cancelled
ORD103615,CUST7473,Xiti Jhaveri,27,Other,Maharashtra,Nagpur,Dharampeth,91756,06-03-2024,06-03-2024,P696,Cleaner,Household Items,Household Items,Lizol,2.04,544,359,34,6,2156,GOOGLE PAY,Pending,40,1,Average,In Stock,Cancelled
ORD101096,CUST9570,Jonathan Chandran,22,Female,West Bengal,Kolkata,Park Street,628817,04-07-2024,07-07-2024,P206,Biscuits,Snacks,Snacks,Parle,0.53,720,567,21,4,2269,UPI,Pending,72,2,Good,Out of Stock,Pending
ORD103552,CUST1819,Yashasvi Barad,42,Other,Tamil Nadu,Coimbatore,Peelamedu,768675,26-03-2024,27-03-2024,P996,Cake,Bakery,Bakery, Monginis ,3.11,660,616,7,4,2463,GPAY,Pending,58,2,Damaged item,In Stock,Cancelled
ORD100046,CUST7022,Yuvraj Devi,32,Male,Gujarat,Ahmedabad,Satellite,335448,09-03-2025,03-09-2025,P331,Toothpaste,Personal Care,Personal Care,Colgate,4.06,488,362,26,5,1808,Debit Card,Delivered,52,3,Average,Limited,Cancelled
ORD103211,CUST6072,Anirudh Gala,73,Other,West Bengal,Kolkata,Park Street,43720,12-02-2024,16-02-2024,P912,Juice,Beverages,Beverages,Real,4.77,213,191,10,5,956,CASH,Returned,50,2,Average,Limited,Delivered
ORD101145,CUST7697,Neel Acharya,56,Male,Karnataka,Bangalore,Whitefield,959166,13-12-2025,14-12-2025,P125,Detergent,Household Items,Household Items,Surf Excel,1.39,550,469,15,7,3280,Debit Card,Delivered,81,5,Average,Limited,Delivered
ORD100612,CUST4951,Oliver Madan,34,Male,Maharashtra,pune,Sitabuldi,239657,20-10-2025,24-10-2025,P383,Tomato,Fruits & Vegetables,Fruits & Vegetables,Organic India,2.75,717,457,36,8,3654,CASH ON DELIVERY,Delivered,76,2,Average,Out of Stock,Cancelled
ORD103623,CUST5454,Falak Mann,45,Female,Tamil Nadu,Coimbatore, Peelamedu ,69203,25-05-2024,25-05-2024,P367,Tomato,Fruits & Vegetables,Fruits & Vegetables,Organic India,0.52,276,276,0,4,1103,Debit Card,Pending,75,3,Average,Limited,Pending
ORD103653,CUST2930,Januja Sandal,81,Other,Maharashtra,pune,Dharampeth,607845,06-11-2025,11-06-2025,P641,Biscuits,Snacks,Snacks,Parle,0.82,719,567,21,7,3967,Debit Card,Cancelled,71,3,Late delivery,Out of Stock,Returned
ORD102533,CUST2769,Eiravati Bail,60,Female,Gujarat,Surat,Adajan,894740,24-12-2025,24-12-2025,P849,Tea,Beverages,Beverages,Tata Tea,0.66,756,692,8,8,5537,GPAY,Returned,21,1,Average,Out of Stock,Delivered
ORD100717,null,Megha Dash,76,Female,Maharashtra,Unknown,Hinjewadi,915871,17-11-2024,21-11-2024,P287,Biscuits,Snacks,Snacks,Parle,4.54,406,323,38,6,1488,Unknown,Pending,48,3,Average,Out of Stock,Pending
ORD101494,CUST5572,Dalaja Dash,48,Female,West Bengal,Kolkata, Park Street ,206260,16-08-2025,19-08-2025,P870,Cleaner,Household Items,Household Items,Lizol,4.36,395,352,11,5,1759,UPI,Returned,784,1,Average,In Stock,Delivered
ORD103110,CUST9530,Balveer Iyengar,18,Other,Karnataka,Hyderbad,VV Mohalla,143215,03-05-2025,03-09-2025,P109,Namkeen,Snacks,Snacks,Haldiram,2.2,382,379,1,1,379,Debit Card,Returned,34,2,Average,In Stock,Returned
ORD100595,CUST4783,Omkaar Venkataraman,71,Female,Tamil Nadu,Chennai,Velachery,726523,07-05-2025,08-07-2025,P560,Cleaner,Household Items,Household Items,Lizol,1.4,242,147,39,1,147,CASH ON DELIVERY,Delivered,67,3,Average,Out of Stock,Returned
ORD100589,CUST3488,Bhavna Bahl,45,Male,Karnataka,Bangalore,Indiranagar,430697,30-11-2024,04-12-2024,P281,Namkeen,Snacks,Snacks,Haldiram,0.26,685,439,36,7,3072,GOOGLE PAY,Cancelled,19,3,Average,Limited,Cancelled
ORD100522,CUST4042,Agastya Savant,76,Male,Maharashtra,Mumbai,Dadar,273282,07-04-2025,04-07-2025,P174,Atta,Grocery,Grocery,Aashirvaad,3.6,596,483,19,7,3378,GPAY,Pending,66,3,Average,In Stock,Delivered
ORD102750,CUST1144,Rushil Rau,68,Male,Tamil Nadu,Coimbatore,RS Puram,742322,05-11-2025,08-11-2025,P981,Sugar,Grocery,Grocery,Madhur,0.15,622,516,17,8,4056,GOOGLE PAY,Delivered,39,1,Average,Out of Stock,Returned
ORD103142,CUST1911, Odika Vig ,25,Female,Delhi,New Delhi,Rohini,592298,26-08-2024,27-08-2024,P421,Detergent,Household Items,Household Items,Surf Excel,3.3,507,446,12,6,2678,UPI,Pending,17,2,Damaged item,In Stock,Pending
ORD101588,CUST9133,Abdul Bhatia,22,Other,maharashtra,Mysore,VV Mohalla,718637,12-03-2025,12-03-2025,P239,Detergent,Household Items,Household Items,Surf Excel,3.57,283,278,2,4,1112,CASH,Delivered,69,5,Average,Out of Stock,Cancelled
ORD104415,CUST5732,Wakeeta Borra,53,Female,Tamil Nadu,Chennai,Velachery,522876,26-10-2025,27-10-2025,P236,Rice,Grocery,Grocery,India Gate,3.4,631,469,26,4,1875,UPI,Delivered,21,1,Average,In Stock,Delivered
ORD104654,CUST5090,Balendra Bail,77,Other,Telangana,Hyderabad,Gachibowli,213088,18-04-2025,22-04-2025,P441,Curd,Dairy,Dairy,Britannia,4.38,423,393,7,7,2750,UPI,Pending,43,1,Average,Limited,Returned
ORD100078,CUST5272,Yug Pandey,38,Female,West Bengal,Kolkata,Park Street,628649,17-09-2025,20-09-2025,P871,Rice,Grocery,Grocery,India Gate,1.41,422,268,37,7,1875,GOOGLE PAY,Cancelled,8,3,Average,In Stock,Cancelled
ORD103067,null,Ira Ahluwalia,19,Other,Gujarat,Unknown,Navrangpura,252024,14-02-2025,18-02-2025,P568,Biscuits,Snacks,Snacks,Parle,2.8,406,323,7,1,1488,Unknown,Pending,29,3,Average,In Stock,Pending
ORD103246,CUST5157,Fitan Chandran,39,Female,West Bengal,Kolkata,Park Street,800174,27-02-2024,29-02-2024,P153,Cleaner,Household Items,Household Items,Lizol,4.76,219,211,-12,6,1268,CASH ON DELIVERY,Pending,81,2,Average,Limited,Pending
ORD104965,CUST3826,Pavani Kaul,38,Female,West Bengal,Kolkata,Park Street,967516,16-07-2024,19-07-2024,P574,Tea,Beverages,Beverages,Tata Tea,2.2,146,121,18,3,362,CASH ON DELIVERY,Cancelled,11,5,Good,Limited,Pending
ORD101068,CUST2028,Ishaan Shere,40,Female,Delhi,New Delhi,Dwarka,107668,29-10-2024,29-10-2024,P294,Bread,Bakery,Bakery,Britannia,0.39,251,191,24,2,381,GOOGLE PAY,Cancelled,14,4,Damaged item,Limited,Delivered
ORD103433,CUST3772,Lavanya Garde,60,Female,Tamil Nadu,Coimbatore,RS Puram,962874,07-11-2025,07-11-2025,P642,Toothpaste,Personal Care,Personal Care,Colgate,4.37,436,312,28,2,623,CASH,Delivered,13,5,Damaged item,In Stock,Delivered
ORD103376,CUST8379,Manan Bansal,32,Male,Tamil Nadu,Chennai,T Nagar,739861,10-04-2024,10-04-2024,P863,Tomato,Fruits & Vegetables,Fruits & Vegetables,Organic India,3.31,703,474,33,2,948,UPI,Cancelled,90,2,Average,In Stock,Returned
ORD104704,CUST8755, Harita Panchal ,71,Female,West Bengal,Kolkata,Howrah,720070,30-04-2025,03-05-2025,P743,Bread,Bakery,Bakery,Britannia,1.61,217,191,12,8,1532,UPI,Returned,87,4,Late delivery,Out of Stock,Pending
ORD103737,CUST2616,Vyanjana Natt,36,Other,West Bengal,Kolkata,Salt Lake,845734,17-12-2024,21-12-2024,P859,Tomato,Fruits & Vegetables,Fruits & Vegetables,Organic India,4.15,314,260,17,6,1557,Debit Card,Delivered,79,5,Good,In Stock,Delivered
ORD104182,CUST5544,Harshil Rajan,63,Other,Tamil Nadu,Chennai,Velachery,512143,02-03-2024,05-02-2024,P636,Frozen Peas,Frozen Food,Frozen Food,Safal,0.96,307,227,26,5,970,UPI,Returned,86,3,Average,Limited,Cancelled
ORD102780,CUST1052,Frederick Kaur,50,Other,Tamil Nadu,Coimbatore,Peelamedu,179220,28-04-2024,30-04-2024,P948,Frozen Peas,Frozen Food,Frozen Food,Safal,0.4,435,310,29,6,1859,Debit Card,Pending,9,2,Excellent,In Stock,Returned
ORD104760,CUST5247,Chaitanya Borra,28,Male,West Bengal,Kolkata,Salt Lake,468405,15-07-2024,18-07-2024,P737,Soap,Personal Care,Personal Care,Dove,4.38,787,621,21,5,3314,GOOGLE PAY,Delivered,28,5,Average,Out of Stock,Cancelled
ORD103116,CUST1107,Daniel Bhalla,35,Female,Maharashtra,Pune, Wakad ,47083,02-10-2024,02-10-2024,P948,Ice Cream,Frozen Food,Frozen Food,Amul,4.74,665,630,5,3,1889,GPAY,Pending,18,4,Late delivery,Out of Stock,Returned
ORD104251,CUST7094,Sanya Kapoor,61,Male,Karnataka,Bangalore,Whitefield,447456,24-11-2025,24-11-2025,P409,Atta,Grocery,Grocery, Aashirvaad ,3.34,283,279,1,1,279,UPI,Cancelled,79,5,Damaged item,In Stock,Delivered
ORD101217,CUST5904,Hemangini Grover,58,Female,Tamil Nadu,Mumbai,VV Mohalla,915869,04-03-2024,07-03-2024,P827,Shampoo,Personal Care,Personal Care,Clinic Plus,1.55,624,393,37,3,1180,UPI,Delivered,19,1,Average,Limited,Pending
ORD102552,CUST6964,Aarush Banerjee,57,Female,West Bengal,Kolkata,Park Street,128707,12-02-2024,12-02-2024,P188,Curd,Dairy,Dairy,Britannia,0.41,444,335,25,4,1338,Debit Card,Pending,85,5,Average,Limited,Returned
ORD104765,CUST3023,Urishilla Kala,57,Male,Telangana,Hyderabad,Banjara Hills,28682,10-01-2024,02-10-2024,P914,Namkeen,Snacks,Snacks,Haldiram,3.24,85,85,0,3,255,UPI,Cancelled,13,3,Excellent,Limited,Pending
ORD101874,CUST4234,Umang Madan,88,Male,West Bengal,Kolkata,Salt Lake,72146,02-08-2025,04-08-2025,P912,Detergent,Household Items,Household Items,Surf Excel,4.25,367,335,9,2,670,Debit Card,Cancelled,85,2,Average,In Stock,Pending
ORD103392,CUST1668,Arin Uppal,29,Male,Maharashtra,Mumbai,Powai,991367,09-12-2025,13-12-2025,P592,Detergent,Household Items,Household Items,Surf Excel,4.12,552,405,27,2,810,GPAY,Delivered,64,3,Late delivery,Limited,Pending
ORD104714,CUST4278,Ganga Batta,64,Female,Gujarat,Surat,Adajan,632824,18-02-2025,22-02-2025,P867,Bread,Bakery,Bakery,Britannia,4.88,50,38,24,7,263,GOOGLE PAY,Pending,27,4,Late delivery,Out of Stock,Returned
ORD101618,CUST1450,Devansh Ramakrishnan,54,Female,Gujarat,Ahmedabad,Navrangpura,524039,28-02-2024,29-02-2024,P694,Tea,Beverages,Beverages,Tata Tea,0.77,404,255,37,8,2041,UPI,Delivered,35,3,Average,In Stock,Delivered
ORD101910,CUST5565,Sudiksha Doshi,33,Other,Delhi,New Delhi,Rohini,224755,08-03-2024,08-06-2024,P508,Chips,Snacks,Snacks,Lay's,2.79,282,199,29,8,1595,GPAY,Delivered,41,1,Average,In Stock,Returned
ORD100415,CUST7401,Geetika Viswanathan,19,Male,Gujarat,Surat,Adajan,771547,27-04-2024,27-04-2024,P514,Bread,Bakery,Bakery,Britannia,2.47,139,133,5,1,133,UPI,Pending,64,3,Average,Limited,Returned
ORD103400,CUST7181,Ekapad Chada,56,Female,Telangana,Hyderabad,Gachibowli,803985,03-05-2025,04-05-2025,P681,Paneer,Dairy,Dairy,Mother Dairy,2.68,543,495,9,4,1981,CASH,Returned,70,5,Average,Out of Stock,Returned
ORD101683,null,Vrishti Dhar,55,Female,Maharashtra,Unknown,Hinjewadi,714408,06-02-2025,06-04-2025,P681,Ice Cream,Frozen Food,Frozen Food,Amul,0.53,406,323,38,8,1488,Unknown,Pending,51,3,Average,Out of Stock,Pending
ORD101593,CUST6940,Anay Nori,58,Other,Delhi,New Delhi,Rohini,594427,26-05-2025,29-05-2025,P102,Milk,Dairy,Dairy,Amul,1.49,501,312,38,1,312,UPI,Pending,37,3,Average,Out of Stock,Returned
ORD103607,CUST6977,Henry Mann,20,Other,Maharashtra,Nagpur,Dharampeth,244682,16-07-2025,16-07-2025,P419,Namkeen,Snacks,Snacks,Haldiram,1.18,132,89,32,1,89,GOOGLE PAY,Cancelled,-4,1,Late delivery,Limited,Delivered
ORD102590,CUST2227,Finn Tara,54,Other,Delhi,New Delhi,Dwarka,753937,23-07-2025,23-07-2025,P471,Bread,Bakery,Bakery,Britannia,3.71,397,356,-20,8,2851,GOOGLE PAY,Cancelled,35,1,Damaged item,Out of Stock,Pending
ORD103093,null,Wridesh Bakshi,71,Female,West Bengal,Unknown,Park Street,624082,08-02-2025,02-09-2025,P715,Apple,Fruits & Vegetables,Fruits & Vegetables,Kashmir Fresh,0.12,406,323,15,4,1488,Unknown,Pending,69,1,Average,Limited,Pending
ORD101763,CUST2098,Nathaniel Saha,66,Other,Maharashtra,Pune,Hinjewadi,162790,07-02-2025,10-02-2025,P516,Biscuits,Snacks,Snacks,Parle,2.09,559,404,28,8,3230,GPAY,Returned,69,4,Late delivery,In Stock,Returned
ORD103022,CUST7894,Zarna Dube,24,Other,Telangana,Hyderabad,Gachibowli,582047,21-11-2025,21-11-2025,P222,Paneer,Dairy,Dairy,Mother Dairy,3.83,398,269,32,2,539,CASH,Pending,75,3,Excellent,Out of Stock,Delivered
ORD102585,CUST9122,Manbir Sarraf,47,Female,West Bengal,Kolkata,Park Street,310422,20-09-2025,20-09-2025,P804,Tea,Beverages,Beverages,Tata Tea,1.98,546,330,40,5,1652,UPI,Delivered,61,3,Average,Out of Stock,Cancelled
ORD103013,CUST1765,Dakshesh Lata,59,Female,Telangana,Hyderabad,Gachibowli,103822,28-02-2024,03-03-2024,P839,Juice,Beverages,Beverages,Real,4.64,198,127,36,6,764,Debit Card,Cancelled,39,5,Late delivery,In Stock,Delivered
ORD101957,CUST7210,Nandini Sant,80,Other,Maharashtra,PUNE,Sitabuldi,236282,08-12-2024,12-08-2024,P511,Juice,Beverages,Beverages, Real ,0.55,468,366,22,1,366,CASH ON DELIVERY,Returned,64,3,Good,In Stock,Cancelled
ORD104117,CUST5816,Yamini Sodhi,65,Other,Telangana,Hyderabad,Banjara Hills,918499,30-12-2025,03-01-2026,P893,Atta,Grocery,Grocery,Aashirvaad,4.62,21,16,22,4,64,UPI,Returned,53,2,Average,In Stock,Pending
ORD103294,CUST4116,Shaurya Saha,65,Female,Gujarat,Ahmedabad, Navrangpura ,130465,27-04-2024,28-04-2024,P218,Banana,Fruits & Vegetables,Fruits & Vegetables,FreshFarm,0.48,757,581,23,8,4645,UPI,Returned,25,2,Average,In Stock,Delivered
ORD101696,CUST4316,Ekansh Som,71,Male,maharashtra,Mysore,VV Mohalla,699145,27-07-2024,29-07-2024,P486,Paneer,Dairy,Dairy,Mother Dairy,0.65,444,266,40,3,799,Debit Card,Delivered,82,1,Average,In Stock,Returned
ORD104276,CUST7742,Ishita Oak,67,Other,Gujarat,Surat,Adajan,84679,12-04-2024,16-04-2024,P865,Biscuits,Snacks,Snacks,Parle,3.69,492,320,35,6,2141,CASH ON DELIVERY,Returned,58,1,Late delivery,In Stock,Delivered
ORD103005,CUST5534,Isha Anand,58,Female,Delhi,New Delhi,Dwarka,884869,10-12-2024,12-12-2024,P576,Frozen Peas,Frozen Food,Frozen Food, Safal ,3.91,515,514,0,2,1028,GOOGLE PAY,Delivered,11,3,Average,Out of Stock,Pending
ORD100752,CUST9133,Tristan Sawhney,37,Female,West Bengal,Hyderbad,Howrah,312853,17-10-2025,20-10-2025,P558,Tea,Beverages,Beverages,Tata Tea,3.01,394,349,-14,5,1744,GOOGLE PAY,Delivered,63,2,Damaged item,Out of Stock,Returned
ORD102291,CUST2157,Sanya Munshi,91,Other,West Bengal,Kolkata,Park Street,976623,13-12-2024,15-12-2024,P132,Banana,Fruits & Vegetables,Fruits & Vegetables,FreshFarm,4.72,316,211,33,2,422,GPAY,Cancelled,22,3,Damaged item,Out of Stock,Cancelled
ORD104468,CUST7539,Yuvraj Atwal,68,Male,West Bengal,Kolkata,Howrah,725921,07-12-2024,10-12-2024,P422,Juice,Beverages,Beverages,Real,2.95,763,718,6,8,5747,CASH,Pending,47,1,Excellent,Limited,Returned
ORD101677,CUST1069,Janani Vala,49,Other,Telangana,Hyderabad,Madhapur,964468,25-02-2024,25-02-2024,P941,Rice,Grocery,Grocery,India Gate,3.6,710,673,5,8,5386,GOOGLE PAY,Returned,28,2,Good,Out of Stock,Pending
ORD103471,CUST9649,Devansh Sidhu,40,Male,Tamil Nadu,Coimbatore,RS Puram,178340,26-04-2025,27-04-2025,P859,Biscuits,Snacks,Snacks, Parle ,3.99,58,56,4,7,391,CASH,Delivered,24,3,Average,In Stock,Cancelled
ORD104377,null,Abdul Talwar,62,Other,Telangana,Unknown,Madhapur,912326,07-10-2024,10-07-2024,P545,Banana,Fruits & Vegetables,Fruits & Vegetables,FreshFarm,3.75,406,323,36,6,1488,Unknown,Pending,46,3,Average,Limited,Pending
ORD104570,CUST4994,Yadavi Dube,72,Female,Maharashtra,Pune,Hinjewadi,439861,14-06-2025,18-06-2025,P384,Chips,Snacks,Snacks,Lay's,2.59,83,55,34,5,274,GOOGLE PAY,Returned,88,1,Average,Limited,Pending
ORD100354,CUST5476,Chandran Gulati,58,Male,Tamil Nadu,Chennai,Velachery,604755,27-01-2024,31-01-2024,P110,Ice Cream,Frozen Food,Frozen Food,Amul,0.58,80,52,35,4,209,UPI,Returned,50,1,Late delivery,Limited,Cancelled
ORD101064,null,Yashica Mander,90,Other,Tamil Nadu,Unknown,T Nagar,722908,16-09-2024,19-09-2024,P592,Detergent,Household Items,Household Items,Surf Excel,3.26,406,323,22,6,1488,Unknown,Pending,10,5,Average,Limited,Pending
ORD103500,CUST8119,Ojas Saran,62,Female,Karnataka,Mysore,VV Mohalla,456463,08-10-2025,14-08-2025,P360,Cleaner,Household Items,Household Items,Lizol,4.67,414,346,16,8,2767,UPI,Returned,57,4,Average,Limited,Delivered
ORD104928,CUST3157,Triveni Ghose,65,Male,Maharashtra,PUNE,Dadar,380910,25-08-2025,25-08-2025,P855,Curd,Dairy,Dairy, Britannia ,1.28,190,161,15,2,322,UPI,Pending,65,3,Damaged item,In Stock,Pending
ORD104001,null,Andrew Borde,37,Other,Delhi,Unknown,Dwarka,85424,25-10-2025,29-10-2025,P900,Cake,Bakery,Bakery,Monginis,3.64,406,323,13,7,1488,Unknown,Pending,49,3,Average,Out of Stock,Pending
ORD102336,CUST5537,Zayyan Badal,76,Male,Tamil Nadu,Chennai,Anna Nagar,111761,31-01-2025,03-02-2025,P598,Tomato,Fruits & Vegetables,Fruits & Vegetables,Organic India,2.45,165,109,34,4,435,UPI,Delivered,52,3,Late delivery,In Stock,Returned
ORD102941,CUST4668,Jasmit Bose,26,Female,Maharashtra,Mumbai, Bandra ,206785,15-03-2024,17-03-2024,P378,Milk,Dairy,Dairy,Amul,4.82,191,157,18,1,-19,GOOGLE PAY,Returned,72,2,Good,Limited,Delivered
ORD104171,CUST2444,Ijaya Chadha,73,Female,maharashtra,Kolkata,Park Street,973808,24-04-2025,25-04-2025,P412,Biscuits,Snacks,Snacks,Parle,2.37,84,60,29,3,179,UPI,Pending,51,5,Late delivery,In Stock,Delivered
ORD101475,CUST5088,Chakradev Khosla,55,Male,Gujarat,Ahmedabad,Navrangpura,666771,13-09-2024,15-09-2024,P613,Namkeen,Snacks,Snacks,Haldiram,2.33,679,529,22,3,1588,UPI,Returned,14,2,Average,Out of Stock,Cancelled
ORD104327,CUST9296,Krisha Menon,60,Female,West Bengal,Kolkata,Park Street,84064,28-09-2025,01-10-2025,P769,Bread,Bakery,Bakery,Britannia,0.98,753,683,9,3,2050,GPAY,Cancelled,67,2,Average,Limited,Returned
ORD103081,CUST2092,Jalsa Randhawa,31,Female,Gujarat,Surat,Adajan,226463,25-04-2024,27-04-2024,P441,Sugar,Grocery,Grocery,Madhur,3.34,491,361,27,4,1442,GOOGLE PAY,Delivered,24,3,Late delivery,In Stock,Pending
ORD101307,CUST1498,Kevin Khurana,65,Other,Gujarat,Surat,Vesu,854450,28-05-2025,31-05-2025,P770,Tea,Beverages,Beverages,Tata Tea,1.35,101,93,-10,7,648,GPAY,Cancelled,49,2,Excellent,In Stock,Returned
ORD103892,CUST8132,Harinakshi Khosla,53,Other,Telangana,Hyderabad,Madhapur,420805,09-09-2024,12-09-2024,P746,Sugar,Grocery,Grocery,Madhur,2.78,608,557,8,1,557,UPI,Pending,19,4,Excellent,Out of Stock,Cancelled
ORD100002,CUST8573,Faris Sathe,52,Female,Telangana,Hyderabad,Banjara Hills,478926,14-01-2025,16-01-2025,P804,Shampoo,Personal Care,Personal Care,Clinic Plus,2.83,543,478,12,4,1912,CASH ON DELIVERY,Cancelled,28,2,Average,In Stock,Cancelled
ORD102097,CUST5801,Jeevika Balan,33,Male,West Bengal,Kolkata,Salt Lake,214441,08-09-2025,09-09-2025,P888,Cleaner,Household Items,Household Items,Lizol,1.98,450,354,21,8,2834,Debit Card,Returned,89,1,Excellent,Out of Stock,Cancelled
ORD102615,CUST4008,Robert Sunder,52,Other,Karnataka,Bangalore,Indiranagar,850903,01-10-2024,13-01-2024,P185,Apple,Fruits & Vegetables,Fruits & Vegetables,Kashmir Fresh,3.26,339,318,6,5,1589,UPI,Returned,44,5,Damaged item,In Stock,Returned
ORD101067,CUST7061,Ekbal Chaudry,37,Other,Delhi,Hyderbad,Saket,689048,29-06-2025,29-06-2025,P961,Milk,Dairy,Dairy,Amul,1.29,696,470,32,5,2350,Debit Card,Delivered,21,3,Good,In Stock,Delivered
ORD104651,CUST4260,Bhavani Rastogi,46,Female,Telangana,Hyderabad,Gachibowli,591501,12-01-2024,16-01-2024,P694,Namkeen,Snacks,Snacks,Haldiram,1.32,223,181,19,7,1268,GPAY,Delivered,64,1,Average,Limited,Delivered
ORD100180,CUST6527,Watika Gill,79,Female,Delhi,New Delhi,Rohini,583048,20-11-2025,24-11-2025,P685,Soap,Personal Care,Personal Care,Dove,2.08,624,486,22,8,3890,UPI,Delivered,29,3,Late delivery,Out of Stock,Cancelled
ORD100146,CUST4669,Mitesh Chaudhari,63,Other,Karnataka,Mysore,Gokulam,83836,13-05-2024,16-05-2024,P635,Curd,Dairy,Dairy,Britannia,3.47,108,83,24,8,661,CASH,Delivered,75,3,Average,In Stock,Returned
ORD100629,CUST3130,Ishita Chokshi,77,Other,Karnataka,Bangalore,Koramangala,925221,13-09-2025,17-09-2025,P865,Chips,Snacks,Snacks,Lay's,0.31,77,60,22,3,181,GOOGLE PAY,Delivered,45,2,Damaged item,Out of Stock,Returned
ORD102808,CUST5420,Atharv Sarma,73,Other,Delhi,New Delhi,Rohini,974560,24-09-2024,25-09-2024,P914,Namkeen,Snacks,Snacks,Haldiram,0.86,106,81,23,2,163,Debit Card,Cancelled,28,3,Average,Limited,Cancelled
ORD100401,CUST6395,Pranav Yadav,78,Other,Karnataka,Bangalore,Whitefield,138074,01-12-2025,16-01-2025,P376,Sugar,Grocery,Grocery,Madhur,3.52,749,709,5,1,709,UPI,Returned,41,2,Excellent,In Stock,Returned
ORD102461,CUST5509,Sara Mahal,41,Male,Maharashtra,Nagpur,Dharampeth,578655,06-02-2024,02-10-2024,P815,Cake,Bakery,Bakery,Monginis,3.08,66,64,3,6,385,GOOGLE PAY,Pending,63,2,Average,In Stock,Cancelled
ORD101104,CUST8864,Nathan Lad,74,Female,West Bengal,Kolkata,Salt Lake,534974,24-08-2024,28-08-2024,P486,Toothpaste,Personal Care,Personal Care,Colgate,2.91,170,159,6,5,780,Debit Card,Cancelled,18,1,Late delivery,Limited,Delivered
ORD102907,CUST2426,Balendra Jaggi,27,Other,Tamil Nadu,Mumbai,Hinjewadi,669811,07-07-2024,07-08-2024,P403,Apple,Fruits & Vegetables,Fruits & Vegetables,Kashmir Fresh,4.66,363,356,2,3,1068,UPI,Pending,18,5,Excellent,Limited,Pending
ORD102654,CUST8974,Warda Rastogi,37,Other,Tamil Nadu,Coimbatore,Peelamedu,454632,12-02-2024,03-12-2024,P684,Frozen Peas,Frozen Food,Frozen Food,Safal,0.57,450,329,27,7,2304,CASH ON DELIVERY,Delivered,10,1,Average,Limited,Delivered
ORD101449,CUST3235,Omkaar Gokhale,23,Female,Karnataka,Mysore,VV Mohalla,269152,24-01-2025,28-01-2025,P757,Cake,Bakery,Bakery,Monginis,2.43,414,292,30,8,2334,Debit Card,Returned,42,2,Average,Limited,Returned
ORD101509,CUST5620, Chavvi Mammen ,72,Male,Telangana,Hyderabad,Gachibowli,483119,18-04-2024,22-04-2024,P694,Curd,Dairy,Dairy,Britannia,1.31,171,138,19,1,138,GOOGLE PAY,Delivered,76,1,Late delivery,Out of Stock,Cancelled
ORD100172,CUST1004,Dakshesh Sunder,61,Male,West Bengal,Kolkata,Park Street,917068,11-01-2024,12-01-2024,P898,Cake,Bakery,Bakery,Monginis,2.06,172,157,9,5,785,CASH ON DELIVERY,Returned,38,5,Late delivery,Limited,Delivered
ORD103777,CUST7372,Nidra Din,55,Other,Telangana,Hyderabad,Madhapur,146683,13-03-2024,16-03-2024,P687,Biscuits,Snacks,Snacks,Parle,1.53,631,549,13,8,4389,Debit Card,Returned,80,4,Late delivery,Limited,Pending
ORD100667,CUST8170,Laban Behl,64,Male,Maharashtra,Pune,Kothrud,607677,26-01-2025,29-01-2025,P864,Banana,Fruits & Vegetables,Fruits & Vegetables,FreshFarm,3.68,121,81,33,2,163,UPI,Cancelled,75,2,Damaged item,Out of Stock,Cancelled
ORD104262,CUST2191,Frederick Mutti,50,Male,Telangana,PUNE,Gachibowli,534595,07-04-2025,07-04-2025,P327,Biscuits,Snacks,Snacks,Parle,0.25,325,274,16,4,1097,UPI,Pending,48,5,Average,In Stock,Pending
ORD102275,CUST8374,Gavin Dave,80,Male,Telangana,pune,Gachibowli,202344,04-02-2024,05-04-2024,P285,Chips,Snacks,Snacks,Lay's,3.76,65,64,2,7,450,CASH ON DELIVERY,Pending,78,3,Damaged item,Out of Stock,Returned
ORD101813,CUST5445,Zarna Varma,32,Female,West Bengal,Kolkata,Howrah,145884,12-07-2025,16-07-2025,P310,Paneer,Dairy,Dairy,Mother Dairy,4.85,696,562,19,1,562,GOOGLE PAY,Returned,81,3,Average,Limited,Pending
ORD104498,CUST9844, Imaran Tandon ,54,Female,Maharashtra,Pune,Wakad,40594,13-04-2025,16-04-2025,P790,Chips,Snacks,Snacks,Lay's,4.93,89,87,2,5,436,GPAY,Delivered,15,1,Average,Out of Stock,Pending
ORD102523,CUST8401,Victor More,26,Female,Delhi,New Delhi,Dwarka,259955,03-10-2024,04-10-2024,P836,Atta,Grocery,Grocery,Aashirvaad,4.97,210,173,17,3,520,GOOGLE PAY,Delivered,66,3,Late delivery,In Stock,Delivered
ORD101916,CUST4304,Oliver Shan,49,Other,Delhi,New Delhi,Rohini,272344,09-07-2025,07-09-2025,P933,Detergent,Household Items,Household Items,Surf Excel,0.18,479,368,23,8,2835,GPAY,Delivered,9,2,Average,In Stock,Pending
ORD104614,CUST6471,Kashvi Bail,94,Other,Telangana,Hyderabad,Gachibowli,344530,09-04-2025,13-04-2025,P963,Soap,Personal Care,Personal Care,Dove,0.33,98,87,11,2,175,GPAY,Cancelled,30,5,Excellent,Limited,Cancelled
ORD102535,CUST6090,Sarthak Bora,47,Female,Maharashtra,Nagpur,Sitabuldi,99980,25-02-2025,28-02-2025,P199,Ice Cream,Frozen Food,Frozen Food,Amul,1.22,707,544,23,2,1089,GOOGLE PAY,Returned,86,3,Average,In Stock,Pending
ORD100494,CUST1447,Arunima Yohannan,76,Male,West Bengal,Kolkata,Park Street,905372,01-12-2024,03-12-2024,P954,Shampoo,Personal Care,Personal Care,Clinic Plus,4.75,533,363,32,4,1452,UPI,Returned,53,3,Late delivery,Out of Stock,Delivered
ORD102690,CUST1824,Falan Lala,55,Male,Maharashtra,Mumbai,Andheri,230127,19-06-2024,21-06-2024,P825,Ice Cream,Frozen Food,Frozen Food,Amul,0.78,689,625,9,1,625,GPAY,Cancelled,62,4,Damaged item,Limited,Pending
ORD103299,CUST8720,Yachana Tak,28,Female,Maharashtra,Nagpur,Dharampeth,308885,19-09-2024,20-09-2024,P394,Toothpaste,Personal Care,Personal Care,Colgate,4.26,84,69,18,3,207,Debit Card,Cancelled,8,3,Average,Limited,Delivered
ORD104779,null,Jagat Rai,73,Male,maharashtra,Unknown,Banjara Hills,690522,10-04-2025,07-10-2025,P293,Rice,Grocery,Grocery,India Gate,4.31,406,323,7,8,1488,Unknown,Pending,59,3,Average,In Stock,Pending
ORD102028,CUST2703,Janaki Munshi,19,Other,Gujarat,Surat,Vesu,911022,01-07-2024,01-07-2024,P320,Rice,Grocery,Grocery,India Gate,2.08,425,312,27,1,312,GOOGLE PAY,Pending,43,4,Average,In Stock,Pending
ORD100775,CUST5549,Avni Magar,57,Other,Delhi,New Delhi, Dwarka ,98730,05-12-2025,16-05-2025,P198,Tea,Beverages,Beverages,Tata Tea,3.29,90,85,6,2,171,CASH,Pending,86,3,Average,In Stock,Delivered
ORD104217,CUST4767,Azad Sethi,51,Male,West Bengal,Kolkata,Salt Lake,605920,03-08-2024,06-08-2024,P329,Curd,Dairy,Dairy,Britannia,3.72,158,139,12,6,833,GPAY,Delivered,49,4,Average,Out of Stock,Delivered
ORD102896,CUST7605,Yuvraj Goel,50,Male,Telangana,Hyderabad,Madhapur,849917,25-11-2024,27-11-2024,P987,Paneer,Dairy,Dairy,Mother Dairy,2.69,430,401,7,8,3211,Debit Card,Returned,62,1,Damaged item,Out of Stock,Delivered
ORD101004,CUST6715,Abha Sawhney,73,Other,Delhi,New Delhi,Rohini,82291,15-12-2025,17-12-2025,P790,Soft Drink,Beverages,Beverages,Coca-Cola,3.92,681,646,5,8,5165,UPI,Delivered,12,4,Damaged item,In Stock,Returned
ORD102251,CUST5751,Raksha Nath,41,Other,West Bengal,Kolkata, Salt Lake ,370314,04-06-2025,06-06-2025,P925,Chips,Snacks,Snacks,Lay's,4.58,293,269,8,7,1880,Debit Card,Pending,77,3,Good,In Stock,Delivered
ORD104699,CUST7393,Karan Tripathi,59,Male,West Bengal,Kolkata,Park Street,821145,29-03-2024,04-02-2024,P448,Detergent,Household Items,Household Items,Surf Excel,1.52,442,375,15,6,2250,GPAY,Returned,52,2,Average,Out of Stock,Pending
ORD100411,CUST5434,Daksha Sami,67,Male,Maharashtra,Mumbai,Powai,63751,26-12-2024,26-12-2024,P542,Paneer,Dairy,Dairy,Mother Dairy,2.97,216,160,26,1,160,UPI,Cancelled,19,1,Damaged item,Out of Stock,Pending
ORD100258,CUST9425,Radhika Krishnan,80,Male,Karnataka,Bangalore,Koramangala,541721,31-05-2025,03-06-2025,P879,Banana,Fruits & Vegetables,Fruits & Vegetables,FreshFarm,4.92,565,381,33,6,2283,UPI,Returned,35,5,Late delivery,Out of Stock,Cancelled
ORD100900,CUST7007,Chaman Seshadri,41,Male,Maharashtra,Nagpur,Dharampeth,834921,08-01-2025,01-09-2025,P764,Milk,Dairy,Dairy,Amul,4.14,494,364,26,1,364,GPAY,Delivered,84,5,Average,Limited,Returned
ORD103721,CUST5490,Nitara Toor,16,Other,Telangana,Hyderabad, Madhapur ,362411,08-03-2025,04-08-2025,P156,Milk,Dairy,Dairy,Amul,1.25,212,153,28,1,447,UPI,Pending,42,2,Average,In Stock,Returned
ORD104989,CUST2683,Michael Yohannan,74,Female,Tamil Nadu,Chennai,Velachery,525667,01-08-2025,01-10-2025,P137,Bread,Bakery,Bakery,Britannia,0.97,547,451,18,5,2254,CASH,Delivered,77,2,Average,Limited,Cancelled
ORD101606,CUST5401,Omaja Khare,53,Other,Maharashtra,Nagpur,Sitabuldi,612520,17-09-2024,17-09-2024,P735,Shampoo,Personal Care,Personal Care,Clinic Plus,1.86,390,247,37,4,986,CASH,Delivered,65,3,Average,Limited,Cancelled
ORD103949,CUST6150,Upkaar Menon,79,Male,Karnataka,Mysore,Gokulam,900473,07-10-2025,07-10-2025,P456,Apple,Fruits & Vegetables,Fruits & Vegetables,Kashmir Fresh,2.67,171,155,-2,3,465,CASH ON DELIVERY,Cancelled,36,2,Average,Limited,Returned
ORD101664,CUST8846,Waida Bala,80,Female,Gujarat,Surat,Vesu,56396,11-01-2025,11-01-2025,P789,Frozen Peas,Frozen Food,Frozen Food,Safal,3.82,794,767,3,6,4604,UPI,Pending,65,3,Late delivery,In Stock,Pending
ORD101523,CUST8134,Udant Kapur,63,Female,Maharashtra,Pune,Baner,512563,30-09-2025,03-10-2025,P771,Curd,Dairy,Dairy,Britannia,0.12,93,61,35,4,243,UPI,Pending,64,2,Average,Limited,Delivered
ORD101415,CUST2522,Vansha Purohit,69,Female,Maharashtra,Pune,Baner,54822,07-02-2025,09-02-2025,P806,Juice,Beverages,Beverages,Real,3.82,326,233,28,4,934,CASH ON DELIVERY,Delivered,83,1,Damaged item,Limited,Pending
ORD101469,CUST7960,Reyansh Khosla,44,Male,Maharashtra,Pune,Wakad,853168,25-07-2025,28-07-2025,P265,Cake,Bakery,Bakery,Monginis,2.52,452,366,19,8,2928,UPI,Cancelled,18,2,Damaged item,Limited,Pending
ORD100791,CUST6842,Xiti Goswami,66,Male,Maharashtra,Pune,Baner,32414,14-10-2025,14-10-2025,P994,Curd,Dairy,Dairy,Britannia,2.69,261,166,36,6,996,CASH ON DELIVERY,Cancelled,35,4,Good,Out of Stock,Cancelled
ORD100530,CUST9981,Jeet Chhabra,57,Female,Telangana,PUNE,Madhapur,909348,26-06-2025,27-06-2025,P414,Frozen Peas,Frozen Food,Frozen Food,Safal,1.15,189,128,32,4,512,UPI,Returned,67,5,Average,Out of Stock,Cancelled
ORD100897,CUST9713,Eiravati Sodhi,48,Other,Tamil Nadu,Chennai,T Nagar,158888,19-08-2024,23-08-2024,P755,Paneer,Dairy,Dairy,Mother Dairy,4.49,549,434,21,8,3471,UPI,Returned,15,3,Damaged item,Limited,Delivered
ORD102354,null,Brijesh Sehgal,59,Other,Telangana,Unknown,Gachibowli,90463,17-07-2024,17-07-2024,P145,Biscuits,Snacks,Snacks,Parle,2.99,406,323,7,2,1488,Unknown,Pending,24,2,Average,In Stock,Pending
ORD103289,null, Nisha Aurora ,42,Female,Delhi,Unknown,Dwarka,165953,21-03-2025,23-03-2025,P602,Rice,Grocery,Grocery,India Gate,0.61,406,323,32,6,1488,Unknown,Pending,57,1,Average,In Stock,Pending
ORD104574,CUST6729,Zaitra Sastry,78,Male,maharashtra,Ahmedabad, Satellite ,327012,06-01-2025,01-08-2025,P593,Cake,Bakery,Bakery,Monginis,3.43,789,694,12,6,4164,CASH ON DELIVERY,Cancelled,56,3,Average,Out of Stock,Cancelled
ORD104725,CUST5496,Aishani Murty,59,Male,Delhi,PUNE,Dwarka,982344,10-06-2024,06-10-2024,P270,Bread,Bakery,Bakery,Britannia,0.61,44,28,37,4,111,UPI,Delivered,86,2,Average,Out of Stock,Cancelled
ORD100965,CUST1215,Gagan Kuruvilla,29,Other,Tamil Nadu,Coimbatore,RS Puram,164048,23-04-2024,23-04-2024,P434,Sugar,Grocery,Grocery,Madhur,4.35,699,604,14,6,3622,CASH,Pending,44,5,Average,Limited,Cancelled
ORD102514,CUST8710,Gautami Mahal,69,Male,Tamil Nadu,Chennai,Anna Nagar,874773,06-11-2025,09-11-2025,P144,Soft Drink,Beverages,Beverages,Coca-Cola,1.98,311,270,13,7,1888,UPI,Cancelled,52,2,Late delivery,Limited,Pending
ORD100833,CUST9312,Chakrika Wali,80,Female,Gujarat,Ahmedabad,Satellite,386826,16-02-2024,16-02-2024,P763,Cleaner,Household Items,Household Items,Lizol,1.5,710,470,34,7,3289,CASH ON DELIVERY,Returned,14,3,Average,Out of Stock,Delivered
ORD103706,CUST1865,Utkarsh Golla,27,Other,Karnataka,Bangalore,Indiranagar,66891,03-05-2024,09-03-2024,P462,Namkeen,Snacks,Snacks,Haldiram,3.07,78,63,20,6,379,GPAY,Pending,80,3,Average,Limited,Pending
ORD101395,CUST8501,Ira Barman,19,Other,Tamil Nadu,Chennai, Velachery ,531029,24-05-2024,26-05-2024,P457,Bread,Bakery,Bakery,Britannia,3.96,715,712,0,7,4985,UPI,Cancelled,51,2,Average,Out of Stock,Pending
ORD102408,CUST2857,Wriddhish Dass,71,Other,Karnataka,Mysore,VV Mohalla,512515,12-07-2024,15-07-2024,P656,Namkeen,Snacks,Snacks, Haldiram ,3.66,24,21,15,4,82,CASH ON DELIVERY,Delivered,30,1,Average,In Stock,Cancelled
ORD101433,CUST1993,Jeet Badami,56,Other,Karnataka,Bangalore,Whitefield,905015,09-05-2025,11-05-2025,P558,Juice,Beverages,Beverages, Real ,1.68,520,317,39,4,1472,GOOGLE PAY,Delivered,17,3,Average,Out of Stock,Pending
ORD100790,CUST3292,Benjamin Contractor,28,Other,West Bengal,Kolkata,Park Street,677457,24-09-2025,26-09-2025,P515,Detergent,Household Items,Household Items,Surf Excel,0.67,576,419,27,6,2516,CASH,Cancelled,52,3,Average,In Stock,Returned
ORD101784,CUST9305,Caleb Prasad,30,Male,West Bengal,Kolkata,Park Street,472877,03-08-2024,07-08-2024,P920,Tomato,Fruits & Vegetables,Fruits & Vegetables,Organic India,4.79,286,184,36,3,551,GPAY,Pending,52,2,Average,In Stock,Delivered
ORD102598,CUST7709,Jairaj Apte,25,Male,Telangana,Hyderabad,Madhapur,150049,05-04-2024,04-05-2024,P457,Apple,Fruits & Vegetables,Fruits & Vegetables,Kashmir Fresh,2.82,309,222,28,5,1112,Debit Card,Cancelled,48,3,Late delivery,Out of Stock,Delivered
ORD100780,CUST3919,Tanish Kurian,37,Other,Delhi,New Delhi,Rohini,626630,30-05-2025,30-05-2025,P833,Tomato,Fruits & Vegetables,Fruits & Vegetables,Organic India,4.13,777,596,23,6,3576,UPI,Returned,71,3,Average,Out of Stock,Returned
ORD103887,CUST8537,Yagnesh Dalal,75,Male,Tamil Nadu,Mumbai, Navrangpura ,128014,13-07-2025,17-07-2025,P177,Biscuits,Snacks,Snacks,Parle,1.8,636,518,19,5,2589,CASH ON DELIVERY,Returned,64,4,Average,Limited,Pending
ORD101179,null,Jalsa Sethi,65,Female,West Bengal,Unknown,Salt Lake,640637,29-10-2025,02-11-2025,P561,Toothpaste,Personal Care,Personal Care,Colgate,2.59,406,323,19,4,1488,Unknown,Pending,85,4,Average,Limited,Pending
ORD101108,CUST9870,Bina Borah,64,Male,Telangana,Hyderabad,Madhapur,962069,01-01-2024,03-01-2024,P120,Shampoo,Personal Care,Personal Care,Clinic Plus,4.3,720,679,6,5,3395,Debit Card,Cancelled,22,4,Good,Out of Stock,Cancelled
ORD102199,CUST9340,Neelima Rattan,47,Female,Karnataka,Bangalore,Whitefield,245525,17-02-2025,19-02-2025,P343,Tomato,Fruits & Vegetables,Fruits & Vegetables,Organic India,1.96,273,209,23,4,835,CASH,Pending,21,3,Late delivery,Limited,Returned
ORD102851,CUST2918,Nathaniel Ahluwalia,45,Female,maharashtra,Bangalore, Indiranagar ,196607,21-02-2024,21-02-2024,P591,Shampoo,Personal Care,Personal Care,Clinic Plus,1.48,274,207,24,3,622,UPI,Returned,36,1,Excellent,In Stock,Cancelled
ORD103510,CUST8357,Jeevika Raju,30,Other,Tamil Nadu,Chennai,T Nagar,297709,12-01-2024,02-12-2024,P860,Milk,Dairy,Dairy,Amul,4.47,288,250,13,7,1748,UPI,Cancelled,17,3,Average,Out of Stock,Cancelled
ORD101144,CUST9916,Tejas Kata,53,Female,Maharashtra,Mumbai,Bandra,877992,18-09-2025,20-09-2025,P172,Cake,Bakery,Bakery,Monginis,1.3,256,170,34,5,848,GPAY,Pending,76,1,Excellent,Out of Stock,Delivered
ORD103784,CUST2380,Krishna Vora,44,Other,Telangana,Hyderabad,Banjara Hills,894304,23-12-2025,26-12-2025,P152,Toothpaste,Personal Care,Personal Care,Colgate,3.12,286,245,14,3,734,Debit Card,Returned,60,3,Excellent,Limited,Cancelled
ORD100132,CUST4892,Banjeet Chaudhuri,20,Male,West Bengal,Kolkata,Howrah,754220,11-01-2025,04-11-2025,P375,Soft Drink,Beverages,Beverages,Coca-Cola,4.5,49,35,29,8,280,UPI,Cancelled,50,3,Excellent,Out of Stock,Delivered
ORD102476,CUST7031,Gaurang Trivedi,18,Other,Telangana,Hyderabad,Gachibowli,591164,09-04-2025,09-04-2025,P889,Chips,Snacks,Snacks,Lay's,4.64,303,227,25,3,682,CASH ON DELIVERY,Returned,36,3,Excellent,In Stock,Returned
ORD102435,CUST2212,Vivaan Chakrabarti,67,Other,West Bengal,Kolkata,Howrah,631124,20-09-2024,24-09-2024,P459,Soft Drink,Beverages,Beverages,Coca-Cola,4.43,684,566,17,7,3960,CASH,Cancelled,29,5,Good,In Stock,Pending
ORD102834,CUST6230,Rudra Sandhu,33,Male,Tamil Nadu,Mumbai,Gokulam,469758,05-09-2024,09-09-2024,P114,Bread,Bakery,Bakery,Britannia,2.8,395,335,15,3,1006,CASH ON DELIVERY,Pending,64,4,Average,In Stock,Delivered
ORD102913,CUST3817,Champak Bandi,78,Female,Delhi,New Delhi,Rohini,564256,02-03-2025,04-03-2025,P811,Banana,Fruits & Vegetables,Fruits & Vegetables,FreshFarm,2.38,405,310,23,3,931,CASH,Pending,55,1,Good,In Stock,Returned
ORD104305,CUST7313,Chanchal Saraf,26,Female,Telangana,Hyderabad, Banjara Hills ,211545,11-01-2025,14-01-2025,P822,Cleaner,Household Items,Household Items,Lizol,2.68,626,602,4,3,1806,GPAY,Delivered,27,3,Good,Out of Stock,Returned
ORD101972,CUST7745,Simon Srinivas,26,Female,West Bengal,Hyderbad,Park Street,602292,08-09-2025,12-09-2025,P773,Banana,Fruits & Vegetables,Fruits & Vegetables,FreshFarm,4.6,161,105,35,5,523,CASH ON DELIVERY,Cancelled,8,2,Average,Out of Stock,Pending
ORD102417,CUST3187,Januja Banik,23,Male,Delhi,PUNE,Rohini,727765,01-04-2025,06-01-2025,P400,Cake,Bakery,Bakery,Monginis,0.22,733,663,9,7,4644,UPI,Cancelled,49,4,Damaged item,In Stock,Cancelled
ORD100607,CUST9026,Pranav Kata,73,Female,Karnataka,Bangalore,Indiranagar,475726,22-01-2025,26-01-2025,P150,Soap,Personal Care,Personal Care,Dove,1.34,366,249,32,5,1245,GPAY,Returned,39,1,Average,In Stock,Returned
ORD104755,CUST5633,Saanvi Sangha,64,Female,Gujarat,Ahmedabad,Navrangpura,202116,14-01-2024,15-01-2024,P147,Cleaner,Household Items,Household Items,Lizol,1.29,684,546,20,4,2185,Debit Card,Delivered,85,1,Average,Limited,Cancelled
ORD102867,CUST3786,Guneet Johal,30,Male,West Bengal,Kolkata,Salt Lake,10595,08-02-2024,02-12-2024,P935,Bread,Bakery,Bakery,Britannia,3.8,727,482,34,5,2410,Debit Card,Returned,52,4,Average,Out of Stock,Pending
ORD102319,CUST8371,Radha Gokhale,61,Other,West Bengal,Kolkata, Salt Lake ,522750,15-10-2025,19-10-2025,P317,Chips,Snacks,Snacks,Lay's,4.31,312,255,18,1,255,Debit Card,Cancelled,27,3,Good,Limited,Pending
ORD103544,CUST4793,Zarna Shah,35,Other,Delhi,Hyderbad,Saket,724116,23-03-2024,26-03-2024,P479,Milk,Dairy,Dairy,Amul,0.76,132,127,4,7,888,GOOGLE PAY,Pending,13,3,Excellent,In Stock,Pending
ORD102880,CUST6374,Harrison Comar,21,Other,Gujarat,Surat,Vesu,535333,01-09-2025,10-01-2025,P364,Sugar,Grocery,Grocery,Madhur,3.73,546,416,24,5,2082,CASH ON DELIVERY,Delivered,31,5,Late delivery,Limited,Cancelled
ORD104795,CUST6207,Veda Din,32,Male,Karnataka,Bangalore,Indiranagar,100690,23-12-2024,26-12-2024,P930,Rice,Grocery,Grocery,India Gate,3.31,81,76,6,7,535,GOOGLE PAY,Pending,43,4,Good,Limited,Cancelled
ORD100619,CUST9257,Chatresh Ahuja,38,Other,Maharashtra,Nagpur,Dharampeth,317200,25-03-2025,29-03-2025,P367,Bread,Bakery,Bakery,Britannia,0.88,65,55,15,6,207,CASH,Pending,22,3,Average,Limited,Returned
ORD101015,CUST4213,Dhriti Nazareth,29,Other,Telangana,Hyderabad,Madhapur,879902,28-06-2024,07-02-2024,P578,Curd,Dairy,Dairy,Britannia,2.29,333,222,33,5,1108,CASH ON DELIVERY,Returned,85,5,Excellent,Out of Stock,Cancelled
ORD102013,CUST9133,Kashish Das,42,Female,Maharashtra,Nagpur,Sitabuldi,901780,24-03-2024,24-03-2024,P826,Biscuits,Snacks,Snacks,Parle,1.37,420,321,24,7,2246,UPI,Cancelled,40,3,Average,Out of Stock,Pending
ORD104080,null, Chaman Naik ,61,Other,Gujarat,Unknown,Navrangpura,187296,20-03-2025,20-03-2025,P931,Chips,Snacks,Snacks,Lay's,4.6,406,323,32,7,1488,Unknown,Pending,1000,3,Average,Out of Stock,Pending
ORD100702,CUST9361,Oviya Karpe,59,Male,West Bengal,Kolkata,Salt Lake,468563,05-04-2024,07-04-2024,P531,Soap,Personal Care,Personal Care,Dove,3.94,735,510,31,1,510,Debit Card,Pending,83,3,Excellent,Out of Stock,Cancelled
ORD101551,CUST2771,Vrinda Memon,37,Male,Telangana,Hyderabad,Madhapur,343415,01-04-2025,04-05-2025,P769,Juice,Beverages,Beverages,Real,1.88,699,689,1,8,5511,Debit Card,Pending,72,3,Damaged item,Limited,Pending
ORD104156,CUST2272,Alexander Khanna,78,Other,Gujarat,Surat,Adajan,808542,16-02-2025,17-02-2025,P189,Paneer,Dairy,Dairy,Mother Dairy,2.19,405,331,18,2,567,GPAY,Returned,54,5,Damaged item,Out of Stock,Delivered
ORD101296,null,Christopher Basu,57,Other,Gujarat,Unknown,Vesu,697840,08-02-2024,09-02-2024,P825,Ice Cream,Frozen Food,Frozen Food,Amul,4.78,406,323,2,4,1488,Unknown,Pending,22,1,Average,In Stock,Pending
ORD103483,CUST9217,Ansh Bhatt,74,Other,Gujarat,Ahmedabad,Navrangpura,529093,21-11-2025,23-11-2025,P522,Bread,Bakery,Bakery,Britannia,3.8,421,400,5,6,2398,GOOGLE PAY,Delivered,73,5,Damaged item,In Stock,Returned
ORD101952,CUST3859,Patrick Pillay,70,Other,Maharashtra,Mumbai,Bandra,627848,01-01-2024,01-02-2024,P388,Cake,Bakery,Bakery,Monginis,1.4,519,344,34,1,344,Debit Card,Returned,9,4,Damaged item,In Stock,Cancelled
ORD102827,CUST8309,Vivaan Mammen,60,Other,Tamil Nadu,Hyderbad,Anna Nagar,627484,02-03-2025,03-02-2025,P105,Soft Drink,Beverages,Beverages,Coca-Cola,4.71,168,131,22,8,1049,UPI,Cancelled,57,3,Average,Limited,Returned
ORD103438,null,Damini Bera,68,Other,West Bengal,Unknown,Park Street,596110,23-10-2025,23-10-2025,P189,Cleaner,Household Items,Household Items,Lizol,1.48,406,323,24,2,1488,Unknown,Pending,52,4,Average,Out of Stock,Pending
ORD102723,CUST4430,Madhavi Thakur,71,Other,Karnataka,Mysore,Gokulam,902520,27-06-2024,30-06-2024,P140,Curd,Dairy,Dairy,Britannia,1.07,64,43,32,8,347,Debit Card,Pending,72,3,Average,Limited,Returned
ORD100421,CUST2100,Omaja Yohannan,75,Female,Telangana,Hyderabad,Banjara Hills,855251,14-12-2024,15-12-2024,P485,Detergent,Household Items,Household Items,Surf Excel,4.38,168,115,32,8,920,CASH,Delivered,25,5,Excellent,In Stock,Delivered
ORD102363,CUST7959,Raghav Chokshi,22,Other,West Bengal,Kolkata,Salt Lake,196065,02-10-2024,11-02-2024,P771,Paneer,Dairy,Dairy,Mother Dairy,3.81,754,690,-10,3,2070,UPI,Returned,51,3,Excellent,Out of Stock,Delivered
ORD104382,CUST6194,Madhav Vig,55,Other,West Bengal,Kolkata,Howrah,419036,30-05-2024,06-01-2024,P818,Detergent,Household Items,Household Items,Surf Excel,0.62,598,408,32,3,1224,UPI,Cancelled,81,2,Average,Limited,Returned
ORD104716,null,Kashish Seshadri,31,Other,Maharashtra,Unknown,Baner,25905,01-12-2024,02-12-2024,P767,Paneer,Dairy,Dairy,Mother Dairy,1.02,406,323,-12,1,1488,Unknown,Pending,38,4,Average,Out of Stock,Pending
ORD101487,CUST6336,Libni Das,86,Male,Tamil Nadu,Chennai,T Nagar,741360,30-09-2025,03-10-2025,P944,Sugar,Grocery,Grocery,Madhur,4.35,161,145,10,1,145,UPI,Returned,78,4,Good,Out of Stock,Returned
ORD103065,CUST8513,Chandresh Hayre,73,Male,Tamil Nadu,Mumbai,Whitefield,293117,30-07-2025,31-07-2025,P848,Banana,Fruits & Vegetables,Fruits & Vegetables,FreshFarm,3.16,341,291,15,2,581,GPAY,Pending,32,2,Late delivery,In Stock,Pending
ORD100610,null,Jackson Sura,55,Male,Maharashtra,Unknown,Dadar,397085,07-05-2025,08-05-2025,P739,Shampoo,Personal Care,Personal Care,Clinic Plus,1.06,406,323,28,3,1488,Unknown,Pending,59,3,Average,Out of Stock,Pending
ORD103362,CUST6484,Parth Banik,47,Female,Telangana,Hyderabad,Gachibowli,996796,03-11-2025,13-03-2025,P223,Ice Cream,Frozen Food,Frozen Food,Amul,3.92,56,52,8,5,260,UPI,Pending,11,3,Average,In Stock,Pending
ORD102085,CUST7386,Harshil Kothari,68,Male,Delhi,New Delhi,Saket,128717,18-03-2025,22-03-2025,P898,Biscuits,Snacks,Snacks,Parle,3.86,35,22,36,3,67,UPI,Returned,57,2,Good,Limited,Returned
ORD100474,CUST4462,Parth Luthra,25,Male,Delhi,New Delhi,Saket,817030,24-01-2024,26-01-2024,P282,Ice Cream,Frozen Food,Frozen Food, Amul ,4.34,792,594,25,8,4752,Debit Card,Returned,35,4,Excellent,In Stock,Returned
ORD100559,CUST6332,Gautam Dugal,68,Other,Maharashtra,Mumbai,Andheri,473747,16-06-2025,16-06-2025,P504,Detergent,Household Items,Household Items,Surf Excel,2.66,219,179,18,1,179,Debit Card,Returned,22,5,Excellent,Limited,Returned
ORD104014,CUST5698,Elijah Toor,70,Male,Gujarat,Surat,Adajan,8781,03-07-2025,03-07-2025,P974,Paneer,Dairy,Dairy,Mother Dairy,0.48,745,659,12,1,659,UPI,Delivered,39,2,Average,In Stock,Cancelled
ORD102297,CUST4582,Leena Mukherjee,71,Other,Maharashtra,Mumbai,Bandra,787319,13-11-2024,13-11-2024,P673,Biscuits,Snacks,Snacks,Parle,0.66,299,297,1,5,1487,CASH ON DELIVERY,Pending,72,4,Average,Out of Stock,Pending
ORD102952,CUST7792,Lavanya Grover,49,Female,West Bengal,Kolkata,Howrah,372240,13-10-2025,16-10-2025,P922,Milk,Dairy,Dairy,Amul,4.48,683,410,40,5,2052,UPI,Delivered,87,3,Average,In Stock,Delivered
ORD101923,CUST1074,Ikshita Oommen,72,Other,Tamil Nadu,Chennai,Anna Nagar,37059,21-07-2024,24-07-2024,P796,Chips,Snacks,Snacks,Lay's,1.33,787,652,17,5,3262,UPI,Cancelled,65,1,Average,Out of Stock,Pending
ORD103621,CUST7308,Kevin Srivastava,53,Other,Gujarat,Surat,Vesu,830610,03-01-2025,03-05-2025,P724,Toothpaste,Personal Care,Personal Care,Colgate,0.17,776,524,32,5,2621,CASH,Cancelled,50,4,Average,In Stock,Delivered
ORD101980,CUST3721,Michael Sinha,40,Male,Tamil Nadu,Coimbatore,Peelamedu,976021,20-06-2024,23-06-2024,P874,Frozen Peas,Frozen Food,Frozen Food,Safal,0.94,324,258,20,8,2067,UPI,Cancelled,50,4,Excellent,In Stock,Cancelled
ORD101579,CUST5682,Falan Radhakrishnan,58,Other,Maharashtra,Mumbai,Powai,756823,25-09-2024,25-09-2024,P188,Paneer,Dairy,Dairy,Mother Dairy,3.33,165,116,30,6,696,Debit Card,Delivered,61,3,Average,Out of Stock,Delivered
ORD102681,CUST5241,Chavvi Ganesh,54,Male,Maharashtra,Mumbai,Andheri,533422,13-09-2025,16-09-2025,P632,Bread,Bakery,Bakery,Britannia,2.13,378,243,36,3,730,UPI,Returned,78,3,Good,Out of Stock,Cancelled
ORD101987,null,Vidhi Sachdev,66,Other,Tamil Nadu,Unknown,RS Puram,260183,06-06-2024,10-06-2024,P641,Frozen Peas,Frozen Food,Frozen Food,Safal,1.4,406,323,2,5,1488,Unknown,Pending,70,1,Average,Out of Stock,Pending
ORD102192,null,Alexander Baria,63,Other,maharashtra,Unknown,Wakad,186472,11-08-2024,11-08-2024,P762,Curd,Dairy,Dairy,Britannia,3.73,406,323,19,8,1488,Unknown,Pending,50,3,Average,Out of Stock,Pending
ORD104268,CUST7373,Sneha Karnik,35,Other,Gujarat,Hyderbad,Vesu,679368,11-05-2025,11-05-2025,P407,Cake,Bakery,Bakery,Monginis,1.81,120,101,16,5,337,CASH ON DELIVERY,Pending,84,3,Good,In Stock,Cancelled
ORD100508,CUST6690,Mitali Ghosh,44,Other,Delhi,New Delhi,Dwarka,436820,20-10-2025,20-10-2025,P687,Apple,Fruits & Vegetables,Fruits & Vegetables,Kashmir Fresh,4.33,112,101,9,2,202,UPI,Returned,13,3,Average,Out of Stock,Delivered
ORD104606,CUST1387,Rishi Walla,66,Female,West Bengal,Kolkata,Howrah,594072,28-02-2024,03-03-2024,P446,Tomato,Fruits & Vegetables,Fruits & Vegetables,Organic India,1.46,190,172,10,2,344,UPI,Returned,76,3,Damaged item,Out of Stock,Returned
ORD104151,CUST9041,Januja Bedi,59,Female,Telangana,pune,Madhapur,839250,11-08-2025,13-08-2025,P460,Banana,Fruits & Vegetables,Fruits & Vegetables,FreshFarm,0.64,109,81,26,6,487,GPAY,Cancelled,50,4,Good,Limited,Pending
ORD102430,CUST6943,Lakshmi Thaker,55,Male,Gujarat,Surat,Vesu,501546,18-02-2025,20-02-2025,P466,Cleaner,Household Items,Household Items,Lizol,2.11,310,247,20,3,741,GPAY,Pending,8,4,Late delivery,Out of Stock,Pending
ORD104688,CUST5863,Lekha Jani,71,Female,Karnataka,Bangalore,Indiranagar,684359,01-03-2025,01-05-2025,P916,Paneer,Dairy,Dairy,Mother Dairy,4.26,651,572,12,6,3433,CASH,Cancelled,65,1,Damaged item,Out of Stock,Returned
ORD103191,CUST1222,Xiti Munshi,47,Other,Telangana,Hyderabad,Madhapur,568061,22-08-2024,23-08-2024,P203,Sugar,Grocery,Grocery,Madhur,2.23,178,132,26,2,264,CASH ON DELIVERY,Pending,47,5,Damaged item,Out of Stock,Pending
ORD101499,CUST7360,Nathaniel Sehgal,78,Female,West Bengal,Kolkata,Howrah,578067,02-04-2024,05-04-2024,P541,Apple,Fruits & Vegetables,Fruits & Vegetables,Kashmir Fresh,0.98,218,188,14,4,751,Debit Card,Pending,20,3,Excellent,Out of Stock,Cancelled
ORD102906,CUST4039,Azad Shanker,66,Other,Telangana,Hyderabad,Madhapur,182839,08-04-2024,04-08-2024,P515,Soap,Personal Care,Personal Care,Dove,3.88,468,326,30,3,977,UPI,Returned,65,3,Good,Limited,Cancelled
ORD101139,CUST2773,Nidra Samra,49,Other,Karnataka,Mysore,Gokulam,691607,07-08-2024,08-08-2024,P210,Ice Cream,Frozen Food,Frozen Food,Amul,1.92,569,451,21,8,3607,CASH,Returned,69,2,Good,In Stock,Pending
ORD103654,CUST6542,Zayan Lata,34,Other,Telangana,Hyderabad,Gachibowli,706514,09-10-2024,10-12-2024,P577,Namkeen,Snacks,Snacks,Haldiram,3.4,212,134,37,5,670,UPI,Delivered,44,5,Damaged item,Limited,Pending
ORD104720,CUST7060,Kashish Mangat,66,Female,Tamil Nadu,Chennai,Anna Nagar,752319,22-11-2024,22-11-2024,P154,Detergent,Household Items,Household Items,Surf Excel,1.88,374,305,18,4,1221,GPAY,Returned,42,2,Excellent,In Stock,Pending
ORD103442,CUST5969,Upma Sodhi,73,Other,Maharashtra,Nagpur, Sitabuldi ,552024,02-09-2025,05-09-2025,P727,Bread,Bakery,Bakery,Britannia,2.36,656,499,24,6,2996,Debit Card,Returned,81,1,Average,Limited,Delivered
ORD102801,CUST6175,Ishani Basu,52,Other,West Bengal,Kolkata, Salt Lake ,444676,10-06-2024,11-06-2024,P538,Soap,Personal Care,Personal Care,Dove,4.96,223,156,30,8,1248,UPI,Cancelled,87,3,Average,Out of Stock,Returned
ORD101305,CUST6398,Mahika Bhalla,78,Other,Delhi,New Delhi,Saket,969895,06-12-2025,14-06-2025,P342,Bread,Bakery,Bakery,Britannia,2.68,610,484,21,8,3876,UPI,Cancelled,42,5,Late delivery,Out of Stock,Pending
ORD103198,CUST7254,Girindra Kala,32,Other,Delhi,New Delhi, Dwarka ,352448,12-01-2025,04-12-2025,P683,Shampoo,Personal Care,Personal Care,Clinic Plus,2.24,740,572,-14,3,1716,GPAY,Cancelled,10,1,Excellent,Out of Stock,Pending
ORD101927,CUST7842, Dalbir Sur ,40,Other,Gujarat,PUNE,Navrangpura,719926,08-06-2025,10-08-2025,P874,Frozen Peas,Frozen Food,Frozen Food,Safal,2.86,286,235,18,5,1173,CASH ON DELIVERY,Delivered,79,3,Late delivery,Out of Stock,Cancelled
ORD101457,CUST9540,Nikita Subramaniam,49,Male,Telangana,Hyderabad,Banjara Hills,73206,23-01-2024,26-01-2024,P457,Shampoo,Personal Care,Personal Care,Clinic Plus,4.98,180,171,5,4,685,Debit Card,Pending,26,2,Average,Limited,Delivered
ORD103472,CUST6867,Waida Goswami,76,Female,Karnataka,Bangalore,Indiranagar,616003,29-03-2025,29-03-2025,P942,Cleaner,Household Items,Household Items,Lizol,3.71,223,186,17,3,558,UPI,Cancelled,73,2,Average,Out of Stock,Pending
ORD100769,CUST4104,Anya Kade,57,Other,Delhi,New Delhi,Dwarka,671223,22-01-2024,23-01-2024,P363,Soft Drink,Beverages,Beverages,Coca-Cola,3.16,691,584,15,1,584,UPI,Returned,48,3,Average,In Stock,Pending
ORD103547,CUST4671,Reyansh Doctor,46,Other,Delhi,New Delhi,Saket,276550,05-10-2025,10-05-2025,P584,Detergent,Household Items,Household Items,Surf Excel,3.18,111,108,3,1,108,CASH,Pending,652,4,Average,Limited,Pending
ORD101990,CUST5613,Bishakha Rau,71,Other,Maharashtra,Pune,Kothrud,286408,02-10-2024,06-10-2024,P183,Frozen Peas,Frozen Food,Frozen Food,Safal,3.98,24,18,25,2,36,Debit Card,Returned,22,2,Average,In Stock,Pending
ORD102345,CUST8046,Maya Acharya,19,Female,Gujarat,Ahmedabad,Navrangpura,23346,03-04-2025,07-04-2025,P623,Milk,Dairy,Dairy,Amul,0.92,387,291,25,8,2329,UPI,Cancelled,39,2,Late delivery,In Stock,Cancelled
ORD101302,CUST3531,Gunbir Tak,45,Female,Telangana,Hyderabad,Banjara Hills,151106,24-08-2025,25-08-2025,P899,Cleaner,Household Items,Household Items,Lizol,0.37,176,119,33,1,119,CASH ON DELIVERY,Cancelled,922,2,Average,Limited,Delivered
ORD103306,CUST1783,Fariq Naidu,26,Male,Karnataka,Mysore,VV Mohalla,740054,13-03-2024,14-03-2024,P223,Ice Cream,Frozen Food,Frozen Food,Amul,3.05,264,194,26,6,1166,UPI,Returned,88,2,Average,Out of Stock,Returned
ORD100218,CUST8426,Teerth Jhaveri,60,Female,Maharashtra,Mumbai,Powai,274929,25-08-2024,26-08-2024,P586,Cake,Bakery,Bakery,Monginis,0.65,692,586,15,3,1757,GPAY,Returned,49,3,Average,Out of Stock,Pending
ORD101133,CUST1012,Darsh Naidu,33,Female,Tamil Nadu,Chennai,T Nagar,621529,24-02-2025,25-02-2025,P420,Frozen Peas,Frozen Food,Frozen Food,Safal,0.3,544,516,5,2,1032,UPI,Delivered,9,5,Average,Limited,Returned
ORD100004,CUST6573,Naksh Dyal,74,Male,Gujarat,Ahmedabad, Satellite ,665170,25-01-2025,29-01-2025,P261,Tomato,Fruits & Vegetables,Fruits & Vegetables,Organic India,2.32,433,428,1,8,3591,CASH ON DELIVERY,Cancelled,42,2,Average,In Stock,Cancelled
ORD100438,CUST8053,Gautam Lanka,78,Other,West Bengal,Kolkata,Salt Lake,718739,15-12-2024,15-12-2024,P730,Soft Drink,Beverages,Beverages,Coca-Cola,1.64,243,183,25,7,1279,GOOGLE PAY,Cancelled,34,1,Excellent,Out of Stock,Returned
ORD101669,CUST5217,Tripti Sridhar,40,Other,Delhi,New Delhi,Dwarka,121185,12-02-2024,16-02-2024,P687,Rice,Grocery,Grocery,India Gate,0.32,434,307,29,1,307,Debit Card,Cancelled,41,2,Late delivery,Out of Stock,Returned
ORD100249,CUST4197, Bakhshi Master ,40,Other,West Bengal,Hyderbad,Howrah,853339,05-05-2025,05-05-2025,P900,Apple,Fruits & Vegetables,Fruits & Vegetables,Kashmir Fresh,4.68,549,355,35,3,1065,GOOGLE PAY,Pending,15,1,Average,Out of Stock,Delivered
ORD103227,CUST3006,Dayamai Bhakta,79,Other,Karnataka,Mysore,VV Mohalla,745643,19-01-2025,21-01-2025,P689,Detergent,Household Items,Household Items,Surf Excel,3.67,500,382,24,2,765,GPAY,Cancelled,706,4,Average,Out of Stock,Cancelled
ORD103190,CUST5358,Lakshit Nadig,19,Male,Tamil Nadu,Chennai,Anna Nagar,414786,07-10-2024,10-09-2024,P920,Detergent,Household Items,Household Items,Surf Excel,4.55,239,231,3,1,231,UPI,Returned,50,3,Damaged item,Out of Stock,Returned
ORD104659,CUST4378,Diya Rau,78,Male,Maharashtra,Pune,Baner,517527,08-08-2025,08-11-2025,P487,Tomato,Fruits & Vegetables,Fruits & Vegetables,Organic India,2.64,358,274,23,2,627,GPAY,Cancelled,29,2,Average,In Stock,Delivered
ORD100101,CUST2931,Michael Toor,23,Male,Delhi,New Delhi,Saket,822334,22-12-2024,24-12-2024,P287,Frozen Peas,Frozen Food,Frozen Food,Safal,1.93,502,464,7,8,3713,UPI,Returned,48,5,Late delivery,Limited,Returned
ORD102484,CUST7277,Jyoti Palla,31,Female,Telangana,Hyderabad,Gachibowli,245910,01-12-2024,12-01-2024,P995,Atta,Grocery,Grocery,Aashirvaad,2.85,43,39,8,7,275,UPI,Returned,57,4,Good,Out of Stock,Delivered
ORD103139,CUST3626,Yashawini Ghose,79,Other,Karnataka,Bangalore,Whitefield,334989,21-12-2024,23-12-2024,P175,Sugar,Grocery,Grocery,Madhur,0.74,212,166,22,1,166,UPI,Returned,70,3,Average,Out of Stock,Returned
ORD100609,CUST2755,Idika Kari,65,Male,Tamil Nadu,Chennai,Anna Nagar,986426,22-04-2024,24-04-2024,P929,Detergent,Household Items,Household Items,Surf Excel,1.3,427,374,12,6,2245,CASH ON DELIVERY,Pending,16,4,Average,In Stock,Pending
ORD103728,CUST6829,Damyanti Amble,80,Male,Delhi,New Delhi,Dwarka,262333,29-12-2025,02-01-2026,P545,Ice Cream,Frozen Food,Frozen Food,Amul,0.64,736,667,9,5,3335,UPI,Delivered,46,2,Damaged item,Out of Stock,Pending
ORD101309,CUST9084,Kabir Sant,48,Male,maharashtra,Hyderabad,Banjara Hills,507446,08-10-2024,14-08-2024,P995,Banana,Fruits & Vegetables,Fruits & Vegetables, FreshFarm ,1.72,136,97,28,8,777,GOOGLE PAY,Cancelled,10,3,Average,Limited,Returned
ORD101154,CUST9618,Vedant Krishnamurthy,65,Female,maharashtra,Bangalore,Indiranagar,372167,06-11-2024,11-09-2024,P349,Sugar,Grocery,Grocery,Madhur,4.19,233,186,20,3,558,UPI,Returned,52,4,Average,Out of Stock,Delivered
ORD104762,CUST5909,Vanya Chanda,76,Other,Telangana,Hyderabad,Banjara Hills,718253,08-11-2024,15-08-2024,P847,Bread,Bakery,Bakery,Britannia,1.38,145,139,-19,1,139,UPI,Cancelled,55,1,Good,Out of Stock,Returned
ORD101488,CUST1967,Parth Konda,66,Male,West Bengal,Kolkata,Howrah,871802,14-03-2024,18-03-2024,P427,Cake,Bakery,Bakery,Monginis,4.04,790,721,9,3,2164,GOOGLE PAY,Delivered,37,5,Average,In Stock,Pending
ORD103785,CUST9229, Alka Koshy ,35,Female,Telangana,Hyderabad,Gachibowli,5389,17-04-2024,19-04-2024,P433,Chips,Snacks,Snacks,Lay's,4.18,336,227,32,6,1365,UPI,Returned,63,1,Excellent,In Stock,Pending
ORD100734,CUST5271,Krishna Murty,52,Male,Telangana,PUNE,Gachibowli,130774,02-09-2024,09-03-2024,P346,Cleaner,Household Items,Household Items,Lizol,0.48,759,751,1,5,3755,CASH ON DELIVERY,Cancelled,39,5,Damaged item,Out of Stock,Delivered
ORD102967,CUST1196,Devansh Mitter,32,Other,Tamil Nadu,pune, Peelamedu ,750372,05-06-2025,05-06-2025,P428,Banana,Fruits & Vegetables,Fruits & Vegetables,FreshFarm,1.75,100,89,11,2,178,GOOGLE PAY,Returned,71,3,Good,Out of Stock,Cancelled
ORD101781,CUST1761,Vrishti Shere,57,Other,Tamil Nadu,pune,RS Puram,433570,05-05-2024,05-09-2024,P197,Tomato,Fruits & Vegetables,Fruits & Vegetables,Organic India,2.33,51,40,22,2,217,CASH ON DELIVERY,Cancelled,76,3,Damaged item,Limited,Returned
ORD103673,CUST3917,Jagvi Palla,22,Other,maharashtra,Hyderabad,Banjara Hills,642726,04-01-2024,06-01-2024,P686,Bread,Bakery,Bakery,Britannia,1.69,341,236,31,2,472,UPI,Returned,37,4,Average,Limited,Returned
ORD100467,CUST7921,Qushi Kothari,47,Male,Gujarat,Ahmedabad,Satellite,365001,03-12-2025,03-12-2025,P364,Tomato,Fruits & Vegetables,Fruits & Vegetables,Organic India,3.74,647,391,40,7,2739,UPI,Returned,991,3,Average,Out of Stock,Cancelled
ORD103993,CUST9039,Widisha Tank,59,Female,Telangana,pune,Gachibowli,369733,02-07-2024,07-04-2024,P291,Apple,Fruits & Vegetables,Fruits & Vegetables,Kashmir Fresh,4.89,369,337,9,2,675,UPI,Returned,90,2,Average,In Stock,Delivered
ORD103617,CUST2110,Riya Golla,77,Other,Maharashtra,Nagpur,Sitabuldi,189129,10-01-2024,10-01-2024,P447,Chips,Snacks,Snacks,Lay's,3.74,730,562,23,6,3371,GPAY,Cancelled,37,5,Average,Limited,Delivered
ORD103467,null,Mohammed Kala,62,Other,Maharashtra,Unknown,Hinjewadi,519022,25-09-2025,26-09-2025,P312,Soft Drink,Beverages,Beverages,Coca-Cola,2.53,406,323,15,1,1488,Unknown,Pending,10,5,Average,Out of Stock,Pending
ORD103063,CUST6004,Aayush Chander,46,Other,Telangana,Hyderabad,Madhapur,977470,05-02-2024,08-02-2024,P864,Juice,Beverages,Beverages,Real,3.84,159,125,22,5,624,GOOGLE PAY,Pending,59,3,Average,Limited,Pending
ORD104215,CUST5161, Rayaan Khatri ,50,Other,Telangana,Hyderabad,Banjara Hills,707076,26-07-2024,26-07-2024,P873,Soap,Personal Care,Personal Care,Dove,1.93,308,260,15,1,260,Debit Card,Delivered,47,4,Late delivery,Out of Stock,Cancelled
ORD104573,CUST2773,Vinaya Rastogi,37,Female,Telangana,Hyderabad,Banjara Hills,652003,06-06-2025,09-06-2025,P762,Shampoo,Personal Care,Personal Care,Clinic Plus,3.25,375,334,11,1,334,CASH,Pending,9,3,Average,Out of Stock,Returned
ORD104077,null,Nirja Guha,86,Male,Delhi,Unknown,Saket,832214,12-12-2025,13-12-2025,P608,Banana,Fruits & Vegetables,Fruits & Vegetables,FreshFarm,2.29,406,323,16,2,1488,Unknown,Pending,31,1,Average,Limited,Pending
ORD104734,CUST8699,Garima Kadakia,45,Male,West Bengal,Kolkata, Salt Lake ,371683,25-02-2024,28-02-2024,P250,Biscuits,Snacks,Snacks,Parle,1.98,181,114,37,5,572,GPAY,Returned,35,4,Average,Out of Stock,Delivered
ORD101110,CUST2108,Ishwar Sandhu,16,Male,Telangana,PUNE,Madhapur,829457,16-08-2025,16-08-2025,P519,Milk,Dairy,Dairy,Amul,3.93,766,576,25,5,2881,GPAY,Delivered,60,4,Damaged item,Out of Stock,Returned
ORD102017,CUST8164, Irya Kadakia ,51,Female,Telangana,Hyderabad,Banjara Hills,179076,07-05-2024,07-07-2024,P212,Cake,Bakery,Bakery,Monginis,1.98,501,492,2,6,2950,CASH,Delivered,49,2,Damaged item,In Stock,Cancelled
ORD100585,CUST7994,Ira Misra,54,Other,Tamil Nadu,Mumbai,Adajan,68732,04-05-2024,09-04-2024,P315,Chips,Snacks,Snacks, Lay's ,0.1,235,162,31,7,1000,UPI,Pending,27,3,Average,Out of Stock,Delivered
ORD103666,CUST1330,Naveen Acharya,30,Other,Maharashtra,Pune,Hinjewadi,918369,03-03-2024,03-06-2024,P291,Tea,Beverages,Beverages,Tata Tea,2.23,155,113,28,5,563,UPI,Returned,29,1,Damaged item,In Stock,Cancelled
ORD103293,CUST5543,Falan Pant,31,Female,Delhi,New Delhi,Rohini,925033,23-08-2025,27-08-2025,P657,Tomato,Fruits & Vegetables,Fruits & Vegetables,Organic India,1.67,286,202,30,3,605,UPI,Delivered,22,5,Good,Out of Stock,Returned
ORD102718,CUST3635,Aditya Anand,77,Male,Tamil Nadu,Chennai,Velachery,282620,04-02-2024,07-02-2024,P230,Biscuits,Snacks,Snacks,Parle,3.43,74,67,-18,1,67,CASH,Cancelled,73,5,Late delivery,In Stock,Returned
ORD101805,CUST8313,Krisha Andra,79,Female,Gujarat,Ahmedabad,Navrangpura,595017,15-10-2025,15-10-2025,P773,Curd,Dairy,Dairy,Britannia,4.55,376,229,39,6,1373,UPI,Cancelled,49,3,Average,Out of Stock,Returned
ORD104140,CUST9675, Edhitha Rajan ,28,Other,Karnataka,Mysore,VV Mohalla,730289,30-11-2025,04-12-2025,P787,Apple,Fruits & Vegetables,Fruits & Vegetables,Kashmir Fresh,1.49,131,96,26,4,385,GOOGLE PAY,Cancelled,12,3,Average,Out of Stock,Pending
ORD101548,null,Avni Khosla,60,Male,West Bengal,Unknown,Howrah,106488,02-04-2024,05-04-2024,P496,Namkeen,Snacks,Snacks,Haldiram,4.66,406,323,33,2,1488,Unknown,Pending,14,2,Average,Out of Stock,Pending
ORD103269,CUST2012,Tanish Puri,19,Other,Karnataka,PUNE,Gokulam,59575,02-06-2024,04-06-2024,P159,Biscuits,Snacks,Snacks,Parle,0.24,62,47,24,4,187,GPAY,Pending,76,5,Excellent,Out of Stock,Pending
ORD103054,CUST2018,Ladli Swamy,41,Male,West Bengal,Kolkata,Park Street,763788,07-04-2024,04-07-2024,P867,Tomato,Fruits & Vegetables,Fruits & Vegetables,Organic India,4.42,215,214,0,4,856,Debit Card,Returned,90,1,Average,Out of Stock,Cancelled
ORD104985,CUST1756,Ishaan Soni,65,Other,Karnataka,Bangalore,Koramangala,949393,16-08-2025,16-08-2025,P612,Detergent,Household Items,Household Items,Surf Excel,2,362,225,38,8,2062,UPI,Pending,72,5,Average,Out of Stock,Returned
ORD103297,CUST9246,Ronith Sachdev,62,Other,Delhi,New Delhi,Dwarka,6577,01-08-2024,10-01-2024,P657,Cake,Bakery,Bakery,Monginis,1.59,349,254,27,5,1271,CASH ON DELIVERY,Delivered,26,3,Average,Out of Stock,Delivered
ORD100756,null,Ekavir Bhalla,31,Other,Telangana,Unknown,Banjara Hills,151372,29-05-2024,30-05-2024,P355,Detergent,Household Items,Household Items,Surf Excel,0.87,406,323,20,1,1488,Unknown,Pending,76,1,Average,In Stock,Pending
ORD104169,CUST8736,Raagini Bhardwaj,41,Female,Maharashtra,Mumbai,Bandra,367842,12-01-2025,05-12-2025,P579,Bread,Bakery,Bakery, Britannia ,2.09,511,356,30,3,1067,UPI,Delivered,61,5,Damaged item,Limited,Returned
ORD103541,CUST6652, Gopal Agate ,19,Other,Delhi,New Delhi,Dwarka,856844,10-11-2025,12-10-2025,P426,Sugar,Grocery,Grocery,Madhur,4.51,362,295,18,6,1772,UPI,Delivered,84,1,Good,In Stock,Delivered
ORD102749,CUST1981,Bina Gandhi,35,Female,Telangana,Hyderabad,Madhapur,203620,04-11-2024,11-05-2024,P741,Soft Drink,Beverages,Beverages,Coca-Cola,0.32,381,236,38,3,709,GOOGLE PAY,Delivered,69,2,Average,Out of Stock,Cancelled
ORD100284,CUST8371, Ekavir Sura ,38,Other,Telangana,Hyderabad,Banjara Hills,546958,08-11-2025,11-11-2025,P992,Milk,Dairy,Dairy,Amul,4.07,633,593,6,3,1780,UPI,Pending,66,3,Average,Out of Stock,Delivered
ORD102163,CUST1050,Bahadurjit Goswami,49,Other,West Bengal,Kolkata,Howrah,149780,12-02-2025,02-12-2025,P654,Chips,Snacks,Snacks,Lay's,3.74,598,413,31,6,2475,GPAY,Delivered,66,3,Damaged item,In Stock,Cancelled
ORD103852,null,Garima Gupta,44,Female,Gujarat,Unknown,Satellite,503876,28-05-2025,28-05-2025,P282,Frozen Peas,Frozen Food,Frozen Food,Safal,2.1,406,323,28,5,1488,Unknown,Pending,57,3,Average,Out of Stock,Pending
ORD100042,CUST4538,Jackson Mital,71,Male,West Bengal,Kolkata,Salt Lake,454712,16-10-2025,20-10-2025,P907,Sugar,Grocery,Grocery,Madhur,4.51,59,44,27,1,44,UPI,Cancelled,34,2,Average,Out of Stock,Pending
ORD103234,CUST1632,Nakul Deshpande,42,Male,Gujarat,Ahmedabad,Satellite,433909,30-12-2024,30-12-2024,P889,Bread,Bakery,Bakery,Britannia,2.58,143,107,25,6,641,UPI,Pending,70,5,Good,In Stock,Delivered
ORD100635,CUST9998,Simon Rattan,57,Male,Gujarat,Ahmedabad,Navrangpura,762525,18-10-2024,18-10-2024,P881,Detergent,Household Items,Household Items,Surf Excel,1.86,769,734,5,6,4405,CASH ON DELIVERY,Pending,11,3,Excellent,In Stock,Returned
ORD100430,CUST6877,Aashi Shan,47,Female,Telangana,Hyderabad,Gachibowli,980599,10-02-2024,10-04-2024,P323,Soft Drink,Beverages,Beverages,Coca-Cola,2.1,117,97,17,1,97,CASH,Delivered,-20,5,Average,Out of Stock,Delivered
ORD100080,CUST6375,Lucky Gaba,54,Other,West Bengal,Kolkata,Park Street,898427,02-04-2025,06-04-2025,P796,Apple,Fruits & Vegetables,Fruits & Vegetables,Kashmir Fresh,1.11,81,67,17,6,401,CASH,Returned,29,5,Damaged item,In Stock,Returned
ORD102313,CUST6324,Lekha Dutt,48,Male,Maharashtra,pune,Baner,873111,30-01-2024,03-02-2024,P913,Banana,Fruits & Vegetables,Fruits & Vegetables,FreshFarm,4.17,288,241,16,3,700,CASH,Delivered,28,3,Average,Out of Stock,Delivered
ORD104475,CUST1938,Frado Vyas,52,Male,West Bengal,Kolkata,Park Street,77706,28-11-2024,29-11-2024,P871,Bread,Bakery,Bakery,Britannia,0.36,49,37,24,1,37,Debit Card,Pending,9,5,Average,Limited,Cancelled
ORD104728,CUST5710,Anya Srinivasan,43,Other,Telangana,Hyderabad,Banjara Hills,596643,03-05-2025,05-07-2025,P597,Namkeen,Snacks,Snacks,Haldiram,1.45,755,653,14,4,2611,Debit Card,Delivered,29,4,Average,Out of Stock,Returned
ORD100193,CUST4943,Ranbir Rajan,58,Other,Delhi,New Delhi,Saket,362746,09-06-2025,09-09-2025,P484,Namkeen,Snacks,Snacks,Haldiram,3.85,724,594,18,6,3562,CASH ON DELIVERY,Cancelled,49,4,Damaged item,Out of Stock,Delivered
ORD104820,CUST9479,Laksh Dash,52,Other,West Bengal,Kolkata,Park Street,378021,15-12-2025,19-12-2025,P639,Apple,Fruits & Vegetables,Fruits & Vegetables,Kashmir Fresh,2.94,57,49,14,8,242,CASH ON DELIVERY,Pending,47,4,Good,Limited,Pending
ORD102883,CUST7531,Sarthak Khurana,56,Male,West Bengal,Kolkata,Salt Lake,91529,21-09-2025,23-09-2025,P463,Biscuits,Snacks,Snacks,Parle,0.32,706,658,7,6,3945,CASH ON DELIVERY,Returned,29,3,Average,Limited,Delivered
ORD100782,CUST6029,Andrew Ravel,53,Other,Tamil Nadu,Coimbatore,Peelamedu,147114,25-02-2025,28-02-2025,P361,Namkeen,Snacks,Snacks,Haldiram,2.84,69,54,22,5,268,CASH ON DELIVERY,Cancelled,66,3,Good,Limited,Pending
ORD103872,CUST4917,Thomas Wali,25,Other,West Bengal,Kolkata,Salt Lake,656958,30-01-2024,31-01-2024,P899,Banana,Fruits & Vegetables,Fruits & Vegetables,FreshFarm,1.3,181,137,24,1,360,CASH,Returned,79,5,Damaged item,Limited,Delivered
ORD103174,CUST2582,Brinda Bala,42,Other,Karnataka,Bangalore,Whitefield,410787,29-08-2025,30-08-2025,P488,Toothpaste,Personal Care,Personal Care,Colgate,3.28,581,459,21,1,459,GPAY,Pending,63,3,Average,Out of Stock,Pending
ORD100137,CUST4111,Anmol Biswas,44,Female,Karnataka,Bangalore,Koramangala,630448,09-06-2025,09-09-2025,P327,Rice,Grocery,Grocery,India Gate,3.46,551,490,11,6,2937,CASH ON DELIVERY,Returned,12,3,Average,Out of Stock,Pending
ORD104588,CUST4523,Harini Karan,60,Male,Karnataka,Mysore,VV Mohalla,322718,14-10-2025,17-10-2025,P815,Namkeen,Snacks,Snacks,Haldiram,2.57,637,625,2,2,1250,CASH,Pending,53,3,Average,In Stock,Returned
ORD100733,CUST2607,Lajita Mohanty,79,Other,Telangana,Hyderabad,Madhapur,678038,17-12-2024,21-12-2024,P251,Namkeen,Snacks,Snacks,Haldiram,3.23,228,151,34,6,903,CASH ON DELIVERY,Cancelled,71,1,Average,Limited,Returned
ORD102689,CUST7058,Elijah Parikh,35,Male,Tamil Nadu,Coimbatore, Peelamedu ,486736,21-06-2025,24-06-2025,P603,Tomato,Fruits & Vegetables,Fruits & Vegetables,Organic India,4.86,496,431,13,8,3525,GOOGLE PAY,Cancelled,48,4,Average,In Stock,Pending
ORD102759,CUST3621,Henry Behl,22,Female,Maharashtra,Nagpur,Dharampeth,278698,24-02-2024,24-02-2024,P383,Namkeen,Snacks,Snacks,Haldiram,3.34,718,629,12,6,3773,GOOGLE PAY,Pending,36,1,Late delivery,Limited,Delivered
ORD100946,CUST3304,Mohini Batra,16,Male,Tamil Nadu,Mumbai,Gachibowli,585729,06-05-2025,06-05-2025,P384,Ice Cream,Frozen Food,Frozen Food,Amul,0.28,266,187,30,2,373,GOOGLE PAY,Pending,74,2,Late delivery,Limited,Pending
ORD100735,CUST6496,Tamanna Modi,35,Male,Telangana,Hyderbad,Madhapur,6225,07-12-2025,11-12-2025,P547,Cake,Bakery,Bakery,Monginis,1.92,410,376,8,5,1881,GPAY,Cancelled,89,4,Average,Limited,Returned
ORD102859,CUST5543,Janya Wason,22,Other,Delhi,New Delhi,Dwarka,532889,18-10-2024,22-10-2024,P712,Detergent,Household Items,Household Items,Surf Excel,2.11,442,372,16,5,1860,UPI,Returned,31,1,Late delivery,Limited,Pending
ORD102675,null,Rachana Chaudhari,59,Male,Karnataka,Unknown,Koramangala,38376,16-03-2024,20-03-2024,P353,Bread,Bakery,Bakery,Britannia,1.58,406,323,9,3,1488,Unknown,Pending,58,2,Average,Out of Stock,Pending
ORD103606,CUST9162,Veer Mallick,56,Female,Tamil Nadu,Coimbatore, RS Puram ,289789,09-02-2024,05-09-2024,P986,Soft Drink,Beverages,Beverages,Coca-Cola,1.65,182,128,30,5,639,GPAY,Delivered,87,4,Average,Limited,Delivered
ORD103633,CUST1676,Azad Saini,52,Other,Delhi,New Delhi,Rohini,853767,30-04-2024,05-03-2024,P410,Banana,Fruits & Vegetables,Fruits & Vegetables,FreshFarm,2.92,461,353,23,5,1764,GOOGLE PAY,Cancelled,68,5,Good,In Stock,Delivered
ORD103298,CUST1193,Warinder Kala,50,Male,Telangana,Hyderabad,Gachibowli,624034,19-01-2024,21-01-2024,P311,Ice Cream,Frozen Food,Frozen Food,Amul,2.57,297,230,22,3,691,UPI,Cancelled,51,3,Average,Limited,Delivered
ORD102170,CUST1797,Udarsh Sangha,28,Other,Maharashtra,Mumbai,Andheri,507619,13-10-2024,14-10-2024,P979,Biscuits,Snacks,Snacks,Parle,1.14,610,540,12,5,2698,CASH,Pending,54,2,Average,Out of Stock,Pending
ORD101693,CUST1310,Falguni Mane,52,Female,Maharashtra,Nagpur,Sitabuldi,958882,21-11-2025,21-11-2025,P207,Paneer,Dairy,Dairy,Mother Dairy,1.44,293,251,14,3,652,Debit Card,Cancelled,24,4,Good,Limited,Returned
ORD102858,CUST2763,Turvi Parmar,21,Male,Gujarat,Ahmedabad,Satellite,639601,05-01-2024,09-01-2024,P620,Cake,Bakery,Bakery,Monginis,0.36,553,417,25,2,835,Debit Card,Pending,-6,2,Excellent,Limited,Returned
ORD104470,CUST4450,Dipta Ahluwalia,49,Other,West Bengal,Kolkata,Salt Lake,870476,29-02-2024,02-03-2024,P248,Chips,Snacks,Snacks,Lay's,3.55,71,61,15,7,425,GPAY,Cancelled,65,4,Average,Out of Stock,Cancelled
ORD104436,CUST8614,Yahvi Karnik,47,Female,Tamil Nadu,Mumbai,Gokulam,577747,07-12-2024,12-11-2024,P897,Ice Cream,Frozen Food,Frozen Food,Amul,1.48,160,137,14,2,275,UPI,Pending,85,1,Excellent,Out of Stock,Delivered
ORD104228,CUST7648,Jeevika Dugar,32,Male,Gujarat,Ahmedabad,Navrangpura,214178,26-04-2024,26-04-2024,P631,Frozen Peas,Frozen Food,Frozen Food,Safal,1.71,774,719,7,6,4315,GPAY,Returned,21,3,Average,Limited,Pending
ORD101405,CUST4459,Jatin Kadakia,40,Female,Telangana,Hyderabad,Gachibowli,858606,06-06-2024,10-06-2024,P685,Soft Drink,Beverages,Beverages, Coca-Cola ,4.41,101,64,37,7,447,UPI,Returned,74,1,Average,In Stock,Cancelled
ORD101753,CUST4443,Ekbal Modi,39,Other,Telangana,Hyderabad,Gachibowli,816359,13-03-2024,13-03-2024,P881,Namkeen,Snacks,Snacks,Haldiram,4.79,542,489,10,8,3912,GOOGLE PAY,Delivered,69,5,Damaged item,In Stock,Delivered
ORD101674,CUST3681,Yadavi Lad,34,Female,Delhi,New Delhi,Saket,609718,14-06-2024,15-06-2024,P670,Paneer,Dairy,Dairy,Mother Dairy,2.1,388,275,29,7,1886,CASH,Pending,74,5,Late delivery,In Stock,Returned
ORD103125,CUST6314,Kai Kapoor,24,Female,Karnataka,Bangalore,Indiranagar,470938,08-09-2025,09-11-2025,P677,Toothpaste,Personal Care,Personal Care,Colgate,0.93,474,345,-12,3,1034,CASH,Pending,-5,4,Damaged item,In Stock,Returned
ORD101294,CUST7222,Alexander Chopra,56,Female,Telangana,Hyderabad,Madhapur,891178,18-01-2025,19-01-2025,P143,Detergent,Household Items,Household Items,Surf Excel,3.51,175,142,19,4,569,GOOGLE PAY,Delivered,60,2,Damaged item,In Stock,Delivered
ORD103943,CUST1690,Gautami Iyengar,54,Male,Karnataka,Mysore,VV Mohalla,953044,13-11-2025,17-11-2025,P397,Tea,Beverages,Beverages,Tata Tea,1.38,523,325,38,2,616,Debit Card,Delivered,44,4,Average,In Stock,Cancelled
ORD103539,CUST8578,Triveni Palla,30,Female,Delhi,New Delhi,Saket,423577,01-04-2024,03-04-2024,P989,Ice Cream,Frozen Food,Frozen Food,Amul,1.71,423,351,17,7,2457,GOOGLE PAY,Delivered,67,3,Late delivery,Out of Stock,Cancelled
ORD104451,null,Ekaja Bains,21,Female,West Bengal,Unknown,Howrah,918173,09-10-2025,12-10-2025,P487,Banana,Fruits & Vegetables,Fruits & Vegetables,FreshFarm,3.58,406,323,19,8,1488,Unknown,Pending,14,5,Average,Limited,Pending
ORD100105,CUST5090,Oliver Mannan,26,Male,Telangana,Hyderabad,Madhapur,508743,26-11-2025,26-11-2025,P948,Tea,Beverages,Beverages,Tata Tea,1.31,771,705,9,3,2115,Debit Card,Returned,24,2,Average,Limited,Cancelled
ORD103487,CUST8009,Teerth Kanda,43,Male,Karnataka,Mysore,Gokulam,201321,09-05-2024,05-09-2024,P637,Curd,Dairy,Dairy,Britannia,2.5,791,591,25,5,2957,UPI,Returned,50,5,Average,Limited,Pending
ORD102229,CUST5392,Qarin Kurian,68,Female,Delhi,New Delhi,Dwarka,528967,12-01-2024,01-12-2024,P421,Detergent,Household Items,Household Items,Surf Excel,1.09,552,369,33,1,495,CASH,Pending,88,2,Late delivery,In Stock,Pending
ORD104370,CUST7588,Jagdish Minhas,59,Female,Tamil Nadu,Mumbai,Vesu,44862,02-10-2025,06-10-2025,P688,Banana,Fruits & Vegetables,Fruits & Vegetables,FreshFarm,2.15,99,63,37,6,375,GOOGLE PAY,Delivered,43,1,Excellent,Out of Stock,Returned
ORD100874,null,Bhavika Krishnamurthy,52,Other,West Bengal,Unknown,Park Street,383116,15-07-2024,19-07-2024,P819,Paneer,Dairy,Dairy,Mother Dairy,1.68,406,323,20,3,1488,Unknown,Pending,70,4,Average,Out of Stock,Pending
ORD104966,CUST2904,Isaac Batra,25,Male,Tamil Nadu,Chennai,Anna Nagar,590539,26-09-2024,30-09-2024,P365,Paneer,Dairy,Dairy,Mother Dairy,1.26,639,385,40,3,1156,UPI,Pending,76,3,Damaged item,Out of Stock,Pending
ORD102173,CUST1360,Maanav Patel,40,Female,Telangana,Hyderabad,Gachibowli,521752,26-12-2024,29-12-2024,P128,Shampoo,Personal Care,Personal Care,Clinic Plus,2.92,575,470,18,3,1411,UPI,Cancelled,89,3,Damaged item,In Stock,Returned
ORD103330,CUST2725,Osha Sahni,59,Male,Telangana,Hyderabad,Madhapur,592735,28-11-2025,29-11-2025,P217,Frozen Peas,Frozen Food,Frozen Food,Safal,3.97,700,420,40,3,1261,UPI,Returned,58,2,Average,In Stock,Cancelled
ORD104855,CUST8975,Pushti Mannan,66,Female,Gujarat,Surat,Vesu,943320,23-05-2024,26-05-2024,P591,Cake,Bakery,Bakery,Monginis,1.86,193,184,5,7,1287,UPI,Returned,744,1,Average,Limited,Pending
ORD102914,CUST2038, Nachiket Kumar ,55,Male,Delhi,New Delhi,Saket,729582,25-01-2024,28-01-2024,P768,Ice Cream,Frozen Food,Frozen Food,Amul,4.86,253,249,1,4,996,CASH,Pending,70,3,Late delivery,Out of Stock,Pending
ORD101898,CUST8971,Nicholas Shah,61,Male,West Bengal,Kolkata,Howrah,876291,24-04-2024,27-04-2024,P214,Rice,Grocery,Grocery,India Gate,3.06,356,272,24,2,544,CASH,Cancelled,60,1,Good,Out of Stock,Returned
ORD101836,CUST3679,Hemang Anand,79,Female,Karnataka,Bangalore,Whitefield,739701,23-11-2025,26-11-2025,P980,Tomato,Fruits & Vegetables,Fruits & Vegetables,Organic India,3.88,527,323,39,4,1291,GOOGLE PAY,Returned,31,4,Average,Out of Stock,Delivered
ORD104499,CUST8353,Yug Yadav,52,Other,Gujarat,Ahmedabad,Satellite,821207,11-12-2024,16-11-2024,P199,Banana,Fruits & Vegetables,Fruits & Vegetables,FreshFarm,1.35,730,686,6,7,4804,UPI,Pending,49,3,Average,In Stock,Cancelled
ORD101077,CUST6435,Madhavi Deo,58,Female,Gujarat,Ahmedabad,Satellite,762394,11-04-2025,11-07-2025,P252,Rice,Grocery,Grocery, India Gate ,3.01,26,21,18,8,172,UPI,Cancelled,60,3,Average,Limited,Pending
ORD102790,CUST8808,Dayita Agarwal,79,Male,Gujarat,Ahmedabad,Navrangpura,623287,17-07-2024,20-07-2024,P191,Namkeen,Snacks,Snacks,Haldiram,3.87,561,390,30,8,3122,UPI,Pending,80,2,Late delivery,In Stock,Returned
ORD104223,CUST3486,Bhavna Pillay,31,Female,West Bengal,Kolkata,Park Street,341053,11-05-2024,15-05-2024,P341,Bread,Bakery,Bakery,Britannia,4.56,574,407,29,5,2037,UPI,Pending,42,5,Damaged item,Out of Stock,Pending
ORD102727,CUST9049,Bimala Malhotra,70,Male,maharashtra,Chennai,T Nagar,129262,28-06-2025,29-06-2025,P698,Rice,Grocery,Grocery,India Gate,3.35,333,224,33,2,448,UPI,Cancelled,90,2,Good,Out of Stock,Cancelled
ORD100679,CUST2834, Viraj Dash ,67,Male,Gujarat,Ahmedabad,Satellite,920780,26-03-2024,27-03-2024,P848,Apple,Fruits & Vegetables,Fruits & Vegetables,Kashmir Fresh,4.2,554,499,10,6,2992,CASH,Cancelled,26,5,Good,In Stock,Returned
ORD103750,CUST9686,Yashasvi Barad,69,Other,Tamil Nadu,pune,Anna Nagar,174500,16-02-2024,20-02-2024,P653,Paneer,Dairy,Dairy,Mother Dairy,0.68,656,414,37,4,1656,CASH ON DELIVERY,Pending,44,3,Average,Limited,Cancelled
ORD103834,CUST3748,Mugdha Suresh,48,Female,West Bengal,pune,Park Street,930689,19-05-2024,20-05-2024,P641,Biscuits,Snacks,Snacks,Parle,2.59,465,448,4,8,3586,CASH,Returned,27,3,Late delivery,Limited,Returned
ORD103201,CUST8466, Hemani Pant ,31,Male,West Bengal,Kolkata,Park Street,343843,28-09-2024,28-09-2024,P941,Banana,Fruits & Vegetables,Fruits & Vegetables,FreshFarm,2.64,265,243,8,2,486,GOOGLE PAY,Returned,82,2,Damaged item,Out of Stock,Delivered
ORD100959,CUST3217,Wridesh Krishnamurthy,77,Female,maharashtra,Pune,Baner,494306,19-12-2025,19-12-2025,P988,Bread,Bakery,Bakery,Britannia,0.12,110,105,5,8,840,CASH,Delivered,10,1,Good,In Stock,Returned
ORD100470,CUST9398,Urmi Devi,69,Other,Telangana,Hyderabad,Madhapur,365011,20-06-2025,24-06-2025,P752,Sugar,Grocery,Grocery,Madhur,3.77,52,38,27,8,302,GPAY,Returned,56,2,Average,Out of Stock,Delivered
ORD100621,CUST8696,Wridesh Pradhan,20,Male,Karnataka,pune,VV Mohalla,778960,21-08-2024,23-08-2024,P346,Tea,Beverages,Beverages,Tata Tea,2.11,536,400,25,6,2400,Debit Card,Returned,13,3,Average,In Stock,Pending
ORD102696,CUST7299,Yasti Kar,79,Female,West Bengal,Kolkata,Park Street,273851,11-12-2025,13-12-2025,P597,Tea,Beverages,Beverages,Tata Tea,0.81,317,233,27,3,698,Debit Card,Delivered,45,2,Late delivery,In Stock,Delivered
ORD101717,CUST2499,Indira Verma,35,Other,Telangana,pune,Banjara Hills,342205,30-04-2024,04-05-2024,P207,Juice,Beverages,Beverages,Real,0.7,454,447,2,2,893,GPAY,Cancelled,84,3,Damaged item,Out of Stock,Returned
ORD102141,CUST4614,Lopa Choudhary,90,Other,Tamil Nadu,Chennai,Velachery,694345,08-05-2025,08-08-2025,P345,Ice Cream,Frozen Food,Frozen Food,Amul,1.79,315,268,15,1,268,UPI,Pending,42,3,Average,In Stock,Pending
ORD103364,CUST5152,Upasna Om,23,Other,Tamil Nadu,Chennai,Anna Nagar,255056,26-06-2024,26-06-2024,P641,Juice,Beverages,Beverages,Real,0.8,107,85,21,8,679,CASH ON DELIVERY,Pending,62,3,Average,Limited,Pending
ORD103011,CUST8553,Saumya Chawla,78,Other,Telangana,Hyderabad,Madhapur,677220,24-12-2025,28-12-2025,P618,Detergent,Household Items,Household Items,Surf Excel,4.62,387,313,19,7,2193,GOOGLE PAY,Pending,87,5,Damaged item,Limited,Pending
ORD101521,CUST3751,Keya Dasgupta,44,Female,Tamil Nadu,Mumbai,Powai,865056,14-04-2025,15-04-2025,P855,Namkeen,Snacks,Snacks,Haldiram,1.8,556,381,32,1,381,UPI,Delivered,25,3,Late delivery,Limited,Delivered
ORD101427,CUST2199,Lajita Padmanabhan,24,Male,West Bengal,Kolkata,Salt Lake,543303,29-01-2025,30-01-2025,P752,Milk,Dairy,Dairy,Amul,3.82,411,307,25,2,614,UPI,Delivered,35,1,Average,Limited,Pending
ORD104478,CUST1151,Chakradhar Natt,53,Other,Tamil Nadu,Coimbatore,Peelamedu,707904,14-10-2024,17-10-2024,P242,Chips,Snacks,Snacks,Lay's,3.88,673,616,9,1,616,Debit Card,Cancelled,67,4,Average,In Stock,Cancelled
ORD100271,CUST8248,Udarsh Sant,25,Female,Maharashtra,Nagpur,Dharampeth,374005,18-11-2025,19-11-2025,P361,Curd,Dairy,Dairy,Britannia,1.57,451,326,28,5,1632,Debit Card,Pending,38,2,Average,In Stock,Returned
ORD100099,CUST3692,Vamakshi Murthy,25,Other,Telangana,Hyderabad,Gachibowli,996343,22-12-2024,25-12-2024,P278,Cleaner,Household Items,Household Items,Lizol,2.8,362,318,12,2,636,GOOGLE PAY,Returned,-10,2,Average,Out of Stock,Pending
ORD102217,CUST9239,Jeevika Murthy,21,Female,West Bengal,Kolkata,Howrah,815410,31-01-2025,02-04-2025,P304,Milk,Dairy,Dairy,Amul,4.81,643,389,39,5,1946,CASH,Pending,27,5,Average,Limited,Returned
ORD102966,CUST7449,Nikita Vohra,48,Female,West Bengal,Kolkata, Salt Lake ,890506,13-06-2025,17-06-2025,P665,Sugar,Grocery,Grocery,Madhur,1.89,145,140,4,1,140,CASH ON DELIVERY,Returned,8,5,Average,Out of Stock,Pending
ORD101471,CUST8451,Chavvi Vohra,59,Female,West Bengal,Kolkata,Park Street,27504,01-02-2025,02-01-2025,P848,Shampoo,Personal Care,Personal Care,Clinic Plus,1.52,635,425,-7,7,2975,Debit Card,Cancelled,70,1,Average,Out of Stock,Delivered
ORD103890,CUST9221,Kevin Chokshi,63,Male,Telangana,Hyderabad,Banjara Hills,338222,03-07-2024,10-03-2024,P286,Curd,Dairy,Dairy,Britannia,1.15,127,126,1,3,377,GPAY,Cancelled,69,3,Damaged item,Limited,Delivered
ORD101568,CUST7077, Ikbal Dalal ,51,Male,Maharashtra,Mumbai,Powai,382953,08-12-2025,12-12-2025,P814,Shampoo,Personal Care,Personal Care,Clinic Plus,4.87,304,273,10,1,273,GOOGLE PAY,Delivered,87,1,Damaged item,Limited,Returned
ORD101733,CUST1578,Prisha Garg,54,Female,Gujarat,Surat,Adajan,985096,09-07-2024,13-07-2024,P976,Milk,Dairy,Dairy,Amul,1.11,283,234,17,7,1637,CASH,Delivered,75,2,Good,Out of Stock,Returned
ORD102042,CUST9325, Divya Desai ,61,Other,West Bengal,Kolkata,Park Street,594784,05-02-2025,05-03-2025,P463,Cleaner,Household Items,Household Items,Lizol,2.67,535,433,19,7,3032,Debit Card,Delivered,37,5,Average,Limited,Returned
ORD103101,CUST1873,Yatan Goswami,62,Other,Telangana,Hyderabad,Madhapur,142996,14-10-2025,16-10-2025,P929,Paneer,Dairy,Dairy,Mother Dairy,4.83,413,318,23,7,2226,UPI,Cancelled,81,4,Average,Limited,Returned
ORD103375,CUST8462,Jyoti Yohannan,65,Female,Tamil Nadu,Chennai,Anna Nagar,386468,02-11-2025,13-02-2025,P255,Chips,Snacks,Snacks,Lay's,1.96,83,53,37,8,421,CASH,Returned,71,5,Average,Out of Stock,Pending
ORD101665,CUST5016,Ekavir Vyas,49,Other,West Bengal,Kolkata,Park Street,231387,16-04-2024,20-04-2024,P539,Detergent,Household Items,Household Items,Surf Excel,2.62,23,15,34,7,107,GPAY,Delivered,512,3,Late delivery,Out of Stock,Delivered
ORD101995,CUST2822,Ekaja Bhattacharyya,70,Female,Telangana,Hyderabad,Madhapur,563097,29-05-2025,31-05-2025,P271,Toothpaste,Personal Care,Personal Care,Colgate,2.38,729,538,26,5,2690,CASH ON DELIVERY,Pending,65,2,Average,Out of Stock,Pending
ORD101582,CUST8186,Ojasvi Sehgal,51,Male,Karnataka,Mysore, VV Mohalla ,464284,07-01-2024,09-01-2024,P254,Cake,Bakery,Bakery,Monginis,2.02,724,580,20,7,4061,UPI,Cancelled,9,3,Average,In Stock,Pending
ORD102716,CUST3550,Aarav Khatri,57,Male,Maharashtra,Hyderbad,Bandra,524380,28-02-2024,03-03-2024,P729,Detergent,Household Items,Household Items,Surf Excel,4.88,339,248,27,7,1738,GPAY,Cancelled,56,5,Excellent,Out of Stock,Cancelled
ORD102557,CUST3027,Jagdish Raman,64,Male,Tamil Nadu,Hyderbad,Anna Nagar,39344,03-12-2024,03-12-2024,P345,Milk,Dairy,Dairy,Amul,1.91,231,150,35,4,598,GPAY,Delivered,31,1,Excellent,Out of Stock,Cancelled
ORD104723,CUST4945,Upadhriti Dhar,52,Other,Maharashtra,Nagpur,Sitabuldi,838383,06-07-2024,09-06-2024,P925,Cake,Bakery,Bakery,Monginis,4.92,578,380,34,5,1901,UPI,Delivered,86,1,Excellent,Out of Stock,Delivered
ORD100247,CUST3514,Falan Gara,36,Male,Karnataka,Mysore, VV Mohalla ,144297,22-10-2024,22-10-2024,P142,Cake,Bakery,Bakery,Monginis,4.97,295,231,22,3,693,CASH,Pending,30,3,Excellent,In Stock,Pending
ORD100745,null,Dayita Hari,28,Other,Tamil Nadu,Unknown,Velachery,53348,14-05-2024,15-05-2024,P399,Cake,Bakery,Bakery,Monginis,1.34,406,323,1,4,1488,Unknown,Pending,73,3,Average,Limited,Pending
ORD102747,CUST5478,Sara Bajaj,30,Male,maharashtra,Kolkata,Park Street,566842,05-12-2024,13-05-2024,P979,Bread,Bakery,Bakery,Britannia,3.77,275,227,17,4,909,CASH,Pending,47,3,Average,Limited,Pending
ORD101764,null,Yachana Hegde,43,Female,Karnataka,Unknown,Whitefield,944991,25-05-2024,28-05-2024,P330,Milk,Dairy,Dairy,Amul,2.03,406,323,7,3,1488,Unknown,Pending,43,5,Average,Out of Stock,Pending
ORD100427,CUST1587,Bahadurjit Babu,64,Male,Maharashtra,Mumbai,Dadar,641069,21-03-2024,22-03-2024,P765,Cake,Bakery,Bakery,Monginis,3.84,676,547,19,3,1640,UPI,Delivered,26,1,Excellent,Out of Stock,Returned
ORD104494,null, Ira Ramachandran ,65,Male,Delhi,Unknown,Saket,567049,21-05-2024,24-05-2024,P287,Banana,Fruits & Vegetables,Fruits & Vegetables,FreshFarm,2.67,406,323,11,3,1488,Unknown,Pending,80,3,Average,Limited,Pending
ORD104196,CUST7922,Yashvi Malhotra,71,Other,Maharashtra,Nagpur,Dharampeth,955105,11-12-2025,13-12-2025,P997,Namkeen,Snacks,Snacks,Haldiram,3.15,778,776,0,8,6204,UPI,Returned,65,2,Good,In Stock,Pending
ORD101507,CUST5733,Ishita Kamdar,57,Female,Maharashtra,Mumbai,Dadar,323686,21-08-2025,21-08-2025,P807,Tomato,Fruits & Vegetables,Fruits & Vegetables, Organic India ,1.23,112,73,35,6,437,UPI,Delivered,40,1,Damaged item,Out of Stock,Delivered
ORD100153,CUST1769,Unnati Mitter,42,Female,Tamil Nadu,Mumbai, Adajan ,482059,02-01-2025,05-01-2025,P907,Detergent,Household Items,Household Items,Surf Excel,4.88,501,436,13,2,871,GOOGLE PAY,Delivered,44,3,Excellent,In Stock,Returned
ORD104789,CUST3176,Aayush Buch,69,Other,Delhi,New Delhi,Saket,635990,09-09-2024,13-09-2024,P821,Biscuits,Snacks,Snacks,Parle,3.23,74,72,3,5,358,CASH ON DELIVERY,Returned,29,3,Excellent,Limited,Pending
ORD104101,CUST2268,Yauvani Palla,57,Other,West Bengal,Kolkata,Howrah,358713,12-06-2025,12-06-2025,P162,Apple,Fruits & Vegetables,Fruits & Vegetables,Kashmir Fresh,2.3,549,481,12,5,2404,UPI,Cancelled,88,3,Excellent,Out of Stock,Delivered
ORD102407,CUST5363,Gavin Reddy,51,Female,Karnataka,Mysore,VV Mohalla,536688,19-11-2024,22-11-2024,P511,Ice Cream,Frozen Food,Frozen Food, Amul ,1.57,745,554,26,5,2770,GOOGLE PAY,Cancelled,34,1,Damaged item,Out of Stock,Cancelled
ORD100010,CUST6180,Gaurav Gaba,60,Male,Delhi,New Delhi,Saket,497909,04-11-2025,08-11-2025,P736,Tomato,Fruits & Vegetables,Fruits & Vegetables,Organic India,4.99,749,511,32,6,3064,UPI,Delivered,66,2,Average,Out of Stock,Pending
ORD102044,CUST6304,Neel Mahal,42,Male,Tamil Nadu,Mumbai,Dharampeth,249268,10-08-2025,14-08-2025,P110,Cake,Bakery,Bakery,Monginis,0.82,376,248,34,8,1985,UPI,Pending,18,3,Average,In Stock,Returned
ORD104664,CUST4724,Charles Madan,71,Other,West Bengal,Kolkata,Howrah,713428,29-05-2024,06-01-2024,P807,Biscuits,Snacks,Snacks,Parle,3.12,455,376,17,5,1880,GPAY,Pending,50,2,Damaged item,Out of Stock,Cancelled
ORD100825,CUST7999,Yug Agate,29,Male,Tamil Nadu,Hyderbad,RS Puram,724711,10-05-2024,14-05-2024,P228,Milk,Dairy,Dairy,Amul,0.24,427,335,22,4,1339,GOOGLE PAY,Cancelled,24,4,Average,Out of Stock,Returned
ORD101363,CUST8835,Luke Kalla,66,Male,maharashtra,Chennai,T Nagar,580993,08-03-2025,03-08-2025,P231,Cleaner,Household Items,Household Items,Lizol,4.82,515,406,21,7,2841,GOOGLE PAY,Pending,80,3,Average,Out of Stock,Cancelled
ORD100807,CUST6884,Ekbal Srinivasan,31,Other,Tamil Nadu,Mumbai,Howrah,706862,05-02-2024,02-06-2024,P339,Tea,Beverages,Beverages,Tata Tea,1.15,759,635,16,5,3173,GOOGLE PAY,Returned,64,1,Average,Out of Stock,Delivered
ORD103024,CUST7980,Aradhana Dubey,39,Male,Gujarat,Surat,Vesu,816415,13-01-2024,17-01-2024,P340,Curd,Dairy,Dairy,Britannia,3.08,457,302,34,6,1815,CASH ON DELIVERY,Returned,82,2,Average,Out of Stock,Delivered
ORD104815,CUST6416,Dalbir Chad,43,Other,Gujarat,Surat, Adajan ,321589,04-02-2024,04-05-2024,P979,Chips,Snacks,Snacks,Lay's,3.57,606,415,32,4,1659,Debit Card,Pending,40,3,Average,In Stock,Returned
ORD104682,CUST7383,Frederick Pillay,53,Female,Maharashtra,Pune,Kothrud,959008,21-04-2024,25-04-2024,P110,Cleaner,Household Items,Household Items,Lizol,2.3,364,303,17,1,303,UPI,Pending,39,3,Average,In Stock,Returned
ORD100921,CUST8602,Yadavi Kade,37,Male,Delhi,New Delhi,Saket,661347,06-10-2024,08-10-2024,P869,Bread,Bakery,Bakery,Britannia,3.49,453,292,36,3,875,GOOGLE PAY,Delivered,13,3,Damaged item,Limited,Pending
ORD102031,CUST8141,Lajita Parmar,75,Male,Gujarat,Surat,Adajan,909209,24-06-2024,27-06-2024,P623,Ice Cream,Frozen Food,Frozen Food,Amul,1.92,236,187,21,2,374,Debit Card,Returned,72,1,Average,Out of Stock,Delivered
ORD100829,CUST8091,Gunbir Soman,27,Female,Karnataka,Bangalore,Indiranagar,771511,11-10-2024,11-10-2024,P869,Juice,Beverages,Beverages,Real,1.85,586,558,5,5,2789,GOOGLE PAY,Cancelled,89,2,Good,Out of Stock,Cancelled
ORD104936,CUST3944,Elijah Iyengar,49,Other,Maharashtra,Pune,Wakad,542158,15-02-2025,18-02-2025,P522,Frozen Peas,Frozen Food,Frozen Food,Safal,2.24,211,164,22,1,164,Debit Card,Delivered,43,4,Damaged item,Limited,Delivered
ORD103548,CUST5991,Watika Sama,26,Male,Delhi,New Delhi,Rohini,164971,01-10-2024,01-12-2024,P450,Soap,Personal Care,Personal Care,Dove,2.95,520,377,28,7,2636,GOOGLE PAY,Pending,61,3,Late delivery,Limited,Pending
ORD103523,CUST2335,Bhavani Karpe,50,Female,Telangana,Hyderabad,Banjara Hills,259045,06-01-2025,09-01-2025,P780,Tea,Beverages,Beverages,Tata Tea,1.96,527,434,18,5,2171,GOOGLE PAY,Delivered,14,2,Average,Limited,Cancelled
ORD100945,CUST6492,Ikbal Brar,29,Other,Karnataka,Mysore,VV Mohalla,630541,14-03-2024,16-03-2024,P812,Sugar,Grocery,Grocery,Madhur,0.19,160,143,-2,5,717,GOOGLE PAY,Pending,63,3,Average,In Stock,Delivered
ORD101572,CUST2403,Harshil Borde,78,Female,Delhi,New Delhi,Dwarka,359708,11-05-2025,15-05-2025,P852,Atta,Grocery,Grocery,Aashirvaad,4.75,610,557,9,5,2596,Debit Card,Cancelled,44,2,Good,Out of Stock,Returned
ORD102340,CUST7025,Chavvi Dhingra,18,Male,Delhi,PUNE,Dwarka,397691,08-04-2025,11-04-2025,P766,Ice Cream,Frozen Food,Frozen Food,Amul,2.84,506,382,25,4,1528,UPI,Pending,731,2,Average,Limited,Delivered
ORD100962,CUST9613,Shivani Parikh,63,Female,Gujarat,Surat,Adajan,375005,10-10-2025,12-10-2025,P719,Milk,Dairy,Dairy,Amul,1.48,400,369,8,5,1845,CASH,Pending,74,1,Excellent,In Stock,Cancelled
ORD101257,CUST9232,Ojas Mutti,51,Male,Gujarat,Surat,Vesu,421888,30-03-2024,03-04-2024,P351,Ice Cream,Frozen Food,Frozen Food,Amul,4.09,365,336,8,4,1343,GOOGLE PAY,Delivered,77,4,Average,Out of Stock,Pending
ORD101636,CUST1301,Ekiya Kuruvilla,37,Male,Tamil Nadu,pune,RS Puram,96503,01-08-2024,01-08-2024,P406,Bread,Bakery,Bakery,Britannia,1.24,543,330,39,8,2641,Debit Card,Returned,82,3,Late delivery,Out of Stock,Cancelled
ORD100843,CUST4046,Shaurya Palla,80,Other,Delhi,New Delhi,Saket,999254,27-01-2025,27-01-2025,P146,Bread,Bakery,Bakery,Britannia,2.3,459,336,27,3,1009,GPAY,Cancelled,65,1,Damaged item,Limited,Returned
ORD103377,CUST1281,Patrick Batta,53,Male,Delhi,New Delhi,Dwarka,585747,17-05-2025,18-05-2025,P372,Atta,Grocery,Grocery,Aashirvaad,1.73,646,500,23,7,3498,CASH,Pending,12,2,Good,Limited,Returned
ORD100420,CUST3655,William Divan,61,Female,Delhi,New Delhi,Dwarka,924305,16-12-2025,19-12-2025,P188,Shampoo,Personal Care,Personal Care,Clinic Plus,2.95,124,106,15,7,742,CASH ON DELIVERY,Delivered,33,1,Average,In Stock,Delivered
ORD101711,CUST9841,Imaran Gulati,94,Other,Tamil Nadu,Coimbatore,Peelamedu,302271,08-04-2024,08-07-2024,P177,Ice Cream,Frozen Food,Frozen Food,Amul,4.01,204,159,22,2,317,CASH ON DELIVERY,Pending,31,2,Average,Limited,Returned
ORD102546,CUST4535,Faqid Dewan,58,Male,Tamil Nadu,Chennai,Anna Nagar,135019,18-12-2024,21-12-2024,P524,Shampoo,Personal Care,Personal Care,Clinic Plus,3.72,576,393,32,3,1180,UPI,Delivered,71,4,Average,Out of Stock,Returned
ORD102464,CUST6735,Mugdha Chad,52,Male,West Bengal,Hyderbad,Salt Lake,652878,20-07-2025,23-07-2025,P433,Soft Drink,Beverages,Beverages,Coca-Cola,3.17,316,204,35,3,475,CASH,Returned,40,2,Good,In Stock,Delivered
ORD102668,CUST6594,Sanya Banerjee,21,Other,maharashtra,Bangalore,Whitefield,270181,30-11-2024,04-12-2024,P623,Milk,Dairy,Dairy,Amul,2.43,375,355,5,1,355,GOOGLE PAY,Returned,40,5,Average,Out of Stock,Cancelled
ORD104957,CUST2007,Ubika Randhawa,13,Female,West Bengal,Kolkata,Park Street,634153,10-12-2024,12-12-2024,P775,Shampoo,Personal Care,Personal Care,Clinic Plus,4.42,336,218,35,2,436,CASH,Pending,15,1,Late delivery,Out of Stock,Cancelled
ORD104129,CUST6797,Peter Chadha,64,Female,Maharashtra,Mumbai,Andheri,294547,22-05-2024,25-05-2024,P596,Toothpaste,Personal Care,Personal Care,Colgate,2.41,534,494,7,8,3816,UPI,Pending,75,5,Average,Limited,Delivered
ORD104442,null,Alka Srinivasan,20,Female,Gujarat,Hyderbad,Vesu,478588,28-01-2024,29-01-2024,P914,Toothpaste,Personal Care,Personal Care,Colgate,0.55,406,323,19,2,1488,Unknown,Pending,76,4,Average,Out of Stock,Pending
ORD100360,CUST8198,Theodore Raj,35,Male,Tamil Nadu,Chennai,Velachery,817664,03-11-2025,05-11-2025,P865,Milk,Dairy,Dairy,Amul,2.23,387,290,25,4,1161,GOOGLE PAY,Pending,64,2,Excellent,In Stock,Pending
ORD101531,CUST8488,Sai Rege,43,Female,Karnataka,Mysore,Gokulam,866037,21-09-2024,22-09-2024,P943,Cake,Bakery,Bakery,Monginis,2.84,136,119,13,2,238,Debit Card,Cancelled,14,3,Average,Out of Stock,Delivered
ORD103061,CUST4580,Anika Shan,33,Male,Tamil Nadu,PUNE,Anna Nagar,796806,15-05-2024,16-05-2024,P891,Frozen Peas,Frozen Food,Frozen Food, Safal ,2.54,494,492,0,2,984,UPI,Pending,40,2,Good,Out of Stock,Delivered
ORD100846,CUST3133,Champak Nadkarni,14,Female,Tamil Nadu,Coimbatore,RS Puram,358828,26-05-2025,28-05-2025,P284,Cake,Bakery,Bakery,Monginis,0.39,219,169,23,6,1016,UPI,Pending,59,2,Damaged item,In Stock,Delivered
ORD100941,null,Warhi Dave,31,Male,Delhi,Unknown,Rohini,722797,06-07-2024,07-09-2024,P920,Namkeen,Snacks,Snacks,Haldiram,1.74,406,323,5,8,1488,Unknown,Pending,78,3,Average,Out of Stock,Pending
ORD101845,CUST9464,Nathaniel Divan,49,Male,Tamil Nadu,Mumbai,Gachibowli,597935,03-12-2024,13-03-2024,P566,Paneer,Dairy,Dairy,Mother Dairy,2.35,565,445,21,3,1335,UPI,Delivered,87,1,Average,Limited,Pending
ORD100253,CUST6855,Onveer Mand,38,Male,Delhi,New Delhi,Saket,287408,05-10-2025,08-10-2025,P469,Ice Cream,Frozen Food,Frozen Food,Amul,2.16,311,278,-9,2,556,GOOGLE PAY,Delivered,25,3,Average,Limited,Delivered
ORD101892,CUST2303,Jeevika Chhabra,25,Female,Delhi,New Delhi,Rohini,453355,04-01-2025,04-04-2025,P990,Biscuits,Snacks,Snacks,Parle,2.91,87,76,12,3,229,CASH ON DELIVERY,Delivered,55,3,Excellent,In Stock,Cancelled
ORD104560,CUST9278,Brijesh Naidu,47,Male,Gujarat,Surat,Vesu,398767,12-12-2024,14-12-2024,P505,Milk,Dairy,Dairy,Amul,0.57,157,103,-10,1,103,UPI,Returned,88,1,Damaged item,Limited,Cancelled
ORD100468,CUST8125,Rishi Malhotra,70,Male,West Bengal,Kolkata,Salt Lake,824053,28-06-2025,01-07-2025,P140,Biscuits,Snacks,Snacks,Parle,0.7,137,101,27,2,202,GPAY,Returned,66,1,Average,Limited,Cancelled
ORD103577,CUST8531,Adweta Rout,41,Female,Tamil Nadu,Chennai,Anna Nagar,31503,09-05-2024,10-05-2024,P841,Tomato,Fruits & Vegetables,Fruits & Vegetables,Organic India,3.42,116,95,18,4,378,Debit Card,Pending,31,2,Average,In Stock,Cancelled
ORD103839,CUST5226,Libni Tailor,63,Female,West Bengal,Kolkata,Howrah,769362,20-08-2025,22-08-2025,P906,Rice,Grocery,Grocery,India Gate,3.51,512,393,23,3,1178,CASH,Pending,38,3,Average,In Stock,Cancelled
ORD102185,CUST7150,Baghyawati Peri,32,Male,Telangana,Hyderabad,Madhapur,302878,24-11-2024,28-11-2024,P411,Tomato,Fruits & Vegetables,Fruits & Vegetables,Organic India,0.81,348,323,7,7,2258,UPI,Delivered,15,5,Average,Limited,Cancelled
ORD103493,CUST5780,Samesh Khosla,69,Female,Delhi,New Delhi,Rohini,775860,27-11-2024,27-11-2024,P113,Tomato,Fruits & Vegetables,Fruits & Vegetables,Organic India,0.85,190,142,25,8,1135,CASH ON DELIVERY,Delivered,38,3,Average,In Stock,Delivered
ORD103513,CUST9671,Logan Suresh,24,Female,Gujarat,Surat,Vesu,589876,20-03-2024,22-03-2024,P518,Cleaner,Household Items,Household Items,Lizol,1.97,742,588,21,3,1764,Debit Card,Delivered,36,3,Average,Limited,Cancelled
ORD104482,CUST3670,Oeshi Choudhary,40,Female,Delhi,New Delhi,Dwarka,957801,27-07-2024,29-07-2024,P408,Soft Drink,Beverages,Beverages,Coca-Cola,2.41,387,318,18,7,2226,Debit Card,Returned,56,2,Excellent,Limited,Pending
ORD102888,CUST1519, Rachit Ganesan ,72,Male,Maharashtra,Mumbai,Bandra,37521,22-03-2024,26-03-2024,P243,Shampoo,Personal Care,Personal Care,Clinic Plus,1.68,361,304,16,2,608,Debit Card,Delivered,67,4,Average,Out of Stock,Cancelled
ORD101490,CUST6294,Isaiah Krishnamurthy,70,Male,Maharashtra,Nagpur,Sitabuldi,175026,04-08-2025,10-04-2025,P770,Shampoo,Personal Care,Personal Care,Clinic Plus,4.23,297,264,11,3,792,CASH,Delivered,26,1,Average,Limited,Cancelled
ORD103575,CUST7648,Tarak Suri,21,Other,Karnataka,Mysore,Gokulam,258674,04-07-2025,06-07-2025,P737,Milk,Dairy,Dairy,Amul,0.39,713,709,1,1,709,UPI,Cancelled,18,2,Good,Limited,Pending
ORD101116,CUST9878,Devika Nanda,33,Other,West Bengal,Kolkata,Park Street,758472,26-06-2024,30-06-2024,P582,Soap,Personal Care,Personal Care,Dove,0.12,390,338,13,2,675,GOOGLE PAY,Delivered,31,1,Late delivery,Limited,Returned
ORD101899,null,Sarthak Sinha,16,Female,Delhi,Unknown,Dwarka,411892,03-02-2024,03-03-2024,P838,Sugar,Grocery,Grocery,Madhur,4.9,406,323,14,8,1488,Unknown,Pending,30,5,Average,In Stock,Pending
ORD103641,CUST7824,Urvi Sarma,56,Male,Tamil Nadu,Chennai,Velachery,644554,26-04-2025,26-04-2025,P629,Namkeen,Snacks,Snacks,Haldiram,1.5,490,351,28,7,2456,UPI,Delivered,81,5,Excellent,Out of Stock,Delivered
ORD103122,CUST7697,Pranav Bumb,36,Other,Karnataka,Bangalore,Whitefield,990389,07-06-2025,08-07-2025,P819,Biscuits,Snacks,Snacks,Parle,0.73,619,430,31,8,3437,GOOGLE PAY,Delivered,37,1,Late delivery,Out of Stock,Returned
ORD104280,CUST7305,Nilima Varma,22,Other,Delhi,New Delhi,Rohini,194196,14-01-2024,14-01-2024,P415,Cake,Bakery,Bakery,Monginis,0.13,530,523,1,2,1046,UPI,Delivered,44,4,Average,In Stock,Cancelled
ORD104927,CUST9557,Anjali Sheth,51,Female,Telangana,Hyderabad,Madhapur,347410,09-11-2025,11-11-2025,P114,Banana,Fruits & Vegetables,Fruits & Vegetables,FreshFarm,0.17,630,629,-7,6,3774,GOOGLE PAY,Delivered,44,3,Average,Out of Stock,Returned
ORD104771,CUST2681,Hamsini Som,69,Male,Tamil Nadu,PUNE,RS Puram,399610,03-10-2024,14-03-2024,P577,Frozen Peas,Frozen Food,Frozen Food,Safal,3.87,663,581,12,8,4650,CASH,Returned,60,1,Average,Limited,Delivered
ORD103439,CUST8325,Zaid Dada,49,Male,Delhi,New Delhi,Saket,531765,30-01-2025,02-02-2025,P887,Soap,Personal Care,Personal Care,Dove,3.81,321,296,8,2,592,CASH,Returned,78,4,Excellent,In Stock,Delivered
ORD101838,CUST4151,Quincy Dey,64,Other,Karnataka,Bangalore,Whitefield,54390,10-11-2024,14-11-2024,P960,Cleaner,Household Items,Household Items,Lizol,4.05,40,28,30,1,28,CASH,Pending,29,3,Average,Limited,Pending
ORD101844,CUST7985,Chasmum Mukherjee,70,Female,Gujarat,Ahmedabad,Satellite,954173,19-03-2024,21-03-2024,P590,Tea,Beverages,Beverages,Tata Tea,1.29,506,465,8,5,2327,CASH ON DELIVERY,Returned,59,5,Average,Out of Stock,Returned
ORD103338,CUST1665,Nimrat Radhakrishnan,75,Female,Karnataka,Mysore, VV Mohalla ,768662,23-02-2025,26-02-2025,P367,Tea,Beverages,Beverages,Tata Tea,3.22,375,233,38,5,1166,Debit Card,Returned,21,3,Average,Out of Stock,Delivered
ORD104907,CUST1807,Baghyawati Pradhan,74,Male,Tamil Nadu,Chennai,Anna Nagar,42923,27-02-2024,27-02-2024,P912,Curd,Dairy,Dairy,Britannia,3.08,204,139,32,3,417,UPI,Pending,75,4,Average,In Stock,Cancelled
ORD102018,CUST7812,Upkaar Srinivasan,63,Other,Telangana,PUNE,Madhapur,87114,04-05-2024,06-04-2024,P433,Namkeen,Snacks,Snacks,Haldiram,2.28,115,105,9,5,524,CASH ON DELIVERY,Cancelled,83,3,Excellent,Out of Stock,Cancelled
ORD102272,CUST2394,Xavier Chaudhuri,80,Other,Karnataka,Bangalore,Whitefield,806985,19-09-2024,22-09-2024,P269,Soft Drink,Beverages,Beverages,Coca-Cola,0.4,304,277,9,8,2213,CASH,Returned,45,1,Average,In Stock,Delivered
ORD101616,CUST6580,Lopa Bora,55,Other,Gujarat,Ahmedabad,Navrangpura,508738,01-08-2025,08-02-2025,P462,Detergent,Household Items,Household Items,Surf Excel,1.17,65,63,3,6,380,UPI,Cancelled,29,3,Good,Out of Stock,Pending
ORD103650,CUST3693,Zehaan Bali,31,Male,Tamil Nadu,Coimbatore,Peelamedu,799069,10-10-2024,12-10-2024,P287,Frozen Peas,Frozen Food,Frozen Food,Safal,1.83,607,420,31,3,1261,Debit Card,Delivered,28,5,Average,Limited,Cancelled
ORD101189,CUST7904,Parth Sandal,79,Other,Tamil Nadu,Coimbatore,RS Puram,519179,03-04-2024,07-03-2024,P398,Detergent,Household Items,Household Items,Surf Excel,1.37,138,121,12,4,483,CASH ON DELIVERY,Returned,29,5,Average,Out of Stock,Pending
ORD101888,CUST8067,Isha Naidu,27,Male,Gujarat,PUNE,Satellite,997877,09-01-2024,13-01-2024,P203,Detergent,Household Items,Household Items,Surf Excel,4.69,549,366,33,5,1829,CASH ON DELIVERY,Returned,54,1,Average,In Stock,Pending
ORD100345,CUST9515, Bina Rajan ,41,Other,Delhi,New Delhi,Dwarka,513590,13-08-2025,13-08-2025,P327,Soap,Personal Care,Personal Care,Dove,0.62,68,56,19,5,278,UPI,Returned,24,2,Average,Out of Stock,Pending
ORD101645,CUST1868, Vasudha Shere ,62,Male,Tamil Nadu,pune,T Nagar,615965,06-12-2024,14-06-2024,P975,Detergent,Household Items,Household Items,Surf Excel,0.52,787,603,23,1,603,GOOGLE PAY,Pending,59,5,Average,In Stock,Cancelled
ORD103104,CUST1297,Udant Lala,29,Male,Maharashtra,Pune,Wakad,69146,22-05-2024,26-05-2024,P978,Juice,Beverages,Beverages,Real,2.74,358,285,21,2,569,CASH,Cancelled,23,2,Average,In Stock,Cancelled
ORD101988,CUST8711,Jairaj Batta,20,Female,West Bengal,Kolkata,Howrah,553452,18-04-2024,21-04-2024,P708,Sugar,Grocery,Grocery,Madhur,3.48,369,311,16,3,934,UPI,Delivered,826,2,Late delivery,Out of Stock,Returned
ORD101573,null,Tanish Wali,88,Female,Maharashtra,Unknown,Dharampeth,953764,29-03-2024,31-03-2024,P134,Frozen Peas,Frozen Food,Frozen Food,Safal,4.75,406,323,1,6,1488,Unknown,Pending,13,3,Average,In Stock,Pending
ORD101458,CUST5609,Zaid Mangal,50,Male,Telangana,Hyderbad,Banjara Hills,443162,28-03-2024,31-03-2024,P408,Tomato,Fruits & Vegetables,Fruits & Vegetables,Organic India,1.32,794,541,32,1,541,CASH ON DELIVERY,Returned,45,3,Late delivery,Limited,Delivered
ORD100995,CUST8251,Gauri Mahajan,30,Male,Tamil Nadu,PUNE,Peelamedu,567894,03-05-2024,07-05-2024,P149,Bread,Bakery,Bakery,Britannia,4.15,129,84,35,5,421,CASH ON DELIVERY,Cancelled,-1,2,Excellent,Limited,Cancelled
ORD100088,CUST1554,Chaaya Swaminathan,59,Male,Tamil Nadu,Coimbatore,Peelamedu,612366,16-04-2025,17-04-2025,P882,Cake,Bakery,Bakery,Monginis,0.13,152,135,11,6,810,UPI,Pending,75,3,Late delivery,In Stock,Pending
ORD104180,CUST8060,Nachiket Shroff,26,Male,Telangana,Hyderabad,Madhapur,842079,29-09-2024,10-03-2024,P401,Frozen Peas,Frozen Food,Frozen Food,Safal,2.49,264,193,27,8,1545,CASH ON DELIVERY,Delivered,51,3,Good,In Stock,Returned
ORD104715,CUST2102,Tanish Kapur,59,Other,Maharashtra,Pune,Baner,648246,19-06-2024,19-06-2024,P770,Detergent,Household Items,Household Items,Surf Excel,3.26,173,132,24,2,264,UPI,Delivered,83,5,Excellent,Out of Stock,Returned
ORD103295,CUST7829,Divya Ahuja,37,Other,Delhi,New Delhi,Rohini,527005,24-10-2025,25-10-2025,P695,Toothpaste,Personal Care,Personal Care, Colgate ,3.28,458,432,-19,3,1296,GPAY,Delivered,18,3,Average,Limited,Delivered
ORD102034,CUST9704,Lucky Kalla,88,Female,Gujarat,Surat,Adajan,929176,02-08-2024,06-08-2024,P595,Chips,Snacks,Snacks,Lay's,3.56,150,123,18,3,370,GPAY,Cancelled,70,1,Average,In Stock,Cancelled
ORD102128,CUST7999,Fiyaz Swamy,71,Female,Karnataka,Bangalore,Indiranagar,7962,27-08-2024,31-08-2024,P359,Apple,Fruits & Vegetables,Fruits & Vegetables,Kashmir Fresh,2.24,510,409,20,3,1226,GPAY,Delivered,73,4,Good,Limited,Cancelled
ORD103223,null,William Hayer,52,Male,Karnataka,Unknown,Whitefield,422982,17-08-2025,17-08-2025,P497,Bread,Bakery,Bakery,Britannia,3.83,406,323,13,5,1488,Unknown,Pending,19,1,Average,In Stock,Pending
ORD101894,CUST7221,Libni Doshi,33,Male,Karnataka,Mysore,Gokulam,184967,25-10-2025,26-10-2025,P332,Apple,Fruits & Vegetables,Fruits & Vegetables,Kashmir Fresh,0.4,134,97,28,5,484,UPI,Pending,54,1,Late delivery,In Stock,Delivered
ORD104756,null,Pahal Upadhyay,58,Other,Gujarat,Hyderbad,Adajan,923129,20-10-2025,24-10-2025,P900,Atta,Grocery,Grocery,Aashirvaad,3.19,406,323,33,5,1488,Unknown,Pending,81,2,Average,Out of Stock,Pending
ORD101928,CUST7324, Wazir Chanda ,44,Male,Delhi,New Delhi,Dwarka,841476,11-09-2024,14-09-2024,P539,Soft Drink,Beverages,Beverages,Coca-Cola,4.15,98,67,31,6,403,GOOGLE PAY,Cancelled,45,2,Damaged item,Limited,Delivered
ORD101355,null,Gunbir Sane,49,Other,Telangana,Unknown,Gachibowli,681323,23-10-2024,23-10-2024,P816,Ice Cream,Frozen Food,Frozen Food,Amul,1.01,406,323,13,7,1488,Unknown,Pending,63,2,Average,Limited,Pending
ORD101063,CUST3548,Oliver Buch,57,Male,Gujarat,Ahmedabad,Navrangpura,787865,22-12-2025,23-12-2025,P463,Namkeen,Snacks,Snacks,Haldiram,0.43,350,250,-9,8,1999,UPI,Returned,30,1,Excellent,Out of Stock,Cancelled
ORD104899,CUST4546,Tanveer Kapur,68,Other,Telangana,Hyderabad,Banjara Hills,399610,17-10-2024,19-10-2024,P724,Frozen Peas,Frozen Food,Frozen Food,Safal,4.25,106,105,1,6,632,GPAY,Returned,15,2,Damaged item,Limited,Cancelled
ORD103288,CUST3847,Chanakya Chauhan,75,Other,Karnataka,Bangalore,Koramangala,991982,21-05-2024,24-05-2024,P348,Cleaner,Household Items,Household Items,Lizol,3.87,629,604,4,8,4830,Debit Card,Pending,82,3,Average,Limited,Returned
ORD103704,CUST7572, Bina Sarma ,24,Female,West Bengal,Kolkata,Howrah,794919,16-05-2024,19-05-2024,P929,Ice Cream,Frozen Food,Frozen Food,Amul,1.35,213,166,22,6,995,GPAY,Delivered,32,3,Average,Out of Stock,Returned
ORD103891,CUST4264,Kai Sharma,70,Female,Tamil Nadu,Coimbatore,Peelamedu,147756,16-12-2025,16-12-2025,P515,Cleaner,Household Items,Household Items,Lizol,0.28,180,136,25,2,271,GPAY,Cancelled,35,3,Average,Limited,Cancelled
ORD104134,CUST7637,Pavani Babu,69,Female,West Bengal,Kolkata,Park Street,782975,29-11-2024,29-11-2024,P592,Soft Drink,Beverages,Beverages,Coca-Cola,4.56,604,603,0,8,4824,UPI,Pending,25,3,Late delivery,In Stock,Delivered
ORD100999,CUST4391,Rayaan Doctor,38,Female,Karnataka,Mysore,Gokulam,83769,16-11-2025,18-11-2025,P714,Detergent,Household Items,Household Items,Surf Excel,1.02,730,612,16,8,4898,GOOGLE PAY,Returned,72,5,Good,Out of Stock,Returned
ORD102385,CUST9989,Niharika Modi,43,Female,Gujarat,Surat,Vesu,540302,26-01-2025,28-01-2025,P132,Juice,Beverages,Beverages,Real,1.38,41,36,13,7,380,GOOGLE PAY,Returned,29,3,Average,Out of Stock,Cancelled
ORD100095,CUST6253,Qushi Wable,80,Other,Tamil Nadu,Chennai, T Nagar ,113134,02-09-2025,11-02-2025,P590,Juice,Beverages,Beverages,Real,1.64,647,474,27,7,3315,GPAY,Cancelled,46,3,Average,Limited,Returned
ORD101713,CUST7296,Daksha Lad,34,Other,Maharashtra,Pune,Kothrud,21910,26-07-2025,29-07-2025,P631,Bread,Bakery,Bakery,Britannia,3.63,734,568,23,1,568,CASH,Pending,12,4,Late delivery,Limited,Returned
ORD100804,null,Hamsini De,58,Male,Telangana,Unknown,Banjara Hills,205052,05-02-2024,05-02-2024,P138,Frozen Peas,Frozen Food,Frozen Food,Safal,1.03,406,323,27,8,1488,Unknown,Pending,60,4,Average,In Stock,Pending
ORD102182,CUST5598,Aryan Oza,47,Male,Maharashtra,Mumbai, Andheri ,418380,23-10-2025,27-10-2025,P212,Chips,Snacks,Snacks, Lay's ,1.93,735,724,2,7,5066,CASH,Delivered,45,4,Excellent,Limited,Returned
ORD100324,CUST3601,Vedhika Bali,31,Other,Telangana,Hyderabad,Madhapur,991510,05-12-2024,16-05-2024,P701,Chips,Snacks,Snacks,Lay's,1.09,393,247,37,7,1726,CASH ON DELIVERY,Returned,68,2,Good,In Stock,Returned
ORD104811,CUST7773,Adya Sengupta,36,Other,West Bengal,Kolkata,Park Street,38395,23-07-2024,26-07-2024,P460,Apple,Fruits & Vegetables,Fruits & Vegetables,Kashmir Fresh,3.43,661,405,39,4,1621,GPAY,Pending,89,3,Good,Limited,Pending
ORD101772,null,Onkar Kakar,64,Male,Tamil Nadu,pune,RS Puram,994464,10-05-2024,14-05-2024,P608,Soft Drink,Beverages,Beverages,Coca-Cola,1.29,406,323,-19,1,1488,Unknown,Pending,21,2,Average,In Stock,Pending
ORD102927,CUST3858,Ekaja Jaggi,67,Female,Karnataka,Bangalore,Indiranagar,85895,31-03-2024,03-04-2024,P630,Ice Cream,Frozen Food,Frozen Food,Amul,0.68,506,360,29,4,1441,GOOGLE PAY,Pending,23,3,Damaged item,Limited,Delivered
ORD101728,CUST3277,Umang Muni,76,Other,Delhi,New Delhi,Dwarka,98100,24-09-2025,24-09-2025,P522,Namkeen,Snacks,Snacks, Haldiram ,3.18,581,430,26,7,3008,UPI,Delivered,65,5,Late delivery,Out of Stock,Cancelled
ORD100913,CUST5621,Henry Sawhney,38,Other,Maharashtra,Nagpur,Dharampeth,801235,09-04-2025,09-04-2025,P312,Cake,Bakery,Bakery,Monginis,0.8,487,430,12,5,2149,GPAY,Returned,9,2,Late delivery,In Stock,Pending
ORD101112,CUST7190,Lavanya Tank,42,Other,Delhi,New Delhi,Rohini,856364,25-08-2024,26-08-2024,P332,Rice,Grocery,Grocery,India Gate,3.43,60,40,34,4,159,UPI,Returned,-8,3,Average,In Stock,Pending
ORD102647,CUST3643,Prisha Rattan,18,Female,Gujarat,Ahmedabad,Navrangpura,543248,18-07-2024,19-07-2024,P226,Tomato,Fruits & Vegetables,Fruits & Vegetables,Organic India,0.35,412,298,28,4,1193,UPI,Delivered,62,5,Excellent,Out of Stock,Cancelled
ORD103455,null,Omya Lad,49,Other,West Bengal,Unknown,Salt Lake,252758,05-02-2025,06-05-2025,P682,Paneer,Dairy,Dairy,Mother Dairy,2.09,406,323,24,7,1488,Unknown,Pending,89,2,Average,In Stock,Pending
ORD103919,CUST4497,Waida Bobal,74,Female,Karnataka,Bangalore,Indiranagar,965680,22-03-2024,24-03-2024,P355,Biscuits,Snacks,Snacks,Parle,4.95,298,251,16,3,753,CASH,Pending,77,2,Average,Limited,Pending
ORD100881,null,Zilmil Nigam,41,Other,West Bengal,Unknown,Howrah,218375,17-01-2025,18-01-2025,P942,Namkeen,Snacks,Snacks,Haldiram,4.1,406,323,17,7,1488,Unknown,Pending,31,5,Average,Limited,Pending
ORD101452,CUST9198,Wazir Buch,28,Female,Tamil Nadu,Chennai,Anna Nagar,887911,31-12-2024,02-01-2025,P269,Frozen Peas,Frozen Food,Frozen Food,Safal,3.35,728,551,24,8,4407,GPAY,Cancelled,19,3,Good,Limited,Delivered
ORD102273,CUST1898,Gopal Bansal,55,Other,Telangana,Hyderabad,Gachibowli,357419,01-07-2025,07-01-2025,P998,Rice,Grocery,Grocery, India Gate ,4.79,658,549,17,1,549,CASH,Cancelled,10,5,Damaged item,Out of Stock,Cancelled
ORD103591,CUST3611,Gavin Chandran,57,Other,Delhi,New Delhi,Dwarka,67248,19-01-2024,20-01-2024,P940,Detergent,Household Items,Household Items,Surf Excel,0.37,156,130,17,7,907,GPAY,Pending,37,3,Average,Limited,Pending
ORD101786,CUST9751,Meera Agarwal,22,Female,West Bengal,Kolkata,Howrah,560210,01-11-2025,01-12-2025,P543,Frozen Peas,Frozen Food,Frozen Food,Safal,1.44,280,273,3,2,546,CASH ON DELIVERY,Cancelled,503,3,Damaged item,In Stock,Cancelled
ORD103916,CUST5082,Jasmit Barad,74,Female,Gujarat,Surat,Vesu,46581,18-10-2024,21-10-2024,P193,Cleaner,Household Items,Household Items,Lizol,2.54,516,443,14,2,887,Debit Card,Cancelled,29,3,Average,In Stock,Pending
ORD103977,CUST1526,Abhimanyu Walia,31,Male,Maharashtra,Nagpur,Dharampeth,690684,23-06-2025,26-06-2025,P971,Cleaner,Household Items,Household Items,Lizol,0.26,456,444,3,6,2665,UPI,Cancelled,22,3,Late delivery,Out of Stock,Delivered
ORD102989,CUST2403,Reva Verma,74,Other,Gujarat,pune,Vesu,817311,17-09-2025,17-09-2025,P626,Chips,Snacks,Snacks,Lay's,2.99,581,475,18,1,475,CASH ON DELIVERY,Pending,49,4,Damaged item,Limited,Returned
ORD101345,CUST7297, Maanas Venkatesh ,71,Male,Maharashtra,Pune,Baner,541075,12-07-2024,14-07-2024,P431,Bread,Bakery,Bakery,Britannia,1.49,308,191,38,8,1532,UPI,Delivered,28,1,Average,In Stock,Cancelled
ORD100863,null,Bina Kashyap,42,Male,Maharashtra,Unknown,Dharampeth,385445,14-01-2025,15-01-2025,P572,Rice,Grocery,Grocery,India Gate,2.48,406,323,28,3,1488,Unknown,Pending,13,3,Average,In Stock,Pending
ORD104849,CUST1009,Tanmayi Rajagopalan,33,Other,Gujarat,Ahmedabad,Satellite,283069,03-07-2025,04-07-2025,P616,Rice,Grocery,Grocery,India Gate,4.44,219,194,11,4,776,CASH,Delivered,52,3,Average,Out of Stock,Delivered
ORD102196,CUST8746,Vedika Srinivas,26,Female,West Bengal,Kolkata,Salt Lake,581153,26-08-2025,30-08-2025,P546,Soap,Personal Care,Personal Care,Dove,1.2,27,26,3,8,210,UPI,Returned,15,5,Good,In Stock,Pending
ORD100092,CUST9038,Christopher Ranganathan,58,Male,Delhi,New Delhi,Dwarka,773540,25-08-2024,25-08-2024,P484,Tomato,Fruits & Vegetables,Fruits & Vegetables,Organic India,2.22,492,416,15,6,2496,CASH ON DELIVERY,Returned,65,5,Excellent,In Stock,Delivered
ORD103688,CUST1648,Isaiah Apte,39,Male,Tamil Nadu,Coimbatore,Peelamedu,97149,24-02-2024,27-02-2024,P256,Toothpaste,Personal Care,Personal Care,Colgate,4.71,488,486,0,2,972,GOOGLE PAY,Returned,14,5,Good,Out of Stock,Delivered
ORD104200,CUST5025,Triya Pai,63,Other,Maharashtra,pune,Dharampeth,629413,18-04-2025,20-04-2025,P147,Atta,Grocery,Grocery,Aashirvaad,1.41,277,255,8,7,1787,GOOGLE PAY,Delivered,51,4,Good,Limited,Pending
ORD100830,CUST6025,Akshay Kannan,72,Male,West Bengal,Kolkata,Park Street,18361,13-04-2024,17-04-2024,P700,Banana,Fruits & Vegetables,Fruits & Vegetables,FreshFarm,3.97,624,511,18,8,4086,CASH,Pending,37,1,Average,Limited,Cancelled
ORD103463,CUST8387, Bhavani Bedi ,76,Male,Tamil Nadu,Mumbai,Saket,45042,19-09-2024,21-09-2024,P673,Frozen Peas,Frozen Food,Frozen Food,Safal,1.94,583,550,6,1,550,GPAY,Returned,52,1,Excellent,In Stock,Returned
ORD104381,CUST9739,Anita Vyas,71,Male,Telangana,Hyderabad,Gachibowli,841043,05-12-2024,12-06-2024,P428,Chips,Snacks,Snacks,Lay's,3.57,603,507,16,4,2030,CASH,Returned,75,1,Average,In Stock,Pending
ORD103693,CUST2820,Nirja Saha,31,Female,Tamil Nadu,Coimbatore, Peelamedu ,762184,30-07-2025,01-08-2025,P558,Biscuits,Snacks,Snacks,Parle,1.59,443,417,6,2,835,CASH ON DELIVERY,Delivered,67,4,Excellent,Limited,Returned
ORD102978,CUST1899,Odika Maharaj,21,Other,Telangana,Hyderabad,Banjara Hills,527293,04-07-2025,07-04-2025,P460,Banana,Fruits & Vegetables,Fruits & Vegetables,FreshFarm,3.88,177,110,38,4,441,GPAY,Cancelled,78,2,Average,Out of Stock,Delivered
ORD102406,CUST9139,Adweta Sandal,53,Female,Gujarat,Surat,Vesu,946404,16-05-2024,17-05-2024,P878,Juice,Beverages,Beverages,Real,0.36,235,194,17,3,583,UPI,Returned,32,5,Average,Limited,Cancelled
ORD104301,CUST4116,Ekalinga Luthra,27,Other,West Bengal,Kolkata,Salt Lake,259107,06-09-2024,12-06-2024,P654,Milk,Dairy,Dairy,Amul,0.67,59,46,23,4,184,CASH ON DELIVERY,Delivered,13,5,Damaged item,Out of Stock,Cancelled
ORD104126,CUST1001,Aarini Sastry,35,Other,Delhi,New Delhi,Dwarka,959242,17-07-2024,21-07-2024,P664,Tomato,Fruits & Vegetables,Fruits & Vegetables,Organic India,3.04,159,130,18,2,260,GOOGLE PAY,Cancelled,76,4,Average,Out of Stock,Cancelled
ORD101034,CUST1944,Wridesh Tiwari,60,Female,Gujarat,Ahmedabad,Satellite,509103,21-03-2024,23-03-2024,P328,Sugar,Grocery,Grocery,Madhur,1.47,603,396,34,3,1189,UPI,Cancelled,69,4,Average,Limited,Pending
ORD101357,CUST5874,Libni Dutta,17,Other,maharashtra,Ahmedabad,Navrangpura,630233,15-11-2024,18-11-2024,P691,Shampoo,Personal Care,Personal Care,Clinic Plus,3.09,290,269,7,1,269,Debit Card,Returned,78,3,Damaged item,Out of Stock,Returned
ORD102138,CUST4054,Abhimanyu Malhotra,64,Female,Telangana,Hyderabad,Gachibowli,751767,22-01-2024,25-01-2024,P937,Soap,Personal Care,Personal Care,Dove,1.78,724,567,22,8,4537,CASH ON DELIVERY,Returned,90,3,Average,Out of Stock,Delivered
ORD102067,CUST6438,Christopher More,76,Other,Gujarat,Ahmedabad,Satellite,168072,30-07-2024,02-08-2024,P575,Chips,Snacks,Snacks,Lay's,1.25,670,566,15,4,2264,UPI,Cancelled,13,2,Damaged item,Limited,Cancelled
ORD101385,CUST8216,Vedant Rao,74,Other,West Bengal,Kolkata,Howrah,687215,05-07-2024,07-06-2024,P528,Cake,Bakery,Bakery,Monginis,3.87,268,189,29,4,758,CASH,Pending,25,3,Good,In Stock,Delivered
ORD100214,CUST7131,Nimrat Ghosh,51,Male,West Bengal,Kolkata,Park Street,137953,02-02-2024,04-02-2024,P554,Toothpaste,Personal Care,Personal Care,Colgate,2.58,88,83,5,7,584,Debit Card,Returned,22,2,Late delivery,Out of Stock,Returned
ORD104852,CUST8216,Gavin Tank,37,Other,Tamil Nadu,Coimbatore,RS Puram,912452,28-10-2024,01-11-2024,P886,Chips,Snacks,Snacks,Lay's,1.94,113,105,7,4,421,UPI,Delivered,51,3,Average,In Stock,Returned
ORD101066,CUST7173,Utkarsh Varughese,51,Female,Delhi,New Delhi,Rohini,801842,19-06-2025,21-06-2025,P282,Curd,Dairy,Dairy,Britannia,1.15,735,727,1,2,1453,UPI,Delivered,22,2,Excellent,Limited,Delivered
ORD101916,CUST4304,Oliver Shan,49,Other,Delhi,New Delhi,Rohini,272344,09-07-2025,07-09-2025,P933,Detergent,Household Items,Household Items,Surf Excel,0.18,479,368,23,8,2835,GPAY,Delivered,9,2,Average,In Stock,Pending
ORD102710,CUST4688,Ira Banik,69,Other,Telangana,PUNE,Banjara Hills,944033,08-08-2025,08-08-2025,P851,Banana,Fruits & Vegetables,Fruits & Vegetables,FreshFarm,2.3,358,223,38,7,1715,UPI,Returned,82,1,Excellent,Limited,Delivered
ORD104270,CUST8235,Ikshita Edwin,76,Female,Maharashtra,Mumbai,Andheri,164680,31-03-2024,04-02-2024,P243,Cake,Bakery,Bakery,Monginis,2.89,380,255,33,1,255,Debit Card,Pending,77,1,Average,Limited,Cancelled
ORD102548,CUST5638,Ekapad Venkatesh,74,Male,Telangana,Hyderabad,Madhapur,531911,15-11-2025,17-11-2025,P514,Curd,Dairy,Dairy,Britannia,0.98,723,522,28,8,4416,GPAY,Delivered,29,3,Late delivery,In Stock,Returned
ORD104320,CUST8663,Tanay Chowdhury,32,Other,Gujarat,Ahmedabad,Navrangpura,777985,11-08-2024,13-08-2024,P223,Tea,Beverages,Beverages,Tata Tea,2.63,651,417,36,7,2916,Debit Card,Pending,73,4,Average,In Stock,Pending
ORD100118,CUST3582, Janaki Sarin ,34,Other,Karnataka,Bangalore,Whitefield,167446,05-04-2025,04-08-2025,P813,Banana,Fruits & Vegetables,Fruits & Vegetables,FreshFarm,3.06,337,275,19,6,1647,UPI,Cancelled,19,1,Average,In Stock,Cancelled
ORD102553,CUST4296,Vincent Sidhu,43,Male,West Bengal,Kolkata,Park Street,466030,22-07-2025,22-07-2025,P435,Frozen Peas,Frozen Food,Frozen Food,Safal,1.49,63,45,28,5,226,GOOGLE PAY,Pending,20,4,Good,Limited,Delivered
ORD101635,CUST1355,Yachana Konda,61,Other,Tamil Nadu,Coimbatore,Peelamedu,89489,17-05-2025,17-05-2025,P451,Biscuits,Snacks,Snacks,Parle,3.08,795,657,17,7,4596,GOOGLE PAY,Delivered,50,4,Average,In Stock,Cancelled
ORD104256,CUST5083,Priya Pal,53,Other,Telangana,Hyderabad,Madhapur,982699,18-11-2025,21-11-2025,P958,Curd,Dairy,Dairy,Britannia,0.42,167,151,9,5,756,GPAY,Pending,58,3,Damaged item,In Stock,Pending
ORD104495,CUST1324,Quincy Kumar,80,Female,Maharashtra,Mumbai,Dadar,260925,29-06-2024,01-07-2024,P859,Banana,Fruits & Vegetables,Fruits & Vegetables,FreshFarm,0.76,489,438,10,4,1752,GOOGLE PAY,Returned,65,2,Good,Out of Stock,Returned
ORD102784,null,Darsh Borah,46,Other,Maharashtra,Unknown,Kothrud,957705,23-07-2024,23-07-2024,P138,Curd,Dairy,Dairy,Britannia,2.59,406,323,26,2,1488,Unknown,Pending,10,3,Average,Out of Stock,Pending
ORD104605,CUST8803,Jason Krishna,20,Other,Gujarat,Ahmedabad,Navrangpura,902987,13-08-2024,17-08-2024,P238,Juice,Beverages,Beverages,Real,1.7,151,149,1,8,1191,UPI,Returned,57,3,Average,In Stock,Delivered
ORD103082,CUST7434,Damini Bhalla,76,Male,Gujarat,Surat,Adajan,811565,03-04-2025,04-04-2025,P802,Apple,Fruits & Vegetables,Fruits & Vegetables,Kashmir Fresh,4.62,253,197,22,2,395,CASH ON DELIVERY,Cancelled,62,3,Good,In Stock,Returned
ORD100957,CUST6104,Harini Panchal,23,Other,Tamil Nadu,Chennai,T Nagar,548164,11-07-2025,11-07-2025,P254,Tomato,Fruits & Vegetables,Fruits & Vegetables,Organic India,2.7,332,329,1,2,658,Debit Card,Returned,14,1,Damaged item,Limited,Delivered
ORD103023,CUST8369,Diya Khare,26,Male,maharashtra,Mumbai,Andheri,10954,29-03-2024,02-04-2024,P259,Tomato,Fruits & Vegetables,Fruits & Vegetables,Organic India,0.24,662,476,28,6,2854,CASH ON DELIVERY,Returned,38,5,Average,Limited,Cancelled
ORD100165,CUST1108,Abha Kohli,49,Other,Delhi,New Delhi,Rohini,833783,24-08-2025,24-08-2025,P269,Ice Cream,Frozen Food,Frozen Food,Amul,1.23,314,302,4,5,1510,CASH,Cancelled,85,2,Late delivery,In Stock,Cancelled
ORD103497,CUST8214,Bhavya Sahota,69,Other,Tamil Nadu,Coimbatore,RS Puram,143524,06-06-2025,06-06-2025,P222,Ice Cream,Frozen Food,Frozen Food,Amul,2.57,288,256,11,4,1025,Debit Card,Delivered,22,4,Good,Limited,Returned
ORD100201,CUST5221,Oni Kohli,50,Female,Maharashtra,Pune,Baner,590688,06-02-2025,02-07-2025,P386,Soap,Personal Care,Personal Care,Dove,1.21,290,215,26,1,215,GOOGLE PAY,Returned,15,2,Good,Limited,Returned
ORD104122,CUST7332, Jagvi Sagar ,79,Male,Telangana,Hyderabad,Madhapur,504102,01-03-2024,04-03-2024,P890,Juice,Beverages,Beverages,Real,3.73,570,488,15,3,1463,CASH ON DELIVERY,Cancelled,10,3,Damaged item,Out of Stock,Delivered
ORD100238,CUST1859,Pahal Sinha,66,Other,Gujarat,Surat,Vesu,471514,17-11-2025,17-11-2025,P904,Chips,Snacks,Snacks,Lay's,0.24,523,373,29,1,373,CASH,Delivered,21,2,Average,Out of Stock,Cancelled
ORD101977,CUST7363,Guneet Parikh,76,Male,Tamil Nadu,Coimbatore,RS Puram,628884,15-07-2025,17-07-2025,P209,Bread,Bakery,Bakery,Britannia,0.95,778,721,7,8,5767,Debit Card,Delivered,17,2,Late delivery,Out of Stock,Pending
ORD100035,CUST5708,Chakrika Viswanathan,57,Male,West Bengal,Kolkata,Howrah,883997,12-02-2024,06-12-2024,P544,Frozen Peas,Frozen Food,Frozen Food,Safal,4.89,764,650,15,7,4551,Debit Card,Delivered,88,2,Average,Out of Stock,Delivered
ORD100985,CUST3359,Parth Pingle,26,Male,Telangana,Hyderabad,Madhapur,408501,17-01-2025,17-01-2025,P760,Bread,Bakery,Bakery,Britannia,3.68,565,350,38,5,1752,UPI,Delivered,65,3,Average,Out of Stock,Cancelled
ORD100552,null,Faris Randhawa,60,Male,West Bengal,PUNE,Park Street,395139,19-07-2024,21-07-2024,P496,Soft Drink,Beverages,Beverages,Coca-Cola,4.04,406,323,14,5,1488,Unknown,Pending,59,5,Average,Limited,Pending
ORD102713,CUST2608,Janya Ghose,40,Other,Karnataka,Mysore,VV Mohalla,506712,20-10-2024,23-10-2024,P679,Soft Drink,Beverages,Beverages, Coca-Cola ,3.82,324,236,27,3,709,UPI,Pending,51,4,Damaged item,Limited,Cancelled
ORD101991,CUST6353,Hiral Nazareth,73,Female,Telangana,Hyderabad, Banjara Hills ,803383,18-05-2024,22-05-2024,P499,Ice Cream,Frozen Food,Frozen Food,Amul,1.65,415,313,25,6,1880,UPI,Pending,27,3,Average,In Stock,Delivered
ORD100798,CUST1186,Meghana Shan,23,Male,Gujarat,Ahmedabad,Navrangpura,629689,20-03-2025,24-03-2025,P772,Cleaner,Household Items,Household Items,Lizol,4.59,625,519,17,2,1039,Debit Card,Pending,51,4,Damaged item,Limited,Delivered
ORD104663,CUST1990,Michael Kannan,54,Other,Telangana,Hyderabad,Banjara Hills,81956,31-05-2024,04-06-2024,P440,Namkeen,Snacks,Snacks,Haldiram,2.48,696,513,26,1,513,GOOGLE PAY,Delivered,56,3,Average,In Stock,Delivered
ORD104712,CUST2461,Yamini Sura,47,Other,Tamil Nadu,Chennai,Velachery,664421,05-05-2025,07-05-2025,P109,Cleaner,Household Items,Household Items,Lizol,3.11,242,166,31,1,166,UPI,Cancelled,19,3,Excellent,In Stock,Cancelled
ORD104595,CUST3913,Raagini Swamy,75,Other,Telangana,Hyderabad,Gachibowli,499589,11-07-2025,13-07-2025,P976,Ice Cream,Frozen Food,Frozen Food,Amul,4.65,567,542,4,5,2712,CASH ON DELIVERY,Cancelled,12,4,Good,In Stock,Cancelled
ORD103469,CUST5048,Charita Hegde,31,Female,Maharashtra,Pune,Kothrud,350529,22-10-2025,26-10-2025,P435,Toothpaste,Personal Care,Personal Care, Colgate ,1.65,485,331,32,7,2320,UPI,Returned,13,2,Damaged item,Limited,Cancelled
ORD101819,CUST4731,Benjamin Chaudhuri,23,Female,Telangana,Hyderabad,Banjara Hills,763420,29-08-2025,02-09-2025,P233,Frozen Peas,Frozen Food,Frozen Food,Safal,3.28,49,33,33,8,264,CASH ON DELIVERY,Returned,89,3,Good,Out of Stock,Cancelled
ORD103037,CUST6971,Lajita Divan,38,Other,Tamil Nadu,Coimbatore,Peelamedu,847307,07-04-2025,09-04-2025,P469,Paneer,Dairy,Dairy,Mother Dairy,1.6,464,321,31,2,643,CASH,Cancelled,76,3,Average,Out of Stock,Delivered
ORD101664,CUST8846,Waida Bala,80,Female,Gujarat,Surat,Vesu,56396,11-01-2025,11-01-2025,P789,Frozen Peas,Frozen Food,Frozen Food,Safal,3.82,794,767,3,6,4604,UPI,Pending,65,3,Late delivery,In Stock,Pending
ORD101644,CUST4867,Reyansh Gour,46,Other,Maharashtra,Mumbai,Powai,987095,26-05-2025,27-05-2025,P774,Frozen Peas,Frozen Food,Frozen Food,Safal,0.32,164,105,36,1,105,Debit Card,Delivered,35,3,Excellent,Limited,Pending
ORD103600,CUST1742,Harrison Roy,59,Other,Karnataka,Bangalore,Koramangala,738507,06-04-2024,04-09-2024,P709,Frozen Peas,Frozen Food,Frozen Food,Safal,2.56,526,522,1,7,3651,CASH,Delivered,20,3,Damaged item,Out of Stock,Cancelled
ORD101907,CUST6940,Jackson Korpal,33,Male,Maharashtra,Pune,Kothrud,955550,23-06-2024,23-06-2024,P422,Curd,Dairy,Dairy,Britannia,0.71,404,363,10,7,2538,GPAY,Returned,20,2,Average,Out of Stock,Delivered
ORD101280,CUST9384,Hritik Sridhar,23,Female,Karnataka,Mysore,Gokulam,702988,29-12-2025,01-02-2026,P928,Cake,Bakery,Bakery,Monginis,4.42,655,581,11,6,3483,UPI,Cancelled,68,5,Late delivery,Out of Stock,Cancelled
ORD101399,null,Harish Dubey,63,Male,Telangana,Unknown,Madhapur,617135,27-08-2024,27-08-2024,P239,Cleaner,Household Items,Household Items, Lizol ,1.1,406,323,11,5,1488,Unknown,Pending,81,3,Average,In Stock,Pending
ORD102671,null,Ethan Nagar,35,Other,Delhi,Unknown,Dwarka,281643,14-05-2024,18-05-2024,P664,Soap,Personal Care,Personal Care,Dove,3.27,406,323,26,2,1488,Unknown,Pending,9,3,Average,In Stock,Pending
ORD102039,CUST7621,Amaira Narayan,23,Female,Karnataka,Mysore,VV Mohalla,990503,08-07-2025,07-11-2025,P554,Shampoo,Personal Care,Personal Care,Clinic Plus,4.05,140,124,11,8,995,CASH,Returned,65,3,Average,In Stock,Returned
ORD100048,CUST8972,Jagat Natarajan,25,Other,Karnataka,Bangalore,Koramangala,273465,29-03-2025,01-04-2025,P146,Tomato,Fruits & Vegetables,Fruits & Vegetables,Organic India,1.18,494,378,23,8,3023,CASH,Delivered,83,2,Excellent,In Stock,Pending
ORD104116,CUST4141,Aachal Gopal,60,Female,maharashtra,Surat,Vesu,636786,27-02-2025,28-02-2025,P476,Ice Cream,Frozen Food,Frozen Food,Amul,3.23,155,107,31,8,860,UPI,Returned,90,2,Average,Out of Stock,Pending
ORD101254,CUST8405,Varenya Shetty,64,Female,Karnataka,Mysore,Gokulam,796287,20-06-2024,22-06-2024,P712,Sugar,Grocery,Grocery,Madhur,4.9,532,418,22,7,2923,GPAY,Returned,72,1,Average,In Stock,Delivered
ORD104658,CUST1619,Yahvi Din,62,Other,West Bengal,Kolkata,Howrah,468346,04-10-2025,06-10-2025,P103,Cake,Bakery,Bakery,Monginis,1.31,459,392,15,6,2354,GOOGLE PAY,Delivered,18,3,Good,Out of Stock,Delivered
ORD101918,CUST6662,Udant Rastogi,23,Other,Delhi,New Delhi,Saket,372197,08-10-2025,14-08-2025,P745,Atta,Grocery,Grocery,Aashirvaad,4.56,130,94,28,4,377,GPAY,Delivered,86,5,Good,Limited,Delivered
ORD103263,CUST7056,Divya Jayaraman,65,Female,West Bengal,Kolkata,Howrah,764862,15-12-2024,16-12-2024,P903,Cake,Bakery,Bakery,Monginis,1.5,319,276,13,2,552,UPI,Pending,80,5,Late delivery,Out of Stock,Pending
ORD100366,CUST8347, Zansi Rao ,80,Other,West Bengal,pune,Park Street,510991,05-10-2024,11-05-2024,P546,Chips,Snacks,Snacks,Lay's,0.43,449,315,30,7,2205,GPAY,Delivered,54,5,Excellent,Limited,Pending
ORD102162,CUST6677,Qadim Hora,67,Female,Karnataka,Bangalore,Koramangala,912080,25-03-2025,29-03-2025,P733,Toothpaste,Personal Care,Personal Care,Colgate,3.81,643,517,20,3,1550,UPI,Pending,28,3,Good,Out of Stock,Delivered
ORD104103,CUST2726,Aarna Tank,38,Female,Tamil Nadu,Hyderbad,T Nagar,895484,09-12-2024,16-09-2024,P239,Chips,Snacks,Snacks,Lay's,2.72,537,492,8,1,492,UPI,Cancelled,47,1,Excellent,Out of Stock,Returned
ORD101378,CUST8390,Qarin Hegde,50,Male,Gujarat,Ahmedabad,Satellite,517243,14-06-2025,14-06-2025,P907,Namkeen,Snacks,Snacks,Haldiram,3.97,42,39,8,6,232,GOOGLE PAY,Pending,88,2,Excellent,Limited,Returned
ORD102838,CUST3658,Upasna Sarma,34,Other,Tamil Nadu,Chennai,T Nagar,96916,21-10-2024,22-10-2024,P575,Shampoo,Personal Care,Personal Care,Clinic Plus,0.75,354,338,5,2,675,GOOGLE PAY,Returned,46,2,Average,Limited,Returned
ORD102843,CUST5317,Luke Lala,77,Male,Maharashtra,Nagpur,Sitabuldi,405274,08-01-2025,08-01-2025,P463,Toothpaste,Personal Care,Personal Care,Colgate,1.8,605,472,22,2,773,GOOGLE PAY,Pending,85,2,Excellent,Limited,Pending
ORD100740,CUST8197,Saanvi Bail,58,Other,Delhi,New Delhi,Rohini,451215,11-07-2024,12-07-2024,P476,Soap,Personal Care,Personal Care,Dove,1.69,23,16,29,8,129,CASH,Delivered,27,1,Late delivery,Out of Stock,Pending
ORD102944,CUST3504,Warhi Nori,42,Male,Maharashtra,Mumbai,Dadar,198362,30-04-2025,05-04-2025,P516,Cleaner,Household Items,Household Items,Lizol,4.17,195,192,2,1,192,CASH,Pending,25,5,Damaged item,Limited,Returned
ORD103144,null, Amara Uppal ,47,Female,Delhi,Unknown,Saket,740563,19-09-2025,21-09-2025,P360,Juice,Beverages,Beverages,Real,1.85,406,323,19,8,1488,Unknown,Pending,71,3,Average,In Stock,Pending
ORD103874,CUST5955,Damyanti Sinha,31,Male,Telangana,Hyderabad,Gachibowli,129435,20-11-2024,24-11-2024,P926,Tea,Beverages,Beverages,Tata Tea,1.08,355,322,10,1,322,GOOGLE PAY,Delivered,51,4,Average,Out of Stock,Delivered
ORD101919,null,Manan D’Alia,26,Male,Delhi,Unknown,Rohini,382373,31-07-2024,01-08-2024,P338,Curd,Dairy,Dairy,Britannia,4.01,406,323,23,7,1488,Unknown,Pending,54,2,Average,In Stock,Pending
ORD103183,CUST6462,Hamsini Master,74,Male,Maharashtra,Nagpur,Sitabuldi,724241,16-06-2024,20-06-2024,P325,Bread,Bakery,Bakery,Britannia,2.68,59,48,18,2,97,Debit Card,Delivered,79,3,Late delivery,In Stock,Delivered
ORD103241,CUST2184,Darpan Ramakrishnan,38,Male,Telangana,Hyderabad,Gachibowli,314543,11-11-2024,14-11-2024,P401,Atta,Grocery,Grocery, Aashirvaad ,3.28,174,105,39,7,737,CASH ON DELIVERY,Delivered,23,3,Good,In Stock,Pending
ORD103820,CUST8692,Charles Salvi,55,Other,Maharashtra,Pune,Baner,863669,17-10-2025,18-10-2025,P494,Paneer,Dairy,Dairy,Mother Dairy,3.22,170,115,32,6,689,UPI,Pending,51,4,Good,In Stock,Pending
ORD102268,CUST1100,Mohammed Mander,14,Male,Karnataka,Bangalore,Koramangala,643765,12-07-2025,15-07-2025,P654,Sugar,Grocery,Grocery,Madhur,2.48,513,323,37,1,323,GPAY,Cancelled,20,1,Good,In Stock,Cancelled
ORD104526,CUST3643, Shaurya Yadav ,76,Other,Tamil Nadu,Coimbatore,RS Puram,471840,26-12-2025,28-12-2025,P177,Curd,Dairy,Dairy,Britannia,2.72,677,412,39,1,493,GOOGLE PAY,Cancelled,9,5,Good,In Stock,Returned
ORD100514,CUST8540, Yug Dave ,47,Other,Maharashtra,Nagpur,Sitabuldi,434793,17-04-2024,21-04-2024,P705,Cleaner,Household Items,Household Items,Lizol,2.24,582,516,11,4,2064,UPI,Delivered,14,4,Average,Limited,Delivered
ORD102198,CUST1705,Nachiket Lad,28,Female,West Bengal,Kolkata,Salt Lake,991669,18-07-2025,19-07-2025,P582,Apple,Fruits & Vegetables,Fruits & Vegetables,Kashmir Fresh,3.7,178,162,9,4,647,UPI,Returned,36,5,Average,Limited,Cancelled
ORD101739,CUST8406,Deepa Naidu,68,Male,Maharashtra,Mumbai,Bandra,203393,05-07-2025,07-08-2025,P200,Soft Drink,Beverages,Beverages,Coca-Cola,3.91,592,429,28,4,1716,CASH,Cancelled,47,2,Damaged item,Out of Stock,Pending
ORD101431,CUST3687,Lekha Agarwal,41,Male,Maharashtra,Mumbai,Bandra,910113,15-12-2025,15-12-2025,P201,Biscuits,Snacks,Snacks,Parle,2.24,128,115,11,4,459,CASH,Cancelled,13,3,Late delivery,Limited,Pending
ORD102763,CUST1280,Lavanya Oommen,26,Other,Maharashtra,Pune,Wakad,881655,08-10-2025,11-08-2025,P529,Chips,Snacks,Snacks,Lay's,0.87,260,165,36,1,165,Debit Card,Returned,60,5,Excellent,In Stock,Pending
ORD101699,CUST6815,Chameli Bail,38,Male,Delhi,New Delhi,Dwarka,55778,29-05-2025,30-05-2025,P972,Cake,Bakery,Bakery,Monginis,3.83,30,27,9,4,108,UPI,Returned,50,2,Average,Limited,Delivered
ORD104866,CUST1150,Rudra Dewan,60,Male,Tamil Nadu,Coimbatore,RS Puram,726628,29-06-2024,29-06-2024,P443,Detergent,Household Items,Household Items,Surf Excel,4.8,792,495,37,3,1486,CASH ON DELIVERY,Returned,65,3,Average,Out of Stock,Delivered
ORD104991,CUST1192,Vritti Iyengar,24,Male,Tamil Nadu,Coimbatore,Peelamedu,789226,30-11-2024,04-12-2024,P550,Sugar,Grocery,Grocery,Madhur,4.6,707,631,11,2,1261,GPAY,Cancelled,63,3,Late delivery,Limited,Delivered
ORD101128,CUST8256,Abhimanyu Uppal,65,Female,Karnataka,Mysore,Gokulam,308183,23-02-2024,25-02-2024,P330,Tea,Beverages,Beverages,Tata Tea,3.15,520,338,35,3,1014,GOOGLE PAY,Pending,63,5,Damaged item,Limited,Delivered
ORD104216,CUST8798,Jagat Batra,35,Female,Delhi,New Delhi,Saket,268320,16-08-2025,19-08-2025,P277,Tomato,Fruits & Vegetables,Fruits & Vegetables,Organic India,4.39,523,420,20,1,420,GOOGLE PAY,Returned,14,3,Average,In Stock,Pending
ORD104161,CUST8355,Dominic Chanda,25,Male,Telangana,Hyderabad,Banjara Hills,409242,24-10-2024,27-10-2024,P725,Milk,Dairy,Dairy,Amul,3.18,392,334,15,1,334,Debit Card,Pending,61,3,Average,Limited,Returned
ORD103143,CUST3383,Gavin Chowdhury,52,Female,Tamil Nadu,Coimbatore,RS Puram,432737,22-09-2025,26-09-2025,P797,Tea,Beverages,Beverages,Tata Tea,3.05,680,498,27,7,3487,CASH ON DELIVERY,Pending,48,5,Excellent,In Stock,Cancelled
ORD103001,CUST8549,Devika Kothari,59,Female,Tamil Nadu,Coimbatore,Peelamedu,365087,14-05-2024,15-05-2024,P301,Ice Cream,Frozen Food,Frozen Food,Amul,3.81,434,347,20,8,2779,UPI,Pending,47,3,Average,Out of Stock,Delivered
ORD103908,CUST5865,Siddharth Varughese,36,Male,Karnataka,Bangalore,Koramangala,954523,01-04-2025,04-04-2025,P271,Soft Drink,Beverages,Beverages,Coca-Cola,2.18,761,473,38,2,945,GPAY,Delivered,77,3,Average,Limited,Pending
ORD104366,CUST3737,Ranbir Nayar,88,Female,Gujarat,Surat,Vesu,52381,29-02-2024,02-03-2024,P347,Bread,Bakery,Bakery,Britannia,4.87,621,599,4,7,4193,UPI,Cancelled,70,2,Damaged item,In Stock,Delivered
ORD102910,CUST1334,Chatura Sahota,24,Female,Tamil Nadu,Mumbai,RS Puram,953933,24-02-2024,25-02-2024,P657,Curd,Dairy,Dairy,Britannia,3.31,326,201,38,2,402,Debit Card,Returned,46,4,Excellent,Limited,Delivered
ORD101633,CUST9315,Saanvi Korpal,48,Other,Delhi,New Delhi,Dwarka,117830,05-04-2025,06-04-2025,P834,Curd,Dairy,Dairy,Britannia,2.82,744,587,21,8,4692,GOOGLE PAY,Pending,49,3,Damaged item,Out of Stock,Delivered
ORD101809,CUST1400,Rishi Bhavsar,42,Other,Delhi,PUNE,Saket,600511,18-12-2024,21-12-2024,P373,Cake,Bakery,Bakery,Monginis,4.93,588,434,26,6,2605,CASH,Returned,54,2,Average,Out of Stock,Cancelled
ORD104089,CUST4737,Vamakshi Kamdar,65,Male,Delhi,New Delhi,Rohini,710729,28-05-2025,29-05-2025,P649,Frozen Peas,Frozen Food,Frozen Food,Safal,1.44,177,176,1,6,1056,UPI,Delivered,20,3,Average,In Stock,Returned
ORD100503,null,Anika Ghosh,62,Female,Tamil Nadu,Unknown,T Nagar,409087,22-07-2024,24-07-2024,P796,Rice,Grocery,Grocery,India Gate,0.91,406,323,19,3,1488,Unknown,Pending,75,2,Average,Limited,Pending
ORD103494,CUST2730,Chanchal Choudhary,59,Female,Karnataka,Mysore,Gokulam,544115,27-05-2025,28-05-2025,P955,Rice,Grocery,Grocery,India Gate,0.46,421,283,33,3,850,CASH,Cancelled,23,5,Damaged item,Out of Stock,Returned
ORD101695,CUST5865,Netra Shanker,33,Female,Delhi,New Delhi,Rohini,415625,03-01-2024,03-03-2024,P220,Juice,Beverages,Beverages,Real,1.62,358,261,27,1,261,GPAY,Delivered,86,1,Average,Out of Stock,Cancelled
ORD104153,CUST9613,Theodore Sahota,66,Other,Maharashtra,Nagpur,Sitabuldi,972440,25-01-2024,28-01-2024,P597,Tomato,Fruits & Vegetables,Fruits & Vegetables,Organic India,2.37,605,517,14,6,3104,CASH,Returned,24,4,Damaged item,Out of Stock,Delivered
ORD102236,null,Siya Oza,44,Female,Maharashtra,Unknown, Wakad ,61258,12-04-2024,12-06-2024,P908,Toothpaste,Personal Care,Personal Care,Colgate,3.07,406,323,5,7,1488,Unknown,Pending,46,4,Average,Limited,Pending
ORD101553,CUST7892,Eta Parmar,54,Male,Gujarat,Ahmedabad,Satellite,636008,03-11-2025,04-11-2025,P355,Milk,Dairy,Dairy,Amul,2.23,189,166,12,4,664,CASH,Cancelled,41,3,Damaged item,Out of Stock,Delivered
ORD100923,CUST2092,Rehaan Baria,79,Other,Karnataka,Mysore,VV Mohalla,182393,08-04-2024,04-12-2024,P373,Milk,Dairy,Dairy,Amul,4.97,539,425,21,8,3398,CASH ON DELIVERY,Pending,47,1,Average,Limited,Pending
ORD103948,CUST6852,Amol Vasa,76,Other,Maharashtra,PUNE,Andheri,759341,04-11-2025,15-04-2025,P848,Frozen Peas,Frozen Food,Frozen Food,Safal,4.11,246,174,29,6,1044,UPI,Cancelled,82,3,Average,Out of Stock,Returned
ORD102315,CUST1460,Varsha Narula,48,Male,Karnataka,Mysore,Gokulam,262621,24-08-2024,25-08-2024,P425,Banana,Fruits & Vegetables,Fruits & Vegetables,FreshFarm,2.76,451,280,38,6,1681,UPI,Cancelled,9,4,Late delivery,Out of Stock,Cancelled
ORD100937,CUST8368,Chaman Zachariah,53,Female,Delhi,New Delhi,Saket,963476,21-08-2024,23-08-2024,P231,Juice,Beverages,Beverages,Real,3,541,408,25,5,2040,CASH ON DELIVERY,Pending,70,4,Excellent,Limited,Pending
ORD104910,CUST5549,Girindra Bhatti,66,Male,Tamil Nadu,Coimbatore,RS Puram,887674,10-03-2024,12-03-2024,P825,Milk,Dairy,Dairy,Amul,2.73,461,435,6,5,2173,GPAY,Pending,13,3,Late delivery,Limited,Pending
ORD103102,CUST8768,Gopal Thaker,55,Other,Maharashtra,Nagpur,Dharampeth,950986,10-07-2024,07-10-2024,P679,Sugar,Grocery,Grocery,Madhur,1.07,778,484,38,2,968,CASH,Pending,41,5,Excellent,Limited,Delivered
ORD100396,CUST6105,Gagan Sheth,24,Male,Telangana,Hyderabad,Madhapur,534633,08-06-2025,06-11-2025,P599,Cake,Bakery,Bakery,Monginis,2.22,215,146,32,4,584,GPAY,Returned,83,3,Excellent,Out of Stock,Delivered
ORD103715,CUST4376,Jai Krishnamurthy,78,Male,West Bengal,Kolkata,Park Street,66205,31-12-2024,03-01-2025,P306,Cleaner,Household Items,Household Items,Lizol,4.61,547,457,17,5,2284,UPI,Pending,65,4,Excellent,In Stock,Returned
ORD101657,null,Veda Raval,79,Male,Maharashtra,Unknown,Dharampeth,820748,27-02-2024,27-02-2024,P540,Juice,Beverages,Beverages,Real,0.4,406,323,27,1,1488,Unknown,Pending,80,3,Average,In Stock,Pending
ORD102415,CUST5923,Hemangini Acharya,28,Female,Gujarat,Surat,Adajan,207312,24-03-2024,26-03-2024,P136,Cake,Bakery,Bakery,Monginis,0.38,312,217,30,4,867,GPAY,Cancelled,76,1,Average,In Stock,Pending
ORD104212,CUST6574,Pallavi Shah,11,Female,Delhi,New Delhi,Saket,820302,28-12-2024,31-12-2024,P137,Cake,Bakery,Bakery,Monginis,4.16,529,505,-7,1,505,CASH,Pending,81,5,Excellent,Out of Stock,Pending
ORD100268,CUST7914,Gaurang Narula,47,Other,West Bengal,Kolkata,Howrah,642246,13-06-2024,15-06-2024,P263,Tea,Beverages,Beverages,Tata Tea,1.44,337,217,35,4,869,UPI,Cancelled,63,3,Average,In Stock,Delivered
ORD102356,CUST7422, Bhavika Kuruvilla ,70,Other,Tamil Nadu,Chennai,T Nagar,13231,22-10-2025,23-10-2025,P642,Frozen Peas,Frozen Food,Frozen Food,Safal,4.22,420,285,32,8,2281,GPAY,Cancelled,54,2,Good,In Stock,Delivered
ORD103380,CUST1781,Unni Rau,60,Other,Telangana,Hyderabad,Banjara Hills,337088,11-01-2024,11-05-2024,P418,Frozen Peas,Frozen Food,Frozen Food,Safal,4.11,69,48,31,8,381,Debit Card,Cancelled,-3,3,Damaged item,Out of Stock,Delivered
ORD104207,CUST5437,Ikbal Bali,34,Male,Gujarat,Ahmedabad,Navrangpura,829631,23-03-2024,26-03-2024,P291,Sugar,Grocery,Grocery,Madhur,4.08,406,369,9,2,738,UPI,Delivered,46,5,Average,Limited,Delivered
ORD101080,CUST7656,Darpan Raju,39,Female,Delhi,New Delhi,Saket,817632,30-03-2025,01-04-2025,P885,Biscuits,Snacks,Snacks,Parle,1.86,674,581,14,2,1161,CASH ON DELIVERY,Returned,86,1,Average,Out of Stock,Returned
ORD101002,CUST8264,Harsh Mahal,56,Other,Telangana,Hyderabad,Banjara Hills,619802,04-09-2025,09-05-2025,P103,Atta,Grocery,Grocery,Aashirvaad,4.07,90,56,38,1,56,GOOGLE PAY,Delivered,16,5,Average,In Stock,Cancelled
ORD101242,CUST8121,Wyatt Divan,50,Other,West Bengal,Kolkata,Salt Lake,837932,28-04-2025,28-04-2025,P137,Sugar,Grocery,Grocery,Madhur,2.54,369,341,8,1,341,Debit Card,Delivered,61,5,Late delivery,Out of Stock,Cancelled
ORD101647,CUST3940,Zaitra Karnik,18,Female,West Bengal,Kolkata,Howrah,85468,20-02-2024,22-02-2024,P875,Ice Cream,Frozen Food,Frozen Food,Amul,0.38,732,686,6,5,3430,CASH,Cancelled,29,3,Average,Limited,Returned
ORD100978,CUST1900,Siya Kaul,59,Female,Gujarat,Surat,Vesu,224939,30-06-2024,03-07-2024,P916,Paneer,Dairy,Dairy,Mother Dairy,3.63,72,44,39,7,308,UPI,Pending,78,2,Good,Limited,Delivered
ORD104201,CUST9943,Ayaan Rastogi,74,Male,Tamil Nadu,Mumbai,Salt Lake,932795,17-09-2025,20-09-2025,P942,Toothpaste,Personal Care,Personal Care,Colgate,0.93,266,198,26,6,1187,GOOGLE PAY,Pending,82,1,Late delivery,In Stock,Cancelled
ORD104666,CUST2438,Damyanti Saran,23,Other,Gujarat,Ahmedabad, Navrangpura ,846413,29-11-2024,12-02-2024,P968,Frozen Peas,Frozen Food,Frozen Food,Safal,2.83,799,716,10,8,5730,GPAY,Returned,89,4,Excellent,Out of Stock,Delivered
ORD102869,CUST4131,Maanav Bal,44,Male,West Bengal,PUNE,Park Street,860998,06-10-2025,06-10-2025,P220,Namkeen,Snacks,Snacks,Haldiram,0.55,772,714,8,8,5710,UPI,Returned,44,1,Damaged item,Limited,Cancelled
ORD102673,CUST2599,Neelima Khurana,64,Other,Maharashtra,pune,Hinjewadi,75610,12-11-2024,13-11-2024,P307,Juice,Beverages,Beverages,Real,0.79,68,56,17,1,56,CASH,Cancelled,89,1,Good,Limited,Returned
ORD100107,CUST1011,Faras Dayal,47,Female,Telangana,Hyderabad,Madhapur,800363,14-08-2025,15-08-2025,P235,Toothpaste,Personal Care,Personal Care,Colgate,4.42,635,608,4,8,4984,GOOGLE PAY,Pending,725,1,Average,Out of Stock,Cancelled
ORD103206,null,Anthony Rout,20,Other,Karnataka,Unknown,Gokulam,515793,07-04-2024,10-04-2024,P471,Tea,Beverages,Beverages,Tata Tea,1.99,406,323,30,1,1488,Unknown,Pending,68,5,Average,In Stock,Pending
ORD102752,CUST2453,Balveer Balasubramanian,49,Female,Karnataka,Mysore,VV Mohalla,447486,19-03-2025,19-03-2025,P859,Cleaner,Household Items,Household Items,Lizol,2.59,31,29,8,8,230,CASH ON DELIVERY,Cancelled,40,3,Average,In Stock,Returned
ORD103855,CUST7619,Liam Minhas,61,Male,Tamil Nadu,Coimbatore,Peelamedu,646014,17-09-2024,17-09-2024,P710,Curd,Dairy,Dairy,Britannia,3.04,109,83,24,6,498,GOOGLE PAY,Delivered,15,2,Good,Limited,Cancelled
ORD101937,CUST3778,Aarush Dara,72,Male,Delhi,New Delhi,Rohini,421107,22-10-2025,22-10-2025,P205,Apple,Fruits & Vegetables,Fruits & Vegetables,Kashmir Fresh,1.88,328,283,14,1,283,UPI,Cancelled,70,3,Average,In Stock,Returned
ORD101413,null,Ekiya Randhawa,28,Other,maharashtra,pune,Salt Lake,535678,19-10-2025,19-10-2025,P931,Shampoo,Personal Care,Personal Care,Clinic Plus,2.29,406,323,7,4,1488,Unknown,Pending,77,5,Average,In Stock,Pending
ORD101256,CUST5176,Gaurangi Dubey,45,Female,Delhi,New Delhi,Rohini,151839,26-10-2024,28-10-2024,P339,Tomato,Fruits & Vegetables,Fruits & Vegetables,Organic India,2.74,31,23,26,2,46,Debit Card,Delivered,46,3,Excellent,In Stock,Delivered
ORD104504,CUST5945,Chandresh Thakur,26,Male,Karnataka,Bangalore,Koramangala,228177,12-03-2024,14-03-2024,P405,Chips,Snacks,Snacks,Lay's,4.74,509,392,23,6,2353,GOOGLE PAY,Cancelled,49,3,Average,In Stock,Pending
ORD103823,null,Rishi Bhasin,54,Male,Gujarat,Unknown,Adajan,616807,16-02-2024,17-02-2024,P110,Bread,Bakery,Bakery,Britannia,1.34,406,323,18,6,1488,Unknown,Pending,38,2,Average,In Stock,Pending
ORD104847,null,Isaiah Mandal,80,Other,Karnataka,Unknown,VV Mohalla,924732,29-08-2024,01-09-2024,P846,Biscuits,Snacks,Snacks,Parle,2.55,406,323,39,5,1488,Unknown,Pending,61,1,Average,Out of Stock,Pending
ORD104921,CUST6861,Girik Mandal,75,Male,West Bengal,pune,Park Street,178337,24-02-2025,24-02-2025,P753,Frozen Peas,Frozen Food,Frozen Food,Safal,4.96,237,203,14,1,203,CASH ON DELIVERY,Pending,50,3,Average,Out of Stock,Delivered
ORD100457,null,Isaiah Dhingra,24,Other,Maharashtra,Unknown,Andheri,328658,30-06-2024,07-01-2024,P117,Namkeen,Snacks,Snacks,Haldiram,1.73,406,323,6,2,1488,Unknown,Pending,43,2,Average,Limited,Pending
ORD103323,CUST7785, Widisha Kapoor ,27,Other,Karnataka,Bangalore,Koramangala,562064,23-01-2024,25-01-2024,P701,Tomato,Fruits & Vegetables,Fruits & Vegetables,Organic India,1.98,485,382,21,1,382,CASH ON DELIVERY,Cancelled,50,5,Late delivery,Out of Stock,Cancelled
ORD104344,CUST3512,Avni Sachar,30,Other,Telangana,Hyderabad,Gachibowli,467769,02-04-2024,07-02-2024,P496,Frozen Peas,Frozen Food,Frozen Food,Safal,0.78,373,291,22,3,874,UPI,Delivered,20,3,Damaged item,Limited,Cancelled
ORD102754,null,Yutika Johal,32,Other,West Bengal,Unknown,Park Street,760052,14-11-2025,15-11-2025,P678,Paneer,Dairy,Dairy,Mother Dairy,0.48,406,323,28,7,1488,Unknown,Pending,24,3,Average,Out of Stock,Pending
ORD100576,CUST7187,Urmi Dey,41,Male,Maharashtra,Nagpur,Sitabuldi,193621,18-05-2025,21-05-2025,P323,Sugar,Grocery,Grocery, Madhur ,1.64,271,217,20,6,1301,GPAY,Cancelled,17,3,Excellent,In Stock,Returned
ORD104446,CUST8856,Omaja Ghose,80,Male,Gujarat,Ahmedabad,Satellite,52416,21-07-2024,23-07-2024,P389,Curd,Dairy,Dairy,Britannia,1.66,727,601,17,8,4808,Debit Card,Delivered,71,4,Damaged item,Out of Stock,Pending
ORD103342,CUST5766,Omya Arya,40,Female,Karnataka,Mysore,Gokulam,81366,29-11-2025,01-12-2025,P210,Ice Cream,Frozen Food,Frozen Food,Amul,3.19,284,273,4,1,273,GOOGLE PAY,Cancelled,40,3,Excellent,Out of Stock,Cancelled
ORD102140,CUST6008,Hiral Badami,22,Male,Karnataka,Mysore,Gokulam,208083,18-05-2024,21-05-2024,P106,Cleaner,Household Items,Household Items, Lizol ,0.95,551,484,12,4,1831,CASH,Returned,57,5,Average,Limited,Delivered
ORD100816,CUST7215,Anvi Rai,44,Male,Telangana,Hyderabad,Gachibowli,838729,20-12-2025,22-12-2025,P638,Ice Cream,Frozen Food,Frozen Food, Amul ,1.42,219,180,18,7,1261,GPAY,Cancelled,67,5,Average,In Stock,Returned
ORD104166,CUST3485,Sai Suri,31,Female,Tamil Nadu,Chennai,T Nagar,843983,18-09-2025,20-09-2025,P821,Frozen Peas,Frozen Food,Frozen Food,Safal,2.16,81,53,34,2,107,CASH ON DELIVERY,Cancelled,49,3,Late delivery,Limited,Pending
ORD102643,CUST2683,Udarsh Prabhu,53,Female,Tamil Nadu,Coimbatore,Peelamedu,861269,13-06-2025,13-06-2025,P830,Ice Cream,Frozen Food,Frozen Food,Amul,3.53,664,503,24,3,1508,UPI,Pending,88,4,Average,Limited,Returned
ORD100855,CUST2522,Eshana Kumar,42,Other,Maharashtra,Pune,Hinjewadi,571059,15-02-2025,16-02-2025,P450,Atta,Grocery,Grocery,Aashirvaad,3.15,395,286,28,2,572,Debit Card,Delivered,42,2,Late delivery,Out of Stock,Returned
ORD102917,CUST4859, Lajita Taneja ,61,Other,Delhi,New Delhi,Rohini,214240,21-06-2024,22-06-2024,P770,Detergent,Household Items,Household Items,Surf Excel,2.63,515,383,26,4,1532,GPAY,Delivered,63,3,Average,In Stock,Returned
ORD101025,CUST1837,Edhitha Desai,21,Male,Karnataka,Mysore,Gokulam,672998,20-10-2025,22-10-2025,P234,Paneer,Dairy,Dairy,Mother Dairy,3.9,683,612,10,6,3674,GPAY,Pending,48,4,Average,Limited,Delivered
ORD100142,CUST3024,Isha Sarma,25,Other,Maharashtra,Mumbai,Andheri,231420,01-07-2025,05-07-2025,P818,Ice Cream,Frozen Food,Frozen Food, Amul ,0.85,483,299,38,1,299,CASH ON DELIVERY,Delivered,56,4,Average,In Stock,Cancelled
ORD102865,CUST5506,Bachittar Ahluwalia,46,Other,Gujarat,Ahmedabad,Satellite,430209,13-06-2025,14-06-2025,P398,Juice,Beverages,Beverages,Real,0.8,669,661,1,6,3968,GPAY,Delivered,17,3,Good,In Stock,Pending
ORD103530,CUST3392,Ekani Hegde,44,Other,Maharashtra,Mumbai,Dadar,580012,30-09-2025,04-10-2025,P316,Juice,Beverages,Beverages,Real,0.35,779,514,34,5,2568,GPAY,Pending,76,5,Average,In Stock,Returned
ORD102024,CUST6805,Faraj Chad,78,Male,Maharashtra,Pune,Baner,95380,08-09-2025,09-10-2025,P980,Tomato,Fruits & Vegetables,Fruits & Vegetables,Organic India,3.28,72,68,5,7,479,Debit Card,Pending,36,4,Average,Limited,Returned
ORD101473,CUST3680,Sai Vasa,22,Other,Maharashtra,Pune,Kothrud,710275,01-06-2025,04-06-2025,P596,Ice Cream,Frozen Food,Frozen Food,Amul,4,536,442,18,3,1326,UPI,Pending,20,4,Damaged item,Out of Stock,Returned
ORD102210,CUST4117,Ati Kakar,60,Other,Telangana,Hyderbad,Banjara Hills,143556,22-02-2024,25-02-2024,P800,Frozen Peas,Frozen Food,Frozen Food,Safal,2.87,775,759,2,6,4556,UPI,Pending,82,3,Good,Out of Stock,Pending
ORD100333,CUST2058,Zaitra Ranganathan,29,Female,West Bengal,Kolkata,Howrah,212583,06-07-2025,06-07-2025,P153,Rice,Grocery,Grocery,India Gate,3.21,645,567,12,4,2267,UPI,Pending,8,1,Late delivery,Limited,Pending
ORD100861,CUST1208,Diya Sekhon,66,Male,West Bengal,Kolkata,Park Street,654555,10-11-2025,13-11-2025,P351,Biscuits,Snacks,Snacks,Parle,4.62,610,608,0,3,1823,UPI,Cancelled,31,5,Late delivery,Limited,Delivered
ORD104702,CUST8335,Anusha Saraf,28,Other,Telangana,Hyderabad,Banjara Hills,590182,06-10-2024,06-10-2024,P857,Toothpaste,Personal Care,Personal Care,Colgate,0.89,59,41,30,7,285,UPI,Pending,21,3,Average,In Stock,Returned
ORD100616,CUST4764,Champak Bawa,68,Other,Telangana,Hyderabad,Banjara Hills,759299,21-01-2024,22-01-2024,P977,Sugar,Grocery,Grocery,Madhur,0.65,251,228,9,7,1594,GPAY,Returned,14,5,Average,Limited,Pending
ORD104007,CUST3375,Teerth Kapur,53,Other,Maharashtra,Nagpur,Sitabuldi,617785,20-08-2025,24-08-2025,P306,Detergent,Household Items,Household Items,Surf Excel,2.71,799,717,10,3,2150,CASH ON DELIVERY,Cancelled,44,4,Damaged item,In Stock,Returned
ORD103832,CUST3755,Jagvi Rout,51,Male,Telangana,Hyderabad,Banjara Hills,124793,11-03-2025,12-03-2025,P335,Detergent,Household Items,Household Items,Surf Excel,0.91,153,127,17,8,1015,CASH ON DELIVERY,Pending,31,5,Average,Out of Stock,Delivered
ORD104619,CUST2932,Quincy Anne,48,Male,West Bengal,Kolkata,Park Street,23767,17-10-2024,17-10-2024,P275,Bread,Bakery,Bakery,Britannia,1.76,224,202,10,7,1414,CASH ON DELIVERY,Delivered,89,1,Average,Limited,Returned
ORD103710,CUST4413,Bimala Muni,37,Male,Gujarat,Ahmedabad,Satellite,690921,28-06-2025,29-06-2025,P316,Paneer,Dairy,Dairy,Mother Dairy,3.44,496,456,8,1,456,GOOGLE PAY,Cancelled,74,1,Excellent,Limited,Cancelled
ORD103498,CUST8410,Wazir Kalla,26,Other,Telangana,Hyderabad,Gachibowli,563922,19-06-2025,22-06-2025,P322,Shampoo,Personal Care,Personal Care,Clinic Plus,1.67,187,138,26,7,963,GOOGLE PAY,Delivered,59,3,Late delivery,In Stock,Pending
ORD104208,CUST3536,Lakshmi Nagy,80,Other,Telangana,Hyderabad,Banjara Hills,43693,27-02-2024,02-03-2024,P324,Tomato,Fruits & Vegetables,Fruits & Vegetables,Organic India,0.79,99,71,28,1,71,CASH ON DELIVERY,Cancelled,19,3,Average,In Stock,Returned
ORD103354,CUST3563,Abeer Korpal,77,Male,Gujarat,Ahmedabad, Satellite ,844907,28-07-2024,30-07-2024,P443,Apple,Fruits & Vegetables,Fruits & Vegetables,Kashmir Fresh,1.67,222,220,1,6,1323,UPI,Returned,68,3,Average,Out of Stock,Cancelled
ORD100570,CUST5394,Chakradev Biswas,58,Female,West Bengal,Kolkata,Park Street,29070,05-12-2025,12-09-2025,P625,Cake,Bakery,Bakery,Monginis,1.22,386,246,36,3,737,GOOGLE PAY,Pending,88,2,Excellent,Out of Stock,Pending
ORD102758,CUST3564,George Srinivas,75,Other,West Bengal,Kolkata,Park Street,470917,09-06-2024,06-09-2024,P423,Chips,Snacks,Snacks,Lay's,0.34,126,77,39,5,384,UPI,Pending,41,4,Late delivery,Out of Stock,Cancelled
,null,,,,,,,,,,,,,,,,,,,,,,,,,,,
,null,,,,,,,,,,,,,,,,,,,,,,,,,,,
,null,,,,,,,,,,,,,,,,,,,,,,,,,,,
,null,,,,,,,,,,,,,,,,,,,,,,,,,,,
,null,,,,,,,,,,,,,,,,,,,,,,,,,,,
,null,,,,,,,,,,,,,,,,,,,,,,,,,,,
,null,,,,,,,,,,,,,,,,,,,,,,,,,,,
,null,,,,,,,,,,,,,,,,,,,,,,,,,,,
,null,,,,,,,,,,,,,,,,,,,,,,,,,,,
,null,,,,,,,,,,,,,,,,,,,,,,,,,,,
,null,,,,,,,,,,,,,,,,,,,,,,,,,,,
,null,,,,,,,,,,,,,,,,,,,,,,,,,,,
,null,,,,,,,,,,,,,,,,,,,,,,,,,,,
,null,,,,,,,,,,,,,,,,,,,,,,,,,,,
,null,,,,,,,,,,,,,,,,,,,,,,,,,,,
,null,,,,,,,,,,,,,,,,,,,,,,,,,,,
,null,,,,,,,,,,,,,,,,,,,,,,,,,,,
,null,,,,,,,,,,,,,,,,,,,,,,,,,,,
,null,,,,,,,,,,,,,,,,,,,,,,,,,,,
,null,,,,,,,,,,,,,,,,,,,,,,,,,,,
,null,,,,,,,,,,,,,,,,,,,,,,,,,,,
,null,,,,,,,,,,,,,,,,,,,,,,,,,,,
,null,,,,,,,,,,,,,,,,,,,,,,,,,,,
,null,,,,,,,,,,,,,,,,,,,,,,,,,,,
,null,,,,,,,,,,,,,,,,,,,,,,,,,,,
,null,,,,,,,,,,,,,,,,,,,,,,,,,,,
,null,,,,,,,,,,,,,,,,,,,,,,,,,,,
,null,,,,,,,,,,,,,,,,,,,,,,,,,,,
,null,,,,,,,,,,,,,,,,,,,,,,,,,,,
,null,,,,,,,,,,,,,,,,,,,,,,,,,,,
,null,,,,,,,,,,,,,,,,,,,,,,,,,,,
,null,,,,,,,,,,,,,,,,,,,,,,,,,,,
,null,,,,,,,,,,,,,,,,,,,,,,,,,,,
,null,,,,,,,,,,,,,,,,,,,,,,,,,,,
,null,,,,,,,,,,,,,,,,,,,,,,,,,,,
,null,,,,,,,,,,,,,,,,,,,,,,,,,,,
,null,,,,,,,,,,,,,,,,,,,,,,,,,,,
,null,,,,,,,,,,,,,,,,,,,,,,,,,,,
,null,,,,,,,,,,,,,,,,,,,,,,,,,,,
,null,,,,,,,,,,,,,,,,,,,,,,,,,,,
,null,,,,,,,,,,,,,,,,,,,,,,,,,,,
,null,,,,,,,,,,,,,,,,,,,,,,,,,,,
,null,,,,,,,,,,,,,,,,,,,,,,,,,,,
,null,,,,,,,,,,,,,,,,,,,,,,,,,,,
,null,,,,,,,,,,,,,,,,,,,,,,,,,,,
,null,,,,,,,,,,,,,,,,,,,,,,,,,,,
,null,,,,,,,,,,,,,,,,,,,,,,,,,,,
,null,,,,,,,,,,,,,,,,,,,,,,,,,,,
,null,,,,,,,,,,,,,,,,,,,,,,,,,,,
,null,,,,,,,,,,,,,,,,,,,,,,,,,,,
,null,,,,,,,,,,,,,,,,,,,,,,,,,,,
,null,,,,,,,,,,,,,,,,,,,,,,,,,,,
,null,,,,,,,,,,,,,,,,,,,,,,,,,,,
,null,,,,,,,,,,,,,,,,,,,,,,,,,,,
,null,,,,,,,,,,,,,,,,,,,,,,,,,,,
,null,,,,,,,,,,,,,,,,,,,,,,,,,,,
,null,,,,,,,,,,,,,,,,,,,,,,,,,,,
,null,,,,,,,,,,,,,,,,,,,,,,,,,,,
,null,,,,,,,,,,,,,,,,,,,,,,,,,,,
,null,,,,,,,,,,,,,,,,,,,,,,,,,,,
,null,,,,,,,,,,,,,,,,,,,,,,,,,,,
,null,,,,,,,,,,,,,,,,,,,,,,,,,,,
,null,,,,,,,,,,,,,,,,,,,,,,,,,,,
,null,,,,,,,,,,,,,,,,,,,,,,,,,,,
,null,,,,,,,,,,,,,,,,,,,,,,,,,,,
,null,,,,,,,,,,,,,,,,,,,,,,,,,,,
,null,,,,,,,,,,,,,,,,,,,,,,,,,,,
,null,,,,,,,,,,,,,,,,,,,,,,,,,,,
,null,,,,,,,,,,,,,,,,,,,,,,,,,,,
,null,,,,,,,,,,,,,,,,,,,,,,,,,,,
,null,,,,,,,,,,,,,,,,,,,,,,,,,,,
,null,,,,,,,,,,,,,,,,,,,,,,,,,,,
,null,,,,,,,,,,,,,,,,,,,,,,,,,,,
,null,,,,,,,,,,,,,,,,,,,,,,,,,,,
,null,,,,,,,,,,,,,,,,,,,,,,,,,,,
,null,,,,,,,,,,,,,,,,,,,,,,,,,,,
,null,,,,,,,,,,,,,,,,,,,,,,,,,,,
,null,,,,,,,,,,,,,,,,,,,,,,,,,,,
,null,,,,,,,,,,,,,,,,,,,,,,,,,,,
,null,,,,,,,,,,,,,,,,,,,,,,,,,,,
,null,,,,,,,,,,,,,,,,,,,,,,,,,,,
,null,,,,,,,,,,,,,,,,,,,,,,,,,,,
,null,,,,,,,,,,,,,,,,,,,,,,,,,,,
,null,,,,,,,,,,,,,,,,,,,,,,,,,,,
,null,,,,,,,,,,,,,,,,,,,,,,,,,,,
,null,,,,,,,,,,,,,,,,,,,,,,,,,,,
,null,,,,,,,,,,,,,,,,,,,,,,,,,,,
,null,,,,,,,,,,,,,,,,,,,,,,,,,,,
,null,,,,,,,,,,,,,,,,,,,,,,,,,,,
,null,,,,,,,,,,,,,,,,,,,,,,,,,,,
,null,,,,,,,,,,,,,,,,,,,,,,,,,,,
,null,,,,,,,,,,,,,,,,,,,,,,,,,,,
,null,,,,,,,,,,,,,,,,,,,,,,,,,,,
,null,,,,,,,,,,,,,,,,,,,,,,,,,,,
,null,,,,,,,,,,,,,,,,,,,,,,,,,,,
,null,,,,,,,,,,,,,,,,,,,,,,,,,,,
,null,,,,,,,,,,,,,,,,,,,,,,,,,,,
,null,,,,,,,,,,,,,,,,,,,,,,,,,,,
,null,,,,,,,,,,,,,,,,,,,,,,,,,,,
,null,,,,,,,,,,,,,,,,,,,,,,,,,,,
,null,,,,,,,,,,,,,,,,,,,,,,,,,,,
,null,,,,,,,,,,,,,,,,,,,,,,,,,,,
,null,,,,,,,,,,,,,,,,,,,,,,,,,,,
,null,,,,,,,,,,,,,,,,,,,,,,,,,,,
,null,,,,,,,,,,,,,,,,,,,,,,,,,,,
,null,,,,,,,,,,,,,,,,,,,,,,,,,,,
,null,,,,,,,,,,,,,,,,,,,,,,,,,,,
,null,,,,,,,,,,,,,,,,,,,,,,,,,,,
,null,,,,,,,,,,,,,,,,,,,,,,,,,,,
,null,,,,,,,,,,,,,,,,,,,,,,,,,,,
,null,,,,,,,,,,,,,,,,,,,,,,,,,,,
,null,,,,,,,,,,,,,,,,,,,,,,,,,,,
,null,,,,,,,,,,,,,,,,,,,,,,,,,,,
,null,,,,,,,,,,,,,,,,,,,,,,,,,,,
,null,,,,,,,,,,,,,,,,,,,,,,,,,,,
,null,,,,,,,,,,,,,,,,,,,,,,,,,,,
,null,,,,,,,,,,,,,,,,,,,,,,,,,,,
,null,,,,,,,,,,,,,,,,,,,,,,,,,,,
,null,,,,,,,,,,,,,,,,,,,,,,,,,,,
,null,,,,,,,,,,,,,,,,,,,,,,,,,,,
,null,,,,,,,,,,,,,,,,,,,,,,,,,,,
,null,,,,,,,,,,,,,,,,,,,,,,,,,,,
,null,,,,,,,,,,,,,,,,,,,,,,,,,,,
,null,,,,,,,,,,,,,,,,,,,,,,,,,,,
,null,,,,,,,,,,,,,,,,,,,,,,,,,,,
,null,,,,,,,,,,,,,,,,,,,,,,,,,,,
,null,,,,,,,,,,,,,,,,,,,,,,,,,,,
,null,,,,,,,,,,,,,,,,,,,,,,,,,,,
,null,,,,,,,,,,,,,,,,,,,,,,,,,,,
,null,,,,,,,,,,,,,,,,,,,,,,,,,,,
,null,,,,,,,,,,,,,,,,,,,,,,,,,,,
,null,,,,,,,,,,,,,,,,,,,,,,,,,,,
,null,,,,,,,,,,,,,,,,,,,,,,,,,,,
,null,,,,,,,,,,,,,,,,,,,,,,,,,,,
,null,,,,,,,,,,,,,,,,,,,,,,,,,,,
,null,,,,,,,,,,,,,,,,,,,,,,,,,,,
,null,,,,,,,,,,,,,,,,,,,,,,,,,,,
,null,,,,,,,,,,,,,,,,,,,,,,,,,,,
,null,,,,,,,,,,,,,,,,,,,,,,,,,,,
,null,,,,,,,,,,,,,,,,,,,,,,,,,,,
,null,,,,,,,,,,,,,,,,,,,,,,,,,,,
,null,,,,,,,,,,,,,,,,,,,,,,,,,,,
,null,,,,,,,,,,,,,,,,,,,,,,,,,,,
,null,,,,,,,,,,,,,,,,,,,,,,,,,,,
,null,,,,,,,,,,,,,,,,,,,,,,,,,,,
,null,,,,,,,,,,,,,,,,,,,,,,,,,,,
,null,,,,,,,,,,,,,,,,,,,,,,,,,,,
,null,,,,,,,,,,,,,,,,,,,,,,,,,,,
,null,,,,,,,,,,,,,,,,,,,,,,,,,,,
,null,,,,,,,,,,,,,,,,,,,,,,,,,,,
,null,,,,,,,,,,,,,,,,,,,,,,,,,,,
,null,,,,,,,,,,,,,,,,,,,,,,,,,,,
,null,,,,,,,,,,,,,,,,,,,,,,,,,,,
,null,,,,,,,,,,,,,,,,,,,,,,,,,,,
,null,,,,,,,,,,,,,,,,,,,,,,,,,,,
,null,,,,,,,,,,,,,,,,,,,,,,,,,,,
,null,,,,,,,,,,,,,,,,,,,,,,,,,,,
,null,,,,,,,,,,,,,,,,,,,,,,,,,,,
,null,,,,,,,,,,,,,,,,,,,,,,,,,,,
,null,,,,,,,,,,,,,,,,,,,,,,,,,,,
,null,,,,,,,,,,,,,,,,,,,,,,,,,,,
,null,,,,,,,,,,,,,,,,,,,,,,,,,,,
,null,,,,,,,,,,,,,,,,,,,,,,,,,,,
,null,,,,,,,,,,,,,,,,,,,,,,,,,,,
,null,,,,,,,,,,,,,,,,,,,,,,,,,,,
,null,,,,,,,,,,,,,,,,,,,,,,,,,,,
,null,,,,,,,,,,,,,,,,,,,,,,,,,,,
,null,,,,,,,,,,,,,,,,,,,,,,,,,,,
,null,,,,,,,,,,,,,,,,,,,,,,,,,,,
,null,,,,,,,,,,,,,,,,,,,,,,,,,,,
,null,,,,,,,,,,,,,,,,,,,,,,,,,,,
,null,,,,,,,,,,,,,,,,,,,,,,,,,,,
,null,,,,,,,,,,,,,,,,,,,,,,,,,,,
,null,,,,,,,,,,,,,,,,,,,,,,,,,,,
,null,,,,,,,,,,,,,,,,,,,,,,,,,,,
,null,,,,,,,,,,,,,,,,,,,,,,,,,,,
,null,,,,,,,,,,,,,,,,,,,,,,,,,,,
,null,,,,,,,,,,,,,,,,,,,,,,,,,,,
,null,,,,,,,,,,,,,,,,,,,,,,,,,,,
,null,,,,,,,,,,,,,,,,,,,,,,,,,,,
,null,,,,,,,,,,,,,,,,,,,,,,,,,,,
,null,,,,,,,,,,,,,,,,,,,,,,,,,,,
,null,,,,,,,,,,,,,,,,,,,,,,,,,,,
,null,,,,,,,,,,,,,,,,,,,,,,,,,,,
,null,,,,,,,,,,,,,,,,,,,,,,,,,,,
,null,,,,,,,,,,,,,,,,,,,,,,,,,,,
,null,,,,,,,,,,,,,,,,,,,,,,,,,,,
,null,,,,,,,,,,,,,,,,,,,,,,,,,,,
,null,,,,,,,,,,,,,,,,,,,,,,,,,,,
,null,,,,,,,,,,,,,,,,,,,,,,,,,,,
,null,,,,,,,,,,,,,,,,,,,,,,,,,,,
,null,,,,,,,,,,,,,,,,,,,,,,,,,,,
,null,,,,,,,,,,,,,,,,,,,,,,,,,,,
,null,,,,,,,,,,,,,,,,,,,,,,,,,,,
,null,,,,,,,,,,,,,,,,,,,,,,,,,,,
,null,,,,,,,,,,,,,,,,,,,,,,,,,,,
,null,,,,,,,,,,,,,,,,,,,,,,,,,,,
,null,,,,,,,,,,,,,,,,,,,,,,,,,,,
,null,,,,,,,,,,,,,,,,,,,,,,,,,,,
,null,,,,,,,,,,,,,,,,,,,,,,,,,,,
,null,,,,,,,,,,,,,,,,,,,,,,,,,,,
,null,,,,,,,,,,,,,,,,,,,,,,,,,,,
,null,,,,,,,,,,,,,,,,,,,,,,,,,,,
,null,,,,,,,,,,,,,,,,,,,,,,,,,,,
,null,,,,,,,,,,,,,,,,,,,,,,,,,,,
,null,,,,,,,,,,,,,,,,,,,,,,,,,,,
,null,,,,,,,,,,,,,,,,,,,,,,,,,,,
,null,,,,,,,,,,,,,,,,,,,,,,,,,,,
,null,,,,,,,,,,,,,,,,,,,,,,,,,,,
,null,,,,,,,,,,,,,,,,,,,,,,,,,,,
,null,,,,,,,,,,,,,,,,,,,,,,,,,,,
,null,,,,,,,,,,,,,,,,,,,,,,,,,,,
,null,,,,,,,,,,,,,,,,,,,,,,,,,,,
,null,,,,,,,,,,,,,,,,,,,,,,,,,,,
,null,,,,,,,,,,,,,,,,,,,,,,,,,,,
,null,,,,,,,,,,,,,,,,,,,,,,,,,,,
,null,,,,,,,,,,,,,,,,,,,,,,,,,,,
,null,,,,,,,,,,,,,,,,,,,,,,,,,,,
,null,,,,,,,,,,,,,,,,,,,,,,,,,,,
,null,,,,,,,,,,,,,,,,,,,,,,,,,,,
,null,,,,,,,,,,,,,,,,,,,,,,,,,,,
,null,,,,,,,,,,,,,,,,,,,,,,,,,,,
,null,,,,,,,,,,,,,,,,,,,,,,,,,,,
,null,,,,,,,,,,,,,,,,,,,,,,,,,,,
,null,,,,,,,,,,,,,,,,,,,,,,,,,,,
,null,,,,,,,,,,,,,,,,,,,,,,,,,,,
,null,,,,,,,,,,,,,,,,,,,,,,,,,,,
,null,,,,,,,,,,,,,,,,,,,,,,,,,,,
,null,,,,,,,,,,,,,,,,,,,,,,,,,,,
,null,,,,,,,,,,,,,,,,,,,,,,,,,,,
,null,,,,,,,,,,,,,,,,,,,,,,,,,,,
,null,,,,,,,,,,,,,,,,,,,,,,,,,,,
,null,,,,,,,,,,,,,,,,,,,,,,,,,,,
,null,,,,,,,,,,,,,,,,,,,,,,,,,,,
,null,,,,,,,,,,,,,,,,,,,,,,,,,,,
,null,,,,,,,,,,,,,,,,,,,,,,,,,,,
,null,,,,,,,,,,,,,,,,,,,,,,,,,,,
,null,,,,,,,,,,,,,,,,,,,,,,,,,,,
,null,,,,,,,,,,,,,,,,,,,,,,,,,,,
,null,,,,,,,,,,,,,,,,,,,,,,,,,,,
,null,,,,,,,,,,,,,,,,,,,,,,,,,,,
,null,,,,,,,,,,,,,,,,,,,,,,,,,,,
,null,,,,,,,,,,,,,,,,,,,,,,,,,,,
,null,,,,,,,,,,,,,,,,,,,,,,,,,,,
,null,,,,,,,,,,,,,,,,,,,,,,,,,,,
,null,,,,,,,,,,,,,,,,,,,,,,,,,,,
,null,,,,,,,,,,,,,,,,,,,,,,,,,,,
,null,,,,,,,,,,,,,,,,,,,,,,,,,,,
,null,,,,,,,,,,,,,,,,,,,,,,,,,,,
,null,,,,,,,,,,,,,,,,,,,,,,,,,,,
,null,,,,,,,,,,,,,,,,,,,,,,,,,,,
,null,,,,,,,,,,,,,,,,,,,,,,,,,,,
,null,,,,,,,,,,,,,,,,,,,,,,,,,,,
,null,,,,,,,,,,,,,,,,,,,,,,,,,,,
,null,,,,,,,,,,,,,,,,,,,,,,,,,,,
,null,,,,,,,,,,,,,,,,,,,,,,,,,,,
,null,,,,,,,,,,,,,,,,,,,,,,,,,,,
,null,,,,,,,,,,,,,,,,,,,,,,,,,,,
,null,,,,,,,,,,,,,,,,,,,,,,,,,,,
,null,,,,,,,,,,,,,,,,,,,,,,,,,,,
,null,,,,,,,,,,,,,,,,,,,,,,,,,,,
,null,,,,,,,,,,,,,,,,,,,,,,,,,,,
,null,,,,,,,,,,,,,,,,,,,,,,,,,,,
,null,,,,,,,,,,,,,,,,,,,,,,,,,,,
,null,,,,,,,,,,,,,,,,,,,,,,,,,,,
,null,,,,,,,,,,,,,,,,,,,,,,,,,,,
,null,,,,,,,,,,,,,,,,,,,,,,,,,,,
,null,,,,,,,,,,,,,,,,,,,,,,,,,,,
,null,,,,,,,,,,,,,,,,,,,,,,,,,,,
,null,,,,,,,,,,,,,,,,,,,,,,,,,,,
,null,,,,,,,,,,,,,,,,,,,,,,,,,,,
,null,,,,,,,,,,,,,,,,,,,,,,,,,,,
,null,,,,,,,,,,,,,,,,,,,,,,,,,,,
,null,,,,,,,,,,,,,,,,,,,,,,,,,,,
,null,,,,,,,,,,,,,,,,,,,,,,,,,,,
,null,,,,,,,,,,,,,,,,,,,,,,,,,,,
,null,,,,,,,,,,,,,,,,,,,,,,,,,,,
,null,,,,,,,,,,,,,,,,,,,,,,,,,,,
,null,,,,,,,,,,,,,,,,,,,,,,,,,,,
,null,,,,,,,,,,,,,,,,,,,,,,,,,,,
,null,,,,,,,,,,,,,,,,,,,,,,,,,,,
,null,,,,,,,,,,,,,,,,,,,,,,,,,,,
,null,,,,,,,,,,,,,,,,,,,,,,,,,,,
,null,,,,,,,,,,,,,,,,,,,,,,,,,,,
,null,,,,,,,,,,,,,,,,,,,,,,,,,,,
,null,,,,,,,,,,,,,,,,,,,,,,,,,,,
,null,,,,,,,,,,,,,,,,,,,,,,,,,,,
,null,,,,,,,,,,,,,,,,,,,,,,,,,,,
,null,,,,,,,,,,,,,,,,,,,,,,,,,,,
,null,,,,,,,,,,,,,,,,,,,,,,,,,,,
,null,,,,,,,,,,,,,,,,,,,,,,,,,,,
,null,,,,,,,,,,,,,,,,,,,,,,,,,,,
,null,,,,,,,,,,,,,,,,,,,,,,,,,,,
,null,,,,,,,,,,,,,,,,,,,,,,,,,,,
,null,,,,,,,,,,,,,,,,,,,,,,,,,,,
,null,,,,,,,,,,,,,,,,,,,,,,,,,,,
,null,,,,,,,,,,,,,,,,,,,,,,,,,,,
,null,,,,,,,,,,,,,,,,,,,,,,,,,,,
,null,,,,,,,,,,,,,,,,,,,,,,,,,,,
,null,,,,,,,,,,,,,,,,,,,,,,,,,,,
,null,,,,,,,,,,,,,,,,,,,,,,,,,,,
,null,,,,,,,,,,,,,,,,,,,,,,,,,,,
,null,,,,,,,,,,,,,,,,,,,,,,,,,,,
,null,,,,,,,,,,,,,,,,,,,,,,,,,,,
,null,,,,,,,,,,,,,,,,,,,,,,,,,,,
,null,,,,,,,,,,,,,,,,,,,,,,,,,,,
,null,,,,,,,,,,,,,,,,,,,,,,,,,,,
,null,,,,,,,,,,,,,,,,,,,,,,,,,,,
,null,,,,,,,,,,,,,,,,,,,,,,,,,,,
,null,,,,,,,,,,,,,,,,,,,,,,,,,,,
,null,,,,,,,,,,,,,,,,,,,,,,,,,,,
,null,,,,,,,,,,,,,,,,,,,,,,,,,,,
,null,,,,,,,,,,,,,,,,,,,,,,,,,,,
,null,,,,,,,,,,,,,,,,,,,,,,,,,,,
,null,,,,,,,,,,,,,,,,,,,,,,,,,,,
,null,,,,,,,,,,,,,,,,,,,,,,,,,,,
,null,,,,,,,,,,,,,,,,,,,,,,,,,,,
,null,,,,,,,,,,,,,,,,,,,,,,,,,,,
,null,,,,,,,,,,,,,,,,,,,,,,,,,,,
,null,,,,,,,,,,,,,,,,,,,,,,,,,,,
,null,,,,,,,,,,,,,,,,,,,,,,,,,,,
,null,,,,,,,,,,,,,,,,,,,,,,,,,,,
,null,,,,,,,,,,,,,,,,,,,,,,,,,,,
,null,,,,,,,,,,,,,,,,,,,,,,,,,,,
,null,,,,,,,,,,,,,,,,,,,,,,,,,,,
,null,,,,,,,,,,,,,,,,,,,,,,,,,,,
,null,,,,,,,,,,,,,,,,,,,,,,,,,,,
,null,,,,,,,,,,,,,,,,,,,,,,,,,,,
,null,,,,,,,,,,,,,,,,,,,,,,,,,,,
,null,,,,,,,,,,,,,,,,,,,,,,,,,,,
,null,,,,,,,,,,,,,,,,,,,,,,,,,,,
,null,,,,,,,,,,,,,,,,,,,,,,,,,,,
,null,,,,,,,,,,,,,,,,,,,,,,,,,,,
,null,,,,,,,,,,,,,,,,,,,,,,,,,,,
,null,,,,,,,,,,,,,,,,,,,,,,,,,,,
,null,,,,,,,,,,,,,,,,,,,,,,,,,,,
,null,,,,,,,,,,,,,,,,,,,,,,,,,,,
,null,,,,,,,,,,,,,,,,,,,,,,,,,,,
,null,,,,,,,,,,,,,,,,,,,,,,,,,,,
,null,,,,,,,,,,,,,,,,,,,,,,,,,,,
,null,,,,,,,,,,,,,,,,,,,,,,,,,,,
,null,,,,,,,,,,,,,,,,,,,,,,,,,,,
,null,,,,,,,,,,,,,,,,,,,,,,,,,,,
,null,,,,,,,,,,,,,,,,,,,,,,,,,,,
,null,,,,,,,,,,,,,,,,,,,,,,,,,,,
,null,,,,,,,,,,,,,,,,,,,,,,,,,,,
,null,,,,,,,,,,,,,,,,,,,,,,,,,,,
,null,,,,,,,,,,,,,,,,,,,,,,,,,,,
,null,,,,,,,,,,,,,,,,,,,,,,,,,,,
,null,,,,,,,,,,,,,,,,,,,,,,,,,,,
,null,,,,,,,,,,,,,,,,,,,,,,,,,,,
,null,,,,,,,,,,,,,,,,,,,,,,,,,,,
,null,,,,,,,,,,,,,,,,,,,,,,,,,,,
,null,,,,,,,,,,,,,,,,,,,,,,,,,,,
,null,,,,,,,,,,,,,,,,,,,,,,,,,,,
,null,,,,,,,,,,,,,,,,,,,,,,,,,,,
,null,,,,,,,,,,,,,,,,,,,,,,,,,,,
,null,,,,,,,,,,,,,,,,,,,,,,,,,,,
,null,,,,,,,,,,,,,,,,,,,,,,,,,,,
,null,,,,,,,,,,,,,,,,,,,,,,,,,,,
,null,,,,,,,,,,,,,,,,,,,,,,,,,,,
,null,,,,,,,,,,,,,,,,,,,,,,,,,,,
,null,,,,,,,,,,,,,,,,,,,,,,,,,,,
,null,,,,,,,,,,,,,,,,,,,,,,,,,,,
,null,,,,,,,,,,,,,,,,,,,,,,,,,,,
,null,,,,,,,,,,,,,,,,,,,,,,,,,,,
,null,,,,,,,,,,,,,,,,,,,,,,,,,,,
,null,,,,,,,,,,,,,,,,,,,,,,,,,,,
,null,,,,,,,,,,,,,,,,,,,,,,,,,,,
,null,,,,,,,,,,,,,,,,,,,,,,,,,,,
,null,,,,,,,,,,,,,,,,,,,,,,,,,,,
,null,,,,,,,,,,,,,,,,,,,,,,,,,,,
,null,,,,,,,,,,,,,,,,,,,,,,,,,,,
,null,,,,,,,,,,,,,,,,,,,,,,,,,,,
,null,,,,,,,,,,,,,,,,,,,,,,,,,,,
,null,,,,,,,,,,,,,,,,,,,,,,,,,,,
,null,,,,,,,,,,,,,,,,,,,,,,,,,,,
,null,,,,,,,,,,,,,,,,,,,,,,,,,,,
,null,,,,,,,,,,,,,,,,,,,,,,,,,,,
,null,,,,,,,,,,,,,,,,,,,,,,,,,,,
,null,,,,,,,,,,,,,,,,,,,,,,,,,,,
,null,,,,,,,,,,,,,,,,,,,,,,,,,,,
,null,,,,,,,,,,,,,,,,,,,,,,,,,,,
,null,,,,,,,,,,,,,,,,,,,,,,,,,,,
,null,,,,,,,,,,,,,,,,,,,,,,,,,,,
,null,,,,,,,,,,,,,,,,,,,,,,,,,,,
,null,,,,,,,,,,,,,,,,,,,,,,,,,,,
,null,,,,,,,,,,,,,,,,,,,,,,,,,,,
,null,,,,,,,,,,,,,,,,,,,,,,,,,,,
,null,,,,,,,,,,,,,,,,,,,,,,,,,,,
,null,,,,,,,,,,,,,,,,,,,,,,,,,,,
,null,,,,,,,,,,,,,,,,,,,,,,,,,,,
,null,,,,,,,,,,,,,,,,,,,,,,,,,,,
,null,,,,,,,,,,,,,,,,,,,,,,,,,,,
,null,,,,,,,,,,,,,,,,,,,,,,,,,,,
,null,,,,,,,,,,,,,,,,,,,,,,,,,,,
,null,,,,,,,,,,,,,,,,,,,,,,,,,,,
,null,,,,,,,,,,,,,,,,,,,,,,,,,,,
,null,,,,,,,,,,,,,,,,,,,,,,,,,,,
,null,,,,,,,,,,,,,,,,,,,,,,,,,,,
,null,,,,,,,,,,,,,,,,,,,,,,,,,,,
,null,,,,,,,,,,,,,,,,,,,,,,,,,,,
,null,,,,,,,,,,,,,,,,,,,,,,,,,,,
,null,,,,,,,,,,,,,,,,,,,,,,,,,,,
,null,,,,,,,,,,,,,,,,,,,,,,,,,,,
,null,,,,,,,,,,,,,,,,,,,,,,,,,,,
,null,,,,,,,,,,,,,,,,,,,,,,,,,,,
,null,,,,,,,,,,,,,,,,,,,,,,,,,,,
,null,,,,,,,,,,,,,,,,,,,,,,,,,,,
,null,,,,,,,,,,,,,,,,,,,,,,,,,,,
,null,,,,,,,,,,,,,,,,,,,,,,,,,,,
,null,,,,,,,,,,,,,,,,,,,,,,,,,,,
,null,,,,,,,,,,,,,,,,,,,,,,,,,,,
,null,,,,,,,,,,,,,,,,,,,,,,,,,,,
,null,,,,,,,,,,,,,,,,,,,,,,,,,,,
,null,,,,,,,,,,,,,,,,,,,,,,,,,,,
,null,,,,,,,,,,,,,,,,,,,,,,,,,,,
,null,,,,,,,,,,,,,,,,,,,,,,,,,,,
,null,,,,,,,,,,,,,,,,,,,,,,,,,,,
,null,,,,,,,,,,,,,,,,,,,,,,,,,,,
,null,,,,,,,,,,,,,,,,,,,,,,,,,,,
,null,,,,,,,,,,,,,,,,,,,,,,,,,,,
,null,,,,,,,,,,,,,,,,,,,,,,,,,,,
,null,,,,,,,,,,,,,,,,,,,,,,,,,,,
,null,,,,,,,,,,,,,,,,,,,,,,,,,,,
,null,,,,,,,,,,,,,,,,,,,,,,,,,,,
,null,,,,,,,,,,,,,,,,,,,,,,,,,,,
,null,,,,,,,,,,,,,,,,,,,,,,,,,,,
,null,,,,,,,,,,,,,,,,,,,,,,,,,,,
,null,,,,,,,,,,,,,,,,,,,,,,,,,,,
,null,,,,,,,,,,,,,,,,,,,,,,,,,,,
,null,,,,,,,,,,,,,,,,,,,,,,,,,,,
,null,,,,,,,,,,,,,,,,,,,,,,,,,,,
,null,,,,,,,,,,,,,,,,,,,,,,,,,,,
,null,,,,,,,,,,,,,,,,,,,,,,,,,,,
,null,,,,,,,,,,,,,,,,,,,,,,,,,,,
,null,,,,,,,,,,,,,,,,,,,,,,,,,,,
,null,,,,,,,,,,,,,,,,,,,,,,,,,,,
,null,,,,,,,,,,,,,,,,,,,,,,,,,,,
,null,,,,,,,,,,,,,,,,,,,,,,,,,,,
,null,,,,,,,,,,,,,,,,,,,,,,,,,,,
,null,,,,,,,,,,,,,,,,,,,,,,,,,,,
,null,,,,,,,,,,,,,,,,,,,,,,,,,,,
,null,,,,,,,,,,,,,,,,,,,,,,,,,,,
,null,,,,,,,,,,,,,,,,,,,,,,,,,,,
,null,,,,,,,,,,,,,,,,,,,,,,,,,,,
,null,,,,,,,,,,,,,,,,,,,,,,,,,,,
,null,,,,,,,,,,,,,,,,,,,,,,,,,,,
,null,,,,,,,,,,,,,,,,,,,,,,,,,,,
,null,,,,,,,,,,,,,,,,,,,,,,,,,,,
,null,,,,,,,,,,,,,,,,,,,,,,,,,,,
,null,,,,,,,,,,,,,,,,,,,,,,,,,,,
,null,,,,,,,,,,,,,,,,,,,,,,,,,,,
,null,,,,,,,,,,,,,,,,,,,,,,,,,,,
,null,,,,,,,,,,,,,,,,,,,,,,,,,,,
,null,,,,,,,,,,,,,,,,,,,,,,,,,,,
,null,,,,,,,,,,,,,,,,,,,,,,,,,,,
,null,,,,,,,,,,,,,,,,,,,,,,,,,,,
,null,,,,,,,,,,,,,,,,,,,,,,,,,,,
,null,,,,,,,,,,,,,,,,,,,,,,,,,,,
,null,,,,,,,,,,,,,,,,,,,,,,,,,,,
,null,,,,,,,,,,,,,,,,,,,,,,,,,,,
,null,,,,,,,,,,,,,,,,,,,,,,,,,,,
,null,,,,,,,,,,,,,,,,,,,,,,,,,,,
,null,,,,,,,,,,,,,,,,,,,,,,,,,,,
,null,,,,,,,,,,,,,,,,,,,,,,,,,,,
,null,,,,,,,,,,,,,,,,,,,,,,,,,,,
,null,,,,,,,,,,,,,,,,,,,,,,,,,,,
,null,,,,,,,,,,,,,,,,,,,,,,,,,,,
,null,,,,,,,,,,,,,,,,,,,,,,,,,,,
,null,,,,,,,,,,,,,,,,,,,,,,,,,,,
,null,,,,,,,,,,,,,,,,,,,,,,,,,,,
,null,,,,,,,,,,,,,,,,,,,,,,,,,,,
,null,,,,,,,,,,,,,,,,,,,,,,,,,,,
,null,,,,,,,,,,,,,,,,,,,,,,,,,,,
,null,,,,,,,,,,,,,,,,,,,,,,,,,,,
,null,,,,,,,,,,,,,,,,,,,,,,,,,,,
,null,,,,,,,,,,,,,,,,,,,,,,,,,,,
,null,,,,,,,,,,,,,,,,,,,,,,,,,,,
,null,,,,,,,,,,,,,,,,,,,,,,,,,,,
,null,,,,,,,,,,,,,,,,,,,,,,,,,,,
,null,,,,,,,,,,,,,,,,,,,,,,,,,,,
,null,,,,,,,,,,,,,,,,,,,,,,,,,,,
,null,,,,,,,,,,,,,,,,,,,,,,,,,,,
,null,,,,,,,,,,,,,,,,,,,,,,,,,,,
,null,,,,,,,,,,,,,,,,,,,,,,,,,,,
,null,,,,,,,,,,,,,,,,,,,,,,,,,,,
,null,,,,,,,,,,,,,,,,,,,,,,,,,,,
,null,,,,,,,,,,,,,,,,,,,,,,,,,,,
,null,,,,,,,,,,,,,,,,,,,,,,,,,,,
,null,,,,,,,,,,,,,,,,,,,,,,,,,,,
,null,,,,,,,,,,,,,,,,,,,,,,,,,,,
,null,,,,,,,,,,,,,,,,,,,,,,,,,,,
,null,,,,,,,,,,,,,,,,,,,,,,,,,,,
,null,,,,,,,,,,,,,,,,,,,,,,,,,,,
,null,,,,,,,,,,,,,,,,,,,,,,,,,,,
,null,,,,,,,,,,,,,,,,,,,,,,,,,,,
,null,,,,,,,,,,,,,,,,,,,,,,,,,,,
,null,,,,,,,,,,,,,,,,,,,,,,,,,,,
,null,,,,,,,,,,,,,,,,,,,,,,,,,,,
,null,,,,,,,,,,,,,,,,,,,,,,,,,,,
,null,,,,,,,,,,,,,,,,,,,,,,,,,,,
,null,,,,,,,,,,,,,,,,,,,,,,,,,,,
,null,,,,,,,,,,,,,,,,,,,,,,,,,,,
,null,,,,,,,,,,,,,,,,,,,,,,,,,,,
,null,,,,,,,,,,,,,,,,,,,,,,,,,,,
,null,,,,,,,,,,,,,,,,,,,,,,,,,,,
,null,,,,,,,,,,,,,,,,,,,,,,,,,,,
,null,,,,,,,,,,,,,,,,,,,,,,,,,,,
,null,,,,,,,,,,,,,,,,,,,,,,,,,,,
,null,,,,,,,,,,,,,,,,,,,,,,,,,,,
,null,,,,,,,,,,,,,,,,,,,,,,,,,,,
,null,,,,,,,,,,,,,,,,,,,,,,,,,,,
,null,,,,,,,,,,,,,,,,,,,,,,,,,,,
,null,,,,,,,,,,,,,,,,,,,,,,,,,,,
,null,,,,,,,,,,,,,,,,,,,,,,,,,,,
,null,,,,,,,,,,,,,,,,,,,,,,,,,,,
,null,,,,,,,,,,,,,,,,,,,,,,,,,,,
,null,,,,,,,,,,,,,,,,,,,,,,,,,,,
,null,,,,,,,,,,,,,,,,,,,,,,,,,,,
,null,,,,,,,,,,,,,,,,,,,,,,,,,,,
,null,,,,,,,,,,,,,,,,,,,,,,,,,,,
,null,,,,,,,,,,,,,,,,,,,,,,,,,,,
,null,,,,,,,,,,,,,,,,,,,,,,,,,,,
,null,,,,,,,,,,,,,,,,,,,,,,,,,,,
,null,,,,,,,,,,,,,,,,,,,,,,,,,,,
,null,,,,,,,,,,,,,,,,,,,,,,,,,,,
,null,,,,,,,,,,,,,,,,,,,,,,,,,,,
,null,,,,,,,,,,,,,,,,,,,,,,,,,,,
,null,,,,,,,,,,,,,,,,,,,,,,,,,,,
,null,,,,,,,,,,,,,,,,,,,,,,,,,,,
,null,,,,,,,,,,,,,,,,,,,,,,,,,,,
,null,,,,,,,,,,,,,,,,,,,,,,,,,,,
,null,,,,,,,,,,,,,,,,,,,,,,,,,,,
,null,,,,,,,,,,,,,,,,,,,,,,,,,,,
,null,,,,,,,,,,,,,,,,,,,,,,,,,,,
,null,,,,,,,,,,,,,,,,,,,,,,,,,,,
,null,,,,,,,,,,,,,,,,,,,,,,,,,,,
,null,,,,,,,,,,,,,,,,,,,,,,,,,,,
,null,,,,,,,,,,,,,,,,,,,,,,,,,,,
,null,,,,,,,,,,,,,,,,,,,,,,,,,,,
,null,,,,,,,,,,,,,,,,,,,,,,,,,,,
,null,,,,,,,,,,,,,,,,,,,,,,,,,,,
,null,,,,,,,,,,,,,,,,,,,,,,,,,,,
,null,,,,,,,,,,,,,,,,,,,,,,,,,,,
,null,,,,,,,,,,,,,,,,,,,,,,,,,,,
,null,,,,,,,,,,,,,,,,,,,,,,,,,,,
,null,,,,,,,,,,,,,,,,,,,,,,,,,,,
,null,,,,,,,,,,,,,,,,,,,,,,,,,,,
,null,,,,,,,,,,,,,,,,,,,,,,,,,,,
,null,,,,,,,,,,,,,,,,,,,,,,,,,,,
,null,,,,,,,,,,,,,,,,,,,,,,,,,,,
,null,,,,,,,,,,,,,,,,,,,,,,,,,,,
,null,,,,,,,,,,,,,,,,,,,,,,,,,,,
,null,,,,,,,,,,,,,,,,,,,,,,,,,,,
,null,,,,,,,,,,,,,,,,,,,,,,,,,,,
,null,,,,,,,,,,,,,,,,,,,,,,,,,,,
,null,,,,,,,,,,,,,,,,,,,,,,,,,,,
,null,,,,,,,,,,,,,,,,,,,,,,,,,,,
,null,,,,,,,,,,,,,,,,,,,,,,,,,,,
,null,,,,,,,,,,,,,,,,,,,,,,,,,,,
,null,,,,,,,,,,,,,,,,,,,,,,,,,,,
,null,,,,,,,,,,,,,,,,,,,,,,,,,,,
,null,,,,,,,,,,,,,,,,,,,,,,,,,,,
,null,,,,,,,,,,,,,,,,,,,,,,,,,,,
,null,,,,,,,,,,,,,,,,,,,,,,,,,,,
,null,,,,,,,,,,,,,,,,,,,,,,,,,,,
,null,,,,,,,,,,,,,,,,,,,,,,,,,,,
,null,,,,,,,,,,,,,,,,,,,,,,,,,,,
,null,,,,,,,,,,,,,,,,,,,,,,,,,,,
,null,,,,,,,,,,,,,,,,,,,,,,,,,,,
,null,,,,,,,,,,,,,,,,,,,,,,,,,,,
,null,,,,,,,,,,,,,,,,,,,,,,,,,,,
,null,,,,,,,,,,,,,,,,,,,,,,,,,,,
,null,,,,,,,,,,,,,,,,,,,,,,,,,,,
,null,,,,,,,,,,,,,,,,,,,,,,,,,,,
,null,,,,,,,,,,,,,,,,,,,,,,,,,,,
,null,,,,,,,,,,,,,,,,,,,,,,,,,,,
,null,,,,,,,,,,,,,,,,,,,,,,,,,,,
,null,,,,,,,,,,,,,,,,,,,,,,,,,,,
,null,,,,,,,,,,,,,,,,,,,,,,,,,,,
,null,,,,,,,,,,,,,,,,,,,,,,,,,,,
,null,,,,,,,,,,,,,,,,,,,,,,,,,,,
,null,,,,,,,,,,,,,,,,,,,,,,,,,,,
,null,,,,,,,,,,,,,,,,,,,,,,,,,,,
,null,,,,,,,,,,,,,,,,,,,,,,,,,,,
,null,,,,,,,,,,,,,,,,,,,,,,,,,,,
,null,,,,,,,,,,,,,,,,,,,,,,,,,,,
,null,,,,,,,,,,,,,,,,,,,,,,,,,,,
,null,,,,,,,,,,,,,,,,,,,,,,,,,,,
,null,,,,,,,,,,,,,,,,,,,,,,,,,,,
,null,,,,,,,,,,,,,,,,,,,,,,,,,,,
,null,,,,,,,,,,,,,,,,,,,,,,,,,,,
,null,,,,,,,,,,,,,,,,,,,,,,,,,,,
,null,,,,,,,,,,,,,,,,,,,,,,,,,,,
,null,,,,,,,,,,,,,,,,,,,,,,,,,,,
,null,,,,,,,,,,,,,,,,,,,,,,,,,,,
,null,,,,,,,,,,,,,,,,,,,,,,,,,,,
,null,,,,,,,,,,,,,,,,,,,,,,,,,,,
,null,,,,,,,,,,,,,,,,,,,,,,,,,,,
,null,,,,,,,,,,,,,,,,,,,,,,,,,,,
,null,,,,,,,,,,,,,,,,,,,,,,,,,,,
,null,,,,,,,,,,,,,,,,,,,,,,,,,,,
,null,,,,,,,,,,,,,,,,,,,,,,,,,,,
,null,,,,,,,,,,,,,,,,,,,,,,,,,,,
,null,,,,,,,,,,,,,,,,,,,,,,,,,,,
,null,,,,,,,,,,,,,,,,,,,,,,,,,,,
,null,,,,,,,,,,,,,,,,,,,,,,,,,,,
,null,,,,,,,,,,,,,,,,,,,,,,,,,,,
,null,,,,,,,,,,,,,,,,,,,,,,,,,,,
,null,,,,,,,,,,,,,,,,,,,,,,,,,,,
,null,,,,,,,,,,,,,,,,,,,,,,,,,,,
,null,,,,,,,,,,,,,,,,,,,,,,,,,,,
,null,,,,,,,,,,,,,,,,,,,,,,,,,,,
,null,,,,,,,,,,,,,,,,,,,,,,,,,,,
,null,,,,,,,,,,,,,,,,,,,,,,,,,,,
,null,,,,,,,,,,,,,,,,,,,,,,,,,,,
,null,,,,,,,,,,,,,,,,,,,,,,,,,,,
,null,,,,,,,,,,,,,,,,,,,,,,,,,,,
,null,,,,,,,,,,,,,,,,,,,,,,,,,,,
,null,,,,,,,,,,,,,,,,,,,,,,,,,,,
,null,,,,,,,,,,,,,,,,,,,,,,,,,,,
,null,,,,,,,,,,,,,,,,,,,,,,,,,,,
,null,,,,,,,,,,,,,,,,,,,,,,,,,,,
,null,,,,,,,,,,,,,,,,,,,,,,,,,,,
,null,,,,,,,,,,,,,,,,,,,,,,,,,,,
,null,,,,,,,,,,,,,,,,,,,,,,,,,,,
,null,,,,,,,,,,,,,,,,,,,,,,,,,,,
,null,,,,,,,,,,,,,,,,,,,,,,,,,,,
,null,,,,,,,,,,,,,,,,,,,,,,,,,,,
,null,,,,,,,,,,,,,,,,,,,,,,,,,,,
,null,,,,,,,,,,,,,,,,,,,,,,,,,,,
,null,,,,,,,,,,,,,,,,,,,,,,,,,,,
,null,,,,,,,,,,,,,,,,,,,,,,,,,,,
,null,,,,,,,,,,,,,,,,,,,,,,,,,,,
,null,,,,,,,,,,,,,,,,,,,,,,,,,,,
,null,,,,,,,,,,,,,,,,,,,,,,,,,,,
,null,,,,,,,,,,,,,,,,,,,,,,,,,,,
,null,,,,,,,,,,,,,,,,,,,,,,,,,,,
,null,,,,,,,,,,,,,,,,,,,,,,,,,,,
,null,,,,,,,,,,,,,,,,,,,,,,,,,,,
,null,,,,,,,,,,,,,,,,,,,,,,,,,,,
,null,,,,,,,,,,,,,,,,,,,,,,,,,,,
,null,,,,,,,,,,,,,,,,,,,,,,,,,,,
,null,,,,,,,,,,,,,,,,,,,,,,,,,,,
,null,,,,,,,,,,,,,,,,,,,,,,,,,,,
,null,,,,,,,,,,,,,,,,,,,,,,,,,,,
,null,,,,,,,,,,,,,,,,,,,,,,,,,,,
,null,,,,,,,,,,,,,,,,,,,,,,,,,,,
,null,,,,,,,,,,,,,,,,,,,,,,,,,,,
,null,,,,,,,,,,,,,,,,,,,,,,,,,,,
,null,,,,,,,,,,,,,,,,,,,,,,,,,,,
,null,,,,,,,,,,,,,,,,,,,,,,,,,,,
,null,,,,,,,,,,,,,,,,,,,,,,,,,,,
,null,,,,,,,,,,,,,,,,,,,,,,,,,,,
,null,,,,,,,,,,,,,,,,,,,,,,,,,,,
,null,,,,,,,,,,,,,,,,,,,,,,,,,,,
,null,,,,,,,,,,,,,,,,,,,,,,,,,,,
,null,,,,,,,,,,,,,,,,,,,,,,,,,,,
,null,,,,,,,,,,,,,,,,,,,,,,,,,,,
,null,,,,,,,,,,,,,,,,,,,,,,,,,,,
,null,,,,,,,,,,,,,,,,,,,,,,,,,,,
,null,,,,,,,,,,,,,,,,,,,,,,,,,,,
,null,,,,,,,,,,,,,,,,,,,,,,,,,,,
,null,,,,,,,,,,,,,,,,,,,,,,,,,,,
,null,,,,,,,,,,,,,,,,,,,,,,,,,,,
,null,,,,,,,,,,,,,,,,,,,,,,,,,,,
,null,,,,,,,,,,,,,,,,,,,,,,,,,,,
,null,,,,,,,,,,,,,,,,,,,,,,,,,,,
,null,,,,,,,,,,,,,,,,,,,,,,,,,,,
,null,,,,,,,,,,,,,,,,,,,,,,,,,,,
,null,,,,,,,,,,,,,,,,,,,,,,,,,,,
,null,,,,,,,,,,,,,,,,,,,,,,,,,,,
,null,,,,,,,,,,,,,,,,,,,,,,,,,,,
,null,,,,,,,,,,,,,,,,,,,,,,,,,,,
,null,,,,,,,,,,,,,,,,,,,,,,,,,,,
,null,,,,,,,,,,,,,,,,,,,,,,,,,,,
,null,,,,,,,,,,,,,,,,,,,,,,,,,,,
,null,,,,,,,,,,,,,,,,,,,,,,,,,,,
,null,,,,,,,,,,,,,,,,,,,,,,,,,,,
,null,,,,,,,,,,,,,,,,,,,,,,,,,,,
,null,,,,,,,,,,,,,,,,,,,,,,,,,,,
,null,,,,,,,,,,,,,,,,,,,,,,,,,,,
,null,,,,,,,,,,,,,,,,,,,,,,,,,,,
,null,,,,,,,,,,,,,,,,,,,,,,,,,,,
,null,,,,,,,,,,,,,,,,,,,,,,,,,,,
,null,,,,,,,,,,,,,,,,,,,,,,,,,,,
,null,,,,,,,,,,,,,,,,,,,,,,,,,,,
,null,,,,,,,,,,,,,,,,,,,,,,,,,,,
,null,,,,,,,,,,,,,,,,,,,,,,,,,,,
,null,,,,,,,,,,,,,,,,,,,,,,,,,,,
,null,,,,,,,,,,,,,,,,,,,,,,,,,,,
,null,,,,,,,,,,,,,,,,,,,,,,,,,,,
,null,,,,,,,,,,,,,,,,,,,,,,,,,,,
,null,,,,,,,,,,,,,,,,,,,,,,,,,,,
,null,,,,,,,,,,,,,,,,,,,,,,,,,,,
,null,,,,,,,,,,,,,,,,,,,,,,,,,,,
,null,,,,,,,,,,,,,,,,,,,,,,,,,,,
,null,,,,,,,,,,,,,,,,,,,,,,,,,,,
,null,,,,,,,,,,,,,,,,,,,,,,,,,,,
,null,,,,,,,,,,,,,,,,,,,,,,,,,,,
,null,,,,,,,,,,,,,,,,,,,,,,,,,,,
,null,,,,,,,,,,,,,,,,,,,,,,,,,,,
,null,,,,,,,,,,,,,,,,,,,,,,,,,,,
,null,,,,,,,,,,,,,,,,,,,,,,,,,,,
,null,,,,,,,,,,,,,,,,,,,,,,,,,,,
,null,,,,,,,,,,,,,,,,,,,,,,,,,,,
,null,,,,,,,,,,,,,,,,,,,,,,,,,,,
,null,,,,,,,,,,,,,,,,,,,,,,,,,,,
,null,,,,,,,,,,,,,,,,,,,,,,,,,,,
,null,,,,,,,,,,,,,,,,,,,,,,,,,,,
,null,,,,,,,,,,,,,,,,,,,,,,,,,,,
,null,,,,,,,,,,,,,,,,,,,,,,,,,,,
,null,,,,,,,,,,,,,,,,,,,,,,,,,,,
,null,,,,,,,,,,,,,,,,,,,,,,,,,,,
,null,,,,,,,,,,,,,,,,,,,,,,,,,,,
,null,,,,,,,,,,,,,,,,,,,,,,,,,,,
,null,,,,,,,,,,,,,,,,,,,,,,,,,,,
,null,,,,,,,,,,,,,,,,,,,,,,,,,,,
,null,,,,,,,,,,,,,,,,,,,,,,,,,,,
,null,,,,,,,,,,,,,,,,,,,,,,,,,,,
,null,,,,,,,,,,,,,,,,,,,,,,,,,,,
,null,,,,,,,,,,,,,,,,,,,,,,,,,,,
,null,,,,,,,,,,,,,,,,,,,,,,,,,,,
,null,,,,,,,,,,,,,,,,,,,,,,,,,,,
,null,,,,,,,,,,,,,,,,,,,,,,,,,,,
,null,,,,,,,,,,,,,,,,,,,,,,,,,,,
,null,,,,,,,,,,,,,,,,,,,,,,,,,,,
,null,,,,,,,,,,,,,,,,,,,,,,,,,,,
,null,,,,,,,,,,,,,,,,,,,,,,,,,,,
,null,,,,,,,,,,,,,,,,,,,,,,,,,,,
,null,,,,,,,,,,,,,,,,,,,,,,,,,,,
,null,,,,,,,,,,,,,,,,,,,,,,,,,,,
,null,,,,,,,,,,,,,,,,,,,,,,,,,,,
,null,,,,,,,,,,,,,,,,,,,,,,,,,,,
,null,,,,,,,,,,,,,,,,,,,,,,,,,,,
,null,,,,,,,,,,,,,,,,,,,,,,,,,,,
,null,,,,,,,,,,,,,,,,,,,,,,,,,,,
,null,,,,,,,,,,,,,,,,,,,,,,,,,,,
,null,,,,,,,,,,,,,,,,,,,,,,,,,,,
,null,,,,,,,,,,,,,,,,,,,,,,,,,,,
,null,,,,,,,,,,,,,,,,,,,,,,,,,,,
,null,,,,,,,,,,,,,,,,,,,,,,,,,,,
,null,,,,,,,,,,,,,,,,,,,,,,,,,,,
,null,,,,,,,,,,,,,,,,,,,,,,,,,,,
,null,,,,,,,,,,,,,,,,,,,,,,,,,,,
,null,,,,,,,,,,,,,,,,,,,,,,,,,,,
,null,,,,,,,,,,,,,,,,,,,,,,,,,,,
,null,,,,,,,,,,,,,,,,,,,,,,,,,,,
,null,,,,,,,,,,,,,,,,,,,,,,,,,,,
,null,,,,,,,,,,,,,,,,,,,,,,,,,,,
,null,,,,,,,,,,,,,,,,,,,,,,,,,,,
,null,,,,,,,,,,,,,,,,,,,,,,,,,,,
,null,,,,,,,,,,,,,,,,,,,,,,,,,,,
,null,,,,,,,,,,,,,,,,,,,,,,,,,,,
,null,,,,,,,,,,,,,,,,,,,,,,,,,,,
,null,,,,,,,,,,,,,,,,,,,,,,,,,,,
,null,,,,,,,,,,,,,,,,,,,,,,,,,,,
,null,,,,,,,,,,,,,,,,,,,,,,,,,,,
,null,,,,,,,,,,,,,,,,,,,,,,,,,,,
,null,,,,,,,,,,,,,,,,,,,,,,,,,,,
,null,,,,,,,,,,,,,,,,,,,,,,,,,,,
,null,,,,,,,,,,,,,,,,,,,,,,,,,,,
,null,,,,,,,,,,,,,,,,,,,,,,,,,,,
,null,,,,,,,,,,,,,,,,,,,,,,,,,,,
,null,,,,,,,,,,,,,,,,,,,,,,,,,,,
,null,,,,,,,,,,,,,,,,,,,,,,,,,,,
,null,,,,,,,,,,,,,,,,,,,,,,,,,,,
,null,,,,,,,,,,,,,,,,,,,,,,,,,,,
,null,,,,,,,,,,,,,,,,,,,,,,,,,,,
,null,,,,,,,,,,,,,,,,,,,,,,,,,,,
,null,,,,,,,,,,,,,,,,,,,,,,,,,,,
,null,,,,,,,,,,,,,,,,,,,,,,,,,,,
,null,,,,,,,,,,,,,,,,,,,,,,,,,,,
,null,,,,,,,,,,,,,,,,,,,,,,,,,,,
,null,,,,,,,,,,,,,,,,,,,,,,,,,,,
,null,,,,,,,,,,,,,,,,,,,,,,,,,,,
,null,,,,,,,,,,,,,,,,,,,,,,,,,,,
,null,,,,,,,,,,,,,,,,,,,,,,,,,,,
,null,,,,,,,,,,,,,,,,,,,,,,,,,,,
,null,,,,,,,,,,,,,,,,,,,,,,,,,,,
,null,,,,,,,,,,,,,,,,,,,,,,,,,,,
,null,,,,,,,,,,,,,,,,,,,,,,,,,,,
,null,,,,,,,,,,,,,,,,,,,,,,,,,,,
,null,,,,,,,,,,,,,,,,,,,,,,,,,,,
,null,,,,,,,,,,,,,,,,,,,,,,,,,,,
,null,,,,,,,,,,,,,,,,,,,,,,,,,,,
,null,,,,,,,,,,,,,,,,,,,,,,,,,,,
,null,,,,,,,,,,,,,,,,,,,,,,,,,,,
,null,,,,,,,,,,,,,,,,,,,,,,,,,,,
,null,,,,,,,,,,,,,,,,,,,,,,,,,,,
,null,,,,,,,,,,,,,,,,,,,,,,,,,,,
,null,,,,,,,,,,,,,,,,,,,,,,,,,,,
,null,,,,,,,,,,,,,,,,,,,,,,,,,,,
,null,,,,,,,,,,,,,,,,,,,,,,,,,,,
,null,,,,,,,,,,,,,,,,,,,,,,,,,,,
,null,,,,,,,,,,,,,,,,,,,,,,,,,,,
,null,,,,,,,,,,,,,,,,,,,,,,,,,,,
,null,,,,,,,,,,,,,,,,,,,,,,,,,,,
,null,,,,,,,,,,,,,,,,,,,,,,,,,,,
,null,,,,,,,,,,,,,,,,,,,,,,,,,,,
,null,,,,,,,,,,,,,,,,,,,,,,,,,,,
,null,,,,,,,,,,,,,,,,,,,,,,,,,,,
,null,,,,,,,,,,,,,,,,,,,,,,,,,,,
,null,,,,,,,,,,,,,,,,,,,,,,,,,,,
,null,,,,,,,,,,,,,,,,,,,,,,,,,,,
,null,,,,,,,,,,,,,,,,,,,,,,,,,,,
,null,,,,,,,,,,,,,,,,,,,,,,,,,,,
,null,,,,,,,,,,,,,,,,,,,,,,,,,,,
,null,,,,,,,,,,,,,,,,,,,,,,,,,,,
,null,,,,,,,,,,,,,,,,,,,,,,,,,,,
,null,,,,,,,,,,,,,,,,,,,,,,,,,,,
,null,,,,,,,,,,,,,,,,,,,,,,,,,,,
,null,,,,,,,,,,,,,,,,,,,,,,,,,,,
,null,,,,,,,,,,,,,,,,,,,,,,,,,,,
,null,,,,,,,,,,,,,,,,,,,,,,,,,,,
,null,,,,,,,,,,,,,,,,,,,,,,,,,,,
,null,,,,,,,,,,,,,,,,,,,,,,,,,,,
,null,,,,,,,,,,,,,,,,,,,,,,,,,,,
,null,,,,,,,,,,,,,,,,,,,,,,,,,,,
,null,,,,,,,,,,,,,,,,,,,,,,,,,,,
,null,,,,,,,,,,,,,,,,,,,,,,,,,,,
,null,,,,,,,,,,,,,,,,,,,,,,,,,,,
,null,,,,,,,,,,,,,,,,,,,,,,,,,,,
,null,,,,,,,,,,,,,,,,,,,,,,,,,,,
,null,,,,,,,,,,,,,,,,,,,,,,,,,,,
,null,,,,,,,,,,,,,,,,,,,,,,,,,,,
,null,,,,,,,,,,,,,,,,,,,,,,,,,,,
,null,,,,,,,,,,,,,,,,,,,,,,,,,,,
,null,,,,,,,,,,,,,,,,,,,,,,,,,,,
,null,,,,,,,,,,,,,,,,,,,,,,,,,,,
,null,,,,,,,,,,,,,,,,,,,,,,,,,,,
,null,,,,,,,,,,,,,,,,,,,,,,,,,,,
,null,,,,,,,,,,,,,,,,,,,,,,,,,,,
,null,,,,,,,,,,,,,,,,,,,,,,,,,,,
,null,,,,,,,,,,,,,,,,,,,,,,,,,,,
,null,,,,,,,,,,,,,,,,,,,,,,,,,,,
,null,,,,,,,,,,,,,,,,,,,,,,,,,,,
,null,,,,,,,,,,,,,,,,,,,,,,,,,,,
,null,,,,,,,,,,,,,,,,,,,,,,,,,,,
,null,,,,,,,,,,,,,,,,,,,,,,,,,,,
,null,,,,,,,,,,,,,,,,,,,,,,,,,,,
,null,,,,,,,,,,,,,,,,,,,,,,,,,,,
,null,,,,,,,,,,,,,,,,,,,,,,,,,,,
,null,,,,,,,,,,,,,,,,,,,,,,,,,,,
,null,,,,,,,,,,,,,,,,,,,,,,,,,,,
,null,,,,,,,,,,,,,,,,,,,,,,,,,,,
,null,,,,,,,,,,,,,,,,,,,,,,,,,,,
,null,,,,,,,,,,,,,,,,,,,,,,,,,,,
,null,,,,,,,,,,,,,,,,,,,,,,,,,,,
,null,,,,,,,,,,,,,,,,,,,,,,,,,,,
,null,,,,,,,,,,,,,,,,,,,,,,,,,,,
,null,,,,,,,,,,,,,,,,,,,,,,,,,,,
,null,,,,,,,,,,,,,,,,,,,,,,,,,,,
,null,,,,,,,,,,,,,,,,,,,,,,,,,,,
,null,,,,,,,,,,,,,,,,,,,,,,,,,,,
,null,,,,,,,,,,,,,,,,,,,,,,,,,,,
,null,,,,,,,,,,,,,,,,,,,,,,,,,,,
,null,,,,,,,,,,,,,,,,,,,,,,,,,,,
,null,,,,,,,,,,,,,,,,,,,,,,,,,,,
,null,,,,,,,,,,,,,,,,,,,,,,,,,,,
,null,,,,,,,,,,,,,,,,,,,,,,,,,,,
,null,,,,,,,,,,,,,,,,,,,,,,,,,,,
,null,,,,,,,,,,,,,,,,,,,,,,,,,,,
,null,,,,,,,,,,,,,,,,,,,,,,,,,,,
,null,,,,,,,,,,,,,,,,,,,,,,,,,,,
,null,,,,,,,,,,,,,,,,,,,,,,,,,,,
,null,,,,,,,,,,,,,,,,,,,,,,,,,,,
,null,,,,,,,,,,,,,,,,,,,,,,,,,,,
,null,,,,,,,,,,,,,,,,,,,,,,,,,,,
,null,,,,,,,,,,,,,,,,,,,,,,,,,,,
,null,,,,,,,,,,,,,,,,,,,,,,,,,,,
,null,,,,,,,,,,,,,,,,,,,,,,,,,,,
,null,,,,,,,,,,,,,,,,,,,,,,,,,,,
,null,,,,,,,,,,,,,,,,,,,,,,,,,,,
,null,,,,,,,,,,,,,,,,,,,,,,,,,,,
,null,,,,,,,,,,,,,,,,,,,,,,,,,,,
,null,,,,,,,,,,,,,,,,,,,,,,,,,,,
,null,,,,,,,,,,,,,,,,,,,,,,,,,,,
,null,,,,,,,,,,,,,,,,,,,,,,,,,,,
,null,,,,,,,,,,,,,,,,,,,,,,,,,,,
,null,,,,,,,,,,,,,,,,,,,,,,,,,,,
,null,,,,,,,,,,,,,,,,,,,,,,,,,,,
,null,,,,,,,,,,,,,,,,,,,,,,,,,,,
,null,,,,,,,,,,,,,,,,,,,,,,,,,,,
,null,,,,,,,,,,,,,,,,,,,,,,,,,,,
,null,,,,,,,,,,,,,,,,,,,,,,,,,,,
,null,,,,,,,,,,,,,,,,,,,,,,,,,,,
,null,,,,,,,,,,,,,,,,,,,,,,,,,,,
,null,,,,,,,,,,,,,,,,,,,,,,,,,,,
,null,,,,,,,,,,,,,,,,,,,,,,,,,,,
,null,,,,,,,,,,,,,,,,,,,,,,,,,,,
,null,,,,,,,,,,,,,,,,,,,,,,,,,,,
,null,,,,,,,,,,,,,,,,,,,,,,,,,,,
,null,,,,,,,,,,,,,,,,,,,,,,,,,,,
,null,,,,,,,,,,,,,,,,,,,,,,,,,,,
,null,,,,,,,,,,,,,,,,,,,,,,,,,,,
,null,,,,,,,,,,,,,,,,,,,,,,,,,,,
,null,,,,,,,,,,,,,,,,,,,,,,,,,,,
,null,,,,,,,,,,,,,,,,,,,,,,,,,,,
,null,,,,,,,,,,,,,,,,,,,,,,,,,,,
,null,,,,,,,,,,,,,,,,,,,,,,,,,,,
,null,,,,,,,,,,,,,,,,,,,,,,,,,,,
,null,,,,,,,,,,,,,,,,,,,,,,,,,,,
,null,,,,,,,,,,,,,,,,,,,,,,,,,,,
,null,,,,,,,,,,,,,,,,,,,,,,,,,,,
,null,,,,,,,,,,,,,,,,,,,,,,,,,,,
,null,,,,,,,,,,,,,,,,,,,,,,,,,,,
,null,,,,,,,,,,,,,,,,,,,,,,,,,,,
,null,,,,,,,,,,,,,,,,,,,,,,,,,,,
,null,,,,,,,,,,,,,,,,,,,,,,,,,,,
,null,,,,,,,,,,,,,,,,,,,,,,,,,,,
,null,,,,,,,,,,,,,,,,,,,,,,,,,,,
,null,,,,,,,,,,,,,,,,,,,,,,,,,,,
,null,,,,,,,,,,,,,,,,,,,,,,,,,,,
,null,,,,,,,,,,,,,,,,,,,,,,,,,,,
,null,,,,,,,,,,,,,,,,,,,,,,,,,,,
,null,,,,,,,,,,,,,,,,,,,,,,,,,,,
,null,,,,,,,,,,,,,,,,,,,,,,,,,,,
,null,,,,,,,,,,,,,,,,,,,,,,,,,,,
,null,,,,,,,,,,,,,,,,,,,,,,,,,,,
,null,,,,,,,,,,,,,,,,,,,,,,,,,,,
,null,,,,,,,,,,,,,,,,,,,,,,,,,,,
,null,,,,,,,,,,,,,,,,,,,,,,,,,,,
,null,,,,,,,,,,,,,,,,,,,,,,,,,,,
,null,,,,,,,,,,,,,,,,,,,,,,,,,,,
,null,,,,,,,,,,,,,,,,,,,,,,,,,,,
,null,,,,,,,,,,,,,,,,,,,,,,,,,,,
,null,,,,,,,,,,,,,,,,,,,,,,,,,,,
,null,,,,,,,,,,,,,,,,,,,,,,,,,,,
,null,,,,,,,,,,,,,,,,,,,,,,,,,,,
,null,,,,,,,,,,,,,,,,,,,,,,,,,,,
,null,,,,,,,,,,,,,,,,,,,,,,,,,,,
,null,,,,,,,,,,,,,,,,,,,,,,,,,,,
,null,,,,,,,,,,,,,,,,,,,,,,,,,,,
,null,,,,,,,,,,,,,,,,,,,,,,,,,,,
,null,,,,,,,,,,,,,,,,,,,,,,,,,,,
,null,,,,,,,,,,,,,,,,,,,,,,,,,,,
,null,,,,,,,,,,,,,,,,,,,,,,,,,,,
,null,,,,,,,,,,,,,,,,,,,,,,,,,,,
,null,,,,,,,,,,,,,,,,,,,,,,,,,,,
,null,,,,,,,,,,,,,,,,,,,,,,,,,,,
,null,,,,,,,,,,,,,,,,,,,,,,,,,,,
,null,,,,,,,,,,,,,,,,,,,,,,,,,,,
,null,,,,,,,,,,,,,,,,,,,,,,,,,,,
,null,,,,,,,,,,,,,,,,,,,,,,,,,,,
,null,,,,,,,,,,,,,,,,,,,,,,,,,,,
,null,,,,,,,,,,,,,,,,,,,,,,,,,,,
,null,,,,,,,,,,,,,,,,,,,,,,,,,,,
,null,,,,,,,,,,,,,,,,,,,,,,,,,,,
,null,,,,,,,,,,,,,,,,,,,,,,,,,,,
,null,,,,,,,,,,,,,,,,,,,,,,,,,,,
,null,,,,,,,,,,,,,,,,,,,,,,,,,,,
,null,,,,,,,,,,,,,,,,,,,,,,,,,,,
,null,,,,,,,,,,,,,,,,,,,,,,,,,,,
,null,,,,,,,,,,,,,,,,,,,,,,,,,,,
,null,,,,,,,,,,,,,,,,,,,,,,,,,,,
,null,,,,,,,,,,,,,,,,,,,,,,,,,,,
,null,,,,,,,,,,,,,,,,,,,,,,,,,,,
,null,,,,,,,,,,,,,,,,,,,,,,,,,,,
,null,,,,,,,,,,,,,,,,,,,,,,,,,,,
,null,,,,,,,,,,,,,,,,,,,,,,,,,,,
,null,,,,,,,,,,,,,,,,,,,,,,,,,,,
,null,,,,,,,,,,,,,,,,,,,,,,,,,,,
,null,,,,,,,,,,,,,,,,,,,,,,,,,,,
,null,,,,,,,,,,,,,,,,,,,,,,,,,,,
,null,,,,,,,,,,,,,,,,,,,,,,,,,,,
,null,,,,,,,,,,,,,,,,,,,,,,,,,,,
,null,,,,,,,,,,,,,,,,,,,,,,,,,,,
,null,,,,,,,,,,,,,,,,,,,,,,,,,,,
,null,,,,,,,,,,,,,,,,,,,,,,,,,,,
,null,,,,,,,,,,,,,,,,,,,,,,,,,,,
,null,,,,,,,,,,,,,,,,,,,,,,,,,,,
,null,,,,,,,,,,,,,,,,,,,,,,,,,,,
,null,,,,,,,,,,,,,,,,,,,,,,,,,,,
,null,,,,,,,,,,,,,,,,,,,,,,,,,,,
,null,,,,,,,,,,,,,,,,,,,,,,,,,,,
,null,,,,,,,,,,,,,,,,,,,,,,,,,,,
,null,,,,,,,,,,,,,,,,,,,,,,,,,,,
,null,,,,,,,,,,,,,,,,,,,,,,,,,,,
,null,,,,,,,,,,,,,,,,,,,,,,,,,,,
,null,,,,,,,,,,,,,,,,,,,,,,,,,,,
,null,,,,,,,,,,,,,,,,,,,,,,,,,,,
,null,,,,,,,,,,,,,,,,,,,,,,,,,,,
,null,,,,,,,,,,,,,,,,,,,,,,,,,,,
,null,,,,,,,,,,,,,,,,,,,,,,,,,,,
,null,,,,,,,,,,,,,,,,,,,,,,,,,,,
,null,,,,,,,,,,,,,,,,,,,,,,,,,,,
,null,,,,,,,,,,,,,,,,,,,,,,,,,,,
,null,,,,,,,,,,,,,,,,,,,,,,,,,,,
,null,,,,,,,,,,,,,,,,,,,,,,,,,,,
,null,,,,,,,,,,,,,,,,,,,,,,,,,,,
,null,,,,,,,,,,,,,,,,,,,,,,,,,,,
,null,,,,,,,,,,,,,,,,,,,,,,,,,,,
,null,,,,,,,,,,,,,,,,,,,,,,,,,,,
,null,,,,,,,,,,,,,,,,,,,,,,,,,,,
,null,,,,,,,,,,,,,,,,,,,,,,,,,,,
,null,,,,,,,,,,,,,,,,,,,,,,,,,,,
,null,,,,,,,,,,,,,,,,,,,,,,,,,,,
,null,,,,,,,,,,,,,,,,,,,,,,,,,,,
